year,quarter,county,zev_sales,total_ldv_sales,non_zev_sales,zev_share,quarter_start,quarter_label,quarter_end,time_index,quarter_days,q1_dummy,q2_dummy,q3_dummy,q4_dummy,federal_credit_exposure,federal_credit_pullforward_q3_2025,post_federal_credit,cvrp_exposure,post_cvrp,war_exposure,war_transition_q1_2026,post_war_full_quarter,event_phase,bev_sales,fcev_sales,phev_sales,other_zev_sales,distinct_model_records,top_5_model_share,tesla_share_of_zev,bev_share_of_zev,phev_share_of_zev,fcev_share_of_zev,zev_reconciliation_difference,ca_regular_gas_avg,ca_regular_gas_last,gas_weekly_observations,gas_qoq_pct_change,auto_loan_60m_rate,ca_residential_electricity_cents_kwh,electricity_months_observed,cpi_new_vehicles_sa,new_cpi_months_observed,cpi_used_cars_trucks_sa,used_cpi_months_observed,ca_unemployment_rate_sa,unemployment_months_observed,cpi_new_vehicles_qoq_pct,cpi_used_cars_trucks_qoq_pct,monthly_control_completeness_flag,trends_electric_vehicle,trends_used_electric_car,trends_ev_lease,trends_ev_tax_credit,trends_tesla_model_y,trends_gas_prices_near_me,trends_hybrid_car,trends_used_car,trends_car_loan,google_trends_weeks_observed,selected_manufacturer_event_count,selected_max_msrp_reduction_usd,selected_max_cash_incentive_usd
2023,1,Alameda,6954,16351,9397,0.42529508898538315,2023-01-01,2023 Q1,2023-03-31,1,90,1,0,0,0,1,0,0,1,0,0,0,0,Pre-credit rolloff / pre-war,83811,790,14684,0,90,0.5995568313441104,0.5098252505413708,0.8441456413355491,0.147897466888251,0.007956891776199829,0,4.461384615384615,4.634,13,,7.48,28.036666666666665,3,178.34199999999998,3,188.251,3,4.466666666666667,3,,,COMPLETE,28.76923076923077,6.230769230769231,2.3846153846153846,9.923076923076923,65.53846153846153,26.698224852071007,53.58579881656805,187.83431952662724,17.79881656804734,13,0,0,0
2023,2,Alameda,6562,16687,10125,0.3932402468987835,2023-04-01,2023 Q2,2023-06-30,2,91,0,1,0,0,1,0,0,1,0,0,0,0,Pre-credit rolloff / pre-war,103367,972,15215,0,99,0.6270890141693294,0.5796125600147214,0.8646051156799438,0.12726466701239608,0.008130217307660137,0,4.6605384615384615,4.649,13,0.044639470326563124,7.81,30.253333333333334,3,178.84066666666666,3,196.347,3,4.566666666666666,3,0.0027961257957558328,0.04300641165252772,COMPLETE,27.923076923076923,5.769230769230769,4.076923076923077,9.153846153846153,64.07692307692308,24.236686390532547,56.426035502958584,176.85207100591717,17.988165680473376,13,0,0,0
2023,3,Alameda,6627,16297,9670,0.40663925875928086,2023-07-01,2023 Q3,2023-09-30,3,92,0,0,1,0,1,0,0,1,0,0,0,0,Pre-credit rolloff / pre-war,100380,1135,17422,0,104,0.5617007323204721,0.5060241976844885,0.8439762227061386,0.14648091006162928,0.00954286723223219,0,5.02476923076923,5.699,13,0.0781520788287915,7.88,29.813333333333333,3,179.192,3,191.143,3,4.8,3,0.001964504717420823,-0.026504097337876398,COMPLETE,31.692307692307693,6.153846153846154,4.076923076923077,7.153846153846154,57.69230769230769,35.40828402366864,57.94082840236687,177.23076923076923,17.230769230769234,13,0,0,0
2023,4,Alameda,5145,14272,9127,0.36049607623318386,2023-10-01,2023 Q4,2023-12-31,4,92,0,0,0,1,1,0,0,0.41304347826086957,0,0,0,0,Pre-credit rolloff / pre-war,86827,220,15454,0,107,0.4996243939083521,0.4510102340464971,0.8470844186885982,0.15076926078769964,0.0021463205237022076,0,4.944461538461539,4.371,13,-0.015982364287682405,8.15,30.14666666666667,3,179.22033333333334,3,188.96433333333331,3,5.033333333333333,3,1.581171778501922e-4,-0.011398098108048371,COMPLETE,28.571428571428573,5.928571428571429,4.071428571428571,6.285714285714286,56.92857142857143,30.24175824175824,52.57142857142858,156.65934065934067,15.296703296703297,14,0,0,0
2024,1,Alameda,5693,14884,9191,0.38249126578876647,2024-01-01,2024 Q1,2024-03-31,5,91,1,0,0,0,1,0,0,0,1,0,0,0,Pre-credit rolloff / pre-war,86431,197,16389,0,109,0.4961317064173874,0.4692720618926973,0.8389974470233068,0.15909024724074666,0.0019123057359464943,0,4.493692307692307,4.801,13,-0.09116649553501988,8.22,31.163333333333334,3,178.98266666666666,3,184.34766666666667,3,5.133333333333333,3,-0.0013261144103813294,-0.024431418274700745,COMPLETE,29.23076923076923,5.461538461538462,2.769230769230769,6.153846153846154,58.76923076923077,18.93491124260355,54.34319526627219,173.63313609467457,15.526627218934912,13,0,0,0
2024,2,Alameda,5674,14588,8914,0.38894982177131887,2024-04-01,2024 Q2,2024-06-30,6,91,0,1,0,0,1,0,0,0,1,0,0,0,Pre-credit rolloff / pre-war,100124,94,16596,0,111,0.5129350933963395,0.4688992757717397,0.8571232900166076,0.1420720119163799,8.046980670125156e-4,0,4.953461538461538,4.564,13,0.10231435516450404,8.2,34.093333333333334,3,177.66833333333332,3,180.175,3,5.233333333333333,3,-0.007343355408717445,-0.022634768001764782,COMPLETE,28.76923076923077,5.461538461538462,6.846153846153846,5.846153846153846,70.92307692307692,21.396449704142015,61.159763313609474,171.55029585798817,17.230769230769234,13,0,0,0
2024,3,Alameda,5510,14901,9391,0.36977384068183344,2024-07-01,2024 Q3,2024-09-30,7,92,0,0,1,0,1,0,0,0,1,0,0,0,Pre-credit rolloff / pre-war,99738,128,15374,0,126,0.5170079833391183,0.4686827490454703,0.8654807358556057,0.13340853870183964,0.0011107254425546686,0,4.425285714285715,4.412,14,-0.10662762193160502,8.4,31.926666666666666,3,177.11233333333334,3,175.28166666666667,3,5.4,3,-0.0031294265532216814,-0.02715878081494849,COMPLETE,27,5.3076923076923075,9,5.076923076923077,57.69230769230769,18.55621301775148,58.130177514792905,173.06508875739647,16.09467455621302,13,0,0,0
2024,4,Alameda,5443,14798,9355,0.36781997567238817,2024-10-01,2024 Q4,2024-12-31,8,92,0,0,0,1,1,0,0,0,1,0,0,0,Pre-credit rolloff / pre-war,92617,181,15505,0,138,0.4802083044791003,0.40662770191038106,0.8551656002142138,0.14316316260860734,0.001671237177178841,0,4.2403076923076926,4.105,13,-0.041800243853380104,7.82,31.083333333333336,3,177.79033333333334,3,179.781,3,5.4,3,0.0038280789781248714,0.025669161064572288,COMPLETE,24.846153846153847,5.384615384615385,8.692307692307692,6.153846153846154,57.30769230769231,15.905325443786984,54.72189349112426,160.18934911242604,15.147928994082841,13,2,6000,7500
2025,1,Alameda,5542,14932,9390,0.3711492097508706,2025-01-01,2025 Q1,2025-03-31,9,90,1,0,0,0,1,0,0,0,1,0,0,0,Pre-credit rolloff / pre-war,85610,68,15275,0,150,0.4294968945945143,0.3761453349578517,0.8480183847929235,0.15130803443186433,6.735807752122274e-4,0,4.388538461538461,4.585,13,0.03495755025034453,8.04,31.493333333333332,3,178.54733333333334,3,185.72533333333334,3,5.4,3,0.0042578242911595066,0.03306430230854951,COMPLETE,26.076923076923077,5.461538461538462,8,5,55,19.124260355029588,56.426035502958584,181.01775147928996,16.284023668639055,13,1,0,0
2025,2,Alameda,5084,15178,10094,0.3349584925550138,2025-04-01,2025 Q2,2025-06-30,10,91,0,1,0,0,1,0,0,0,1,0,0,0,Pre-credit rolloff / pre-war,84693,62,16868,0,152,0.47184200427068673,0.4086082874939728,0.833403855426429,0.1659860464658591,6.100981077118368e-4,0,4.5673076923076925,4.36,13,0.04073548228777768,7.67,33.56666666666667,3,178.27566666666667,3,183.76566666666668,3,5.466666666666667,3,-0.0015215386396137953,-0.01055142360762129,COMPLETE,24.46153846153846,5.769230769230769,8.384615384615385,4.384615384615385,55.23076923076923,21.396449704142015,57.18343195266272,168.71005917159766,14.958579881656807,13,0,0,0
2025,3,Alameda,6954,16205,9251,0.4291268127121259,2025-07-01,2025 Q3,2025-09-30,11,92,0,0,1,0,1,1,0,0,1,0,0,0,Credit-expiration pull-forward,110380,114,16595,0,149,0.5028759373352533,0.3980674960067354,0.8685252067448795,0.13057778407257906,8.970091825413687e-4,0,4.343,4.446,13,-0.049111578947368506,7.64,32.11666666666667,3,178.20466666666667,3,184.62466666666666,3,5.5,3,-3.9825962414008487e-4,0.00467443138634871,COMPLETE,27.46153846153846,5.384615384615385,12.307692307692308,8.692307692307692,68,16.09467455621302,65.13609467455622,184.4260355029586,15.905325443786984,13,0,0,0
2025,4,Alameda,4917,14635,9718,0.3359754014349163,2025-10-01,2025 Q4,2025-12-31,12,92,0,0,0,1,0,0,1,0,1,0,0,0,Post-credit / pre-war,70360,119,8587,0,151,0.5716490020995117,0.500379429843422,0.8898894594389497,0.10860546884880985,0.0015050717122404068,0,4.339846153846154,4.042,13,-7.261906870471568e-4,7.24,33.4,3,178.82533333333333,3,185.69233333333332,3,5.5,2,0.003482886718267686,0.0057829036928975786,PARTIAL,20.76923076923077,3.1538461538461537,5.6923076923076925,0.23076923076923075,54.61538461538461,15.526627218934912,57.18343195266272,159.81065088757398,14.011834319526628,13,1,9800,7500
2026,1,Alameda,4033,13267,9234,0.30398733700158287,2026-01-01,2026 Q1,2026-03-31,13,90,1,0,0,0,0,0,1,0,1,0.35555555555555557,1,0,War transition quarter,56856,90,7722,0,137,0.5655038040452774,0.500742252737057,0.8791983670439785,0.11940990907403971,0.0013917238819818147,0,4.591538461538462,5.711,13,0.057995675139139946,7.53,32.28666666666667,3,179.31433333333334,3,180.56266666666667,3,5.366666666666667,3,0.0027345118886958897,-0.02762454741445075,COMPLETE,33,7.307692307692308,5.307692307692308,0.6923076923076922,61.30769230769231,41.08875739644971,85.20710059171599,196.92307692307693,19.124260355029588,13,0,0,0
2026,2,Alameda,4721,13942,9221,0.3386171281021374,2026-04-01,2026 Q2,2026-06-30,14,91,0,1,0,0,0,0,1,0,1,1,0,1,Full post-war quarter,75597,81,11179,0,148,0.5973611798703616,0.5192673014264826,0.870361628884258,0.12870580379244045,9.325673233015186e-4,0,5.728,5.245,13,0.247512146088122,7.14,35.25,1,178.852,3,179.806,3,5.3,2,-0.0025783400843584214,-0.004190604185435154,PARTIAL,49.84615384615385,17.46153846153846,8.076923076923077,0,79.15384615384616,38.81656804733728,153.37278106508876,234.98224852071007,23.479289940828405,13,0,0,0
2023,1,Alpine,4,10,6,0.4,2023-01-01,2023 Q1,2023-03-31,1,90,1,0,0,0,1,0,0,1,0,0,0,0,Pre-credit rolloff / pre-war,83811,790,14684,0,90,0.5995568313441104,0.5098252505413708,0.8441456413355491,0.147897466888251,0.007956891776199829,0,4.461384615384615,4.634,13,,7.48,28.036666666666665,3,178.34199999999998,3,188.251,3,4.466666666666667,3,,,COMPLETE,28.76923076923077,6.230769230769231,2.3846153846153846,9.923076923076923,65.53846153846153,26.698224852071007,53.58579881656805,187.83431952662724,17.79881656804734,13,0,0,0
2023,2,Alpine,0,7,7,0,2023-04-01,2023 Q2,2023-06-30,2,91,0,1,0,0,1,0,0,1,0,0,0,0,Pre-credit rolloff / pre-war,103367,972,15215,0,99,0.6270890141693294,0.5796125600147214,0.8646051156799438,0.12726466701239608,0.008130217307660137,0,4.6605384615384615,4.649,13,0.044639470326563124,7.81,30.253333333333334,3,178.84066666666666,3,196.347,3,4.566666666666666,3,0.0027961257957558328,0.04300641165252772,COMPLETE,27.923076923076923,5.769230769230769,4.076923076923077,9.153846153846153,64.07692307692308,24.236686390532547,56.426035502958584,176.85207100591717,17.988165680473376,13,0,0,0
2023,3,Alpine,2,5,3,0.4,2023-07-01,2023 Q3,2023-09-30,3,92,0,0,1,0,1,0,0,1,0,0,0,0,Pre-credit rolloff / pre-war,100380,1135,17422,0,104,0.5617007323204721,0.5060241976844885,0.8439762227061386,0.14648091006162928,0.00954286723223219,0,5.02476923076923,5.699,13,0.0781520788287915,7.88,29.813333333333333,3,179.192,3,191.143,3,4.8,3,0.001964504717420823,-0.026504097337876398,COMPLETE,31.692307692307693,6.153846153846154,4.076923076923077,7.153846153846154,57.69230769230769,35.40828402366864,57.94082840236687,177.23076923076923,17.230769230769234,13,0,0,0
2023,4,Alpine,0,8,8,0,2023-10-01,2023 Q4,2023-12-31,4,92,0,0,0,1,1,0,0,0.41304347826086957,0,0,0,0,Pre-credit rolloff / pre-war,86827,220,15454,0,107,0.4996243939083521,0.4510102340464971,0.8470844186885982,0.15076926078769964,0.0021463205237022076,0,4.944461538461539,4.371,13,-0.015982364287682405,8.15,30.14666666666667,3,179.22033333333334,3,188.96433333333331,3,5.033333333333333,3,1.581171778501922e-4,-0.011398098108048371,COMPLETE,28.571428571428573,5.928571428571429,4.071428571428571,6.285714285714286,56.92857142857143,30.24175824175824,52.57142857142858,156.65934065934067,15.296703296703297,14,0,0,0
2024,1,Alpine,1,10,9,0.1,2024-01-01,2024 Q1,2024-03-31,5,91,1,0,0,0,1,0,0,0,1,0,0,0,Pre-credit rolloff / pre-war,86431,197,16389,0,109,0.4961317064173874,0.4692720618926973,0.8389974470233068,0.15909024724074666,0.0019123057359464943,0,4.493692307692307,4.801,13,-0.09116649553501988,8.22,31.163333333333334,3,178.98266666666666,3,184.34766666666667,3,5.133333333333333,3,-0.0013261144103813294,-0.024431418274700745,COMPLETE,29.23076923076923,5.461538461538462,2.769230769230769,6.153846153846154,58.76923076923077,18.93491124260355,54.34319526627219,173.63313609467457,15.526627218934912,13,0,0,0
2024,2,Alpine,4,10,6,0.4,2024-04-01,2024 Q2,2024-06-30,6,91,0,1,0,0,1,0,0,0,1,0,0,0,Pre-credit rolloff / pre-war,100124,94,16596,0,111,0.5129350933963395,0.4688992757717397,0.8571232900166076,0.1420720119163799,8.046980670125156e-4,0,4.953461538461538,4.564,13,0.10231435516450404,8.2,34.093333333333334,3,177.66833333333332,3,180.175,3,5.233333333333333,3,-0.007343355408717445,-0.022634768001764782,COMPLETE,28.76923076923077,5.461538461538462,6.846153846153846,5.846153846153846,70.92307692307692,21.396449704142015,61.159763313609474,171.55029585798817,17.230769230769234,13,0,0,0
2024,3,Alpine,1,15,14,0.06666666666666667,2024-07-01,2024 Q3,2024-09-30,7,92,0,0,1,0,1,0,0,0,1,0,0,0,Pre-credit rolloff / pre-war,99738,128,15374,0,126,0.5170079833391183,0.4686827490454703,0.8654807358556057,0.13340853870183964,0.0011107254425546686,0,4.425285714285715,4.412,14,-0.10662762193160502,8.4,31.926666666666666,3,177.11233333333334,3,175.28166666666667,3,5.4,3,-0.0031294265532216814,-0.02715878081494849,COMPLETE,27,5.3076923076923075,9,5.076923076923077,57.69230769230769,18.55621301775148,58.130177514792905,173.06508875739647,16.09467455621302,13,0,0,0
2024,4,Alpine,1,10,9,0.1,2024-10-01,2024 Q4,2024-12-31,8,92,0,0,0,1,1,0,0,0,1,0,0,0,Pre-credit rolloff / pre-war,92617,181,15505,0,138,0.4802083044791003,0.40662770191038106,0.8551656002142138,0.14316316260860734,0.001671237177178841,0,4.2403076923076926,4.105,13,-0.041800243853380104,7.82,31.083333333333336,3,177.79033333333334,3,179.781,3,5.4,3,0.0038280789781248714,0.025669161064572288,COMPLETE,24.846153846153847,5.384615384615385,8.692307692307692,6.153846153846154,57.30769230769231,15.905325443786984,54.72189349112426,160.18934911242604,15.147928994082841,13,2,6000,7500
2025,1,Alpine,0,3,3,0,2025-01-01,2025 Q1,2025-03-31,9,90,1,0,0,0,1,0,0,0,1,0,0,0,Pre-credit rolloff / pre-war,85610,68,15275,0,150,0.4294968945945143,0.3761453349578517,0.8480183847929235,0.15130803443186433,6.735807752122274e-4,0,4.388538461538461,4.585,13,0.03495755025034453,8.04,31.493333333333332,3,178.54733333333334,3,185.72533333333334,3,5.4,3,0.0042578242911595066,0.03306430230854951,COMPLETE,26.076923076923077,5.461538461538462,8,5,55,19.124260355029588,56.426035502958584,181.01775147928996,16.284023668639055,13,1,0,0
2025,2,Alpine,2,12,10,0.16666666666666666,2025-04-01,2025 Q2,2025-06-30,10,91,0,1,0,0,1,0,0,0,1,0,0,0,Pre-credit rolloff / pre-war,84693,62,16868,0,152,0.47184200427068673,0.4086082874939728,0.833403855426429,0.1659860464658591,6.100981077118368e-4,0,4.5673076923076925,4.36,13,0.04073548228777768,7.67,33.56666666666667,3,178.27566666666667,3,183.76566666666668,3,5.466666666666667,3,-0.0015215386396137953,-0.01055142360762129,COMPLETE,24.46153846153846,5.769230769230769,8.384615384615385,4.384615384615385,55.23076923076923,21.396449704142015,57.18343195266272,168.71005917159766,14.958579881656807,13,0,0,0
2025,3,Alpine,2,6,4,0.3333333333333333,2025-07-01,2025 Q3,2025-09-30,11,92,0,0,1,0,1,1,0,0,1,0,0,0,Credit-expiration pull-forward,110380,114,16595,0,149,0.5028759373352533,0.3980674960067354,0.8685252067448795,0.13057778407257906,8.970091825413687e-4,0,4.343,4.446,13,-0.049111578947368506,7.64,32.11666666666667,3,178.20466666666667,3,184.62466666666666,3,5.5,3,-3.9825962414008487e-4,0.00467443138634871,COMPLETE,27.46153846153846,5.384615384615385,12.307692307692308,8.692307692307692,68,16.09467455621302,65.13609467455622,184.4260355029586,15.905325443786984,13,0,0,0
2025,4,Alpine,1,13,12,0.07692307692307693,2025-10-01,2025 Q4,2025-12-31,12,92,0,0,0,1,0,0,1,0,1,0,0,0,Post-credit / pre-war,70360,119,8587,0,151,0.5716490020995117,0.500379429843422,0.8898894594389497,0.10860546884880985,0.0015050717122404068,0,4.339846153846154,4.042,13,-7.261906870471568e-4,7.24,33.4,3,178.82533333333333,3,185.69233333333332,3,5.5,2,0.003482886718267686,0.0057829036928975786,PARTIAL,20.76923076923077,3.1538461538461537,5.6923076923076925,0.23076923076923075,54.61538461538461,15.526627218934912,57.18343195266272,159.81065088757398,14.011834319526628,13,1,9800,7500
2026,1,Alpine,0,5,5,0,2026-01-01,2026 Q1,2026-03-31,13,90,1,0,0,0,0,0,1,0,1,0.35555555555555557,1,0,War transition quarter,56856,90,7722,0,137,0.5655038040452774,0.500742252737057,0.8791983670439785,0.11940990907403971,0.0013917238819818147,0,4.591538461538462,5.711,13,0.057995675139139946,7.53,32.28666666666667,3,179.31433333333334,3,180.56266666666667,3,5.366666666666667,3,0.0027345118886958897,-0.02762454741445075,COMPLETE,33,7.307692307692308,5.307692307692308,0.6923076923076922,61.30769230769231,41.08875739644971,85.20710059171599,196.92307692307693,19.124260355029588,13,0,0,0
2026,2,Alpine,1,6,5,0.16666666666666666,2026-04-01,2026 Q2,2026-06-30,14,91,0,1,0,0,0,0,1,0,1,1,0,1,Full post-war quarter,75597,81,11179,0,148,0.5973611798703616,0.5192673014264826,0.870361628884258,0.12870580379244045,9.325673233015186e-4,0,5.728,5.245,13,0.247512146088122,7.14,35.25,1,178.852,3,179.806,3,5.3,2,-0.0025783400843584214,-0.004190604185435154,PARTIAL,49.84615384615385,17.46153846153846,8.076923076923077,0,79.15384615384616,38.81656804733728,153.37278106508876,234.98224852071007,23.479289940828405,13,0,0,0
2023,1,Amador,28,248,220,0.11290322580645161,2023-01-01,2023 Q1,2023-03-31,1,90,1,0,0,0,1,0,0,1,0,0,0,0,Pre-credit rolloff / pre-war,83811,790,14684,0,90,0.5995568313441104,0.5098252505413708,0.8441456413355491,0.147897466888251,0.007956891776199829,0,4.461384615384615,4.634,13,,7.48,28.036666666666665,3,178.34199999999998,3,188.251,3,4.466666666666667,3,,,COMPLETE,28.76923076923077,6.230769230769231,2.3846153846153846,9.923076923076923,65.53846153846153,26.698224852071007,53.58579881656805,187.83431952662724,17.79881656804734,13,0,0,0
2023,2,Amador,31,261,230,0.11877394636015326,2023-04-01,2023 Q2,2023-06-30,2,91,0,1,0,0,1,0,0,1,0,0,0,0,Pre-credit rolloff / pre-war,103367,972,15215,0,99,0.6270890141693294,0.5796125600147214,0.8646051156799438,0.12726466701239608,0.008130217307660137,0,4.6605384615384615,4.649,13,0.044639470326563124,7.81,30.253333333333334,3,178.84066666666666,3,196.347,3,4.566666666666666,3,0.0027961257957558328,0.04300641165252772,COMPLETE,27.923076923076923,5.769230769230769,4.076923076923077,9.153846153846153,64.07692307692308,24.236686390532547,56.426035502958584,176.85207100591717,17.988165680473376,13,0,0,0
2023,3,Amador,23,251,228,0.09163346613545817,2023-07-01,2023 Q3,2023-09-30,3,92,0,0,1,0,1,0,0,1,0,0,0,0,Pre-credit rolloff / pre-war,100380,1135,17422,0,104,0.5617007323204721,0.5060241976844885,0.8439762227061386,0.14648091006162928,0.00954286723223219,0,5.02476923076923,5.699,13,0.0781520788287915,7.88,29.813333333333333,3,179.192,3,191.143,3,4.8,3,0.001964504717420823,-0.026504097337876398,COMPLETE,31.692307692307693,6.153846153846154,4.076923076923077,7.153846153846154,57.69230769230769,35.40828402366864,57.94082840236687,177.23076923076923,17.230769230769234,13,0,0,0
2023,4,Amador,23,230,207,0.1,2023-10-01,2023 Q4,2023-12-31,4,92,0,0,0,1,1,0,0,0.41304347826086957,0,0,0,0,Pre-credit rolloff / pre-war,86827,220,15454,0,107,0.4996243939083521,0.4510102340464971,0.8470844186885982,0.15076926078769964,0.0021463205237022076,0,4.944461538461539,4.371,13,-0.015982364287682405,8.15,30.14666666666667,3,179.22033333333334,3,188.96433333333331,3,5.033333333333333,3,1.581171778501922e-4,-0.011398098108048371,COMPLETE,28.571428571428573,5.928571428571429,4.071428571428571,6.285714285714286,56.92857142857143,30.24175824175824,52.57142857142858,156.65934065934067,15.296703296703297,14,0,0,0
2024,1,Amador,26,207,181,0.12560386473429952,2024-01-01,2024 Q1,2024-03-31,5,91,1,0,0,0,1,0,0,0,1,0,0,0,Pre-credit rolloff / pre-war,86431,197,16389,0,109,0.4961317064173874,0.4692720618926973,0.8389974470233068,0.15909024724074666,0.0019123057359464943,0,4.493692307692307,4.801,13,-0.09116649553501988,8.22,31.163333333333334,3,178.98266666666666,3,184.34766666666667,3,5.133333333333333,3,-0.0013261144103813294,-0.024431418274700745,COMPLETE,29.23076923076923,5.461538461538462,2.769230769230769,6.153846153846154,58.76923076923077,18.93491124260355,54.34319526627219,173.63313609467457,15.526627218934912,13,0,0,0
2024,2,Amador,36,240,204,0.15,2024-04-01,2024 Q2,2024-06-30,6,91,0,1,0,0,1,0,0,0,1,0,0,0,Pre-credit rolloff / pre-war,100124,94,16596,0,111,0.5129350933963395,0.4688992757717397,0.8571232900166076,0.1420720119163799,8.046980670125156e-4,0,4.953461538461538,4.564,13,0.10231435516450404,8.2,34.093333333333334,3,177.66833333333332,3,180.175,3,5.233333333333333,3,-0.007343355408717445,-0.022634768001764782,COMPLETE,28.76923076923077,5.461538461538462,6.846153846153846,5.846153846153846,70.92307692307692,21.396449704142015,61.159763313609474,171.55029585798817,17.230769230769234,13,0,0,0
2024,3,Amador,37,243,206,0.1522633744855967,2024-07-01,2024 Q3,2024-09-30,7,92,0,0,1,0,1,0,0,0,1,0,0,0,Pre-credit rolloff / pre-war,99738,128,15374,0,126,0.5170079833391183,0.4686827490454703,0.8654807358556057,0.13340853870183964,0.0011107254425546686,0,4.425285714285715,4.412,14,-0.10662762193160502,8.4,31.926666666666666,3,177.11233333333334,3,175.28166666666667,3,5.4,3,-0.0031294265532216814,-0.02715878081494849,COMPLETE,27,5.3076923076923075,9,5.076923076923077,57.69230769230769,18.55621301775148,58.130177514792905,173.06508875739647,16.09467455621302,13,0,0,0
2024,4,Amador,41,242,201,0.16942148760330578,2024-10-01,2024 Q4,2024-12-31,8,92,0,0,0,1,1,0,0,0,1,0,0,0,Pre-credit rolloff / pre-war,92617,181,15505,0,138,0.4802083044791003,0.40662770191038106,0.8551656002142138,0.14316316260860734,0.001671237177178841,0,4.2403076923076926,4.105,13,-0.041800243853380104,7.82,31.083333333333336,3,177.79033333333334,3,179.781,3,5.4,3,0.0038280789781248714,0.025669161064572288,COMPLETE,24.846153846153847,5.384615384615385,8.692307692307692,6.153846153846154,57.30769230769231,15.905325443786984,54.72189349112426,160.18934911242604,15.147928994082841,13,2,6000,7500
2025,1,Amador,31,253,222,0.1225296442687747,2025-01-01,2025 Q1,2025-03-31,9,90,1,0,0,0,1,0,0,0,1,0,0,0,Pre-credit rolloff / pre-war,85610,68,15275,0,150,0.4294968945945143,0.3761453349578517,0.8480183847929235,0.15130803443186433,6.735807752122274e-4,0,4.388538461538461,4.585,13,0.03495755025034453,8.04,31.493333333333332,3,178.54733333333334,3,185.72533333333334,3,5.4,3,0.0042578242911595066,0.03306430230854951,COMPLETE,26.076923076923077,5.461538461538462,8,5,55,19.124260355029588,56.426035502958584,181.01775147928996,16.284023668639055,13,1,0,0
2025,2,Amador,26,249,223,0.10441767068273092,2025-04-01,2025 Q2,2025-06-30,10,91,0,1,0,0,1,0,0,0,1,0,0,0,Pre-credit rolloff / pre-war,84693,62,16868,0,152,0.47184200427068673,0.4086082874939728,0.833403855426429,0.1659860464658591,6.100981077118368e-4,0,4.5673076923076925,4.36,13,0.04073548228777768,7.67,33.56666666666667,3,178.27566666666667,3,183.76566666666668,3,5.466666666666667,3,-0.0015215386396137953,-0.01055142360762129,COMPLETE,24.46153846153846,5.769230769230769,8.384615384615385,4.384615384615385,55.23076923076923,21.396449704142015,57.18343195266272,168.71005917159766,14.958579881656807,13,0,0,0
2025,3,Amador,33,262,229,0.12595419847328243,2025-07-01,2025 Q3,2025-09-30,11,92,0,0,1,0,1,1,0,0,1,0,0,0,Credit-expiration pull-forward,110380,114,16595,0,149,0.5028759373352533,0.3980674960067354,0.8685252067448795,0.13057778407257906,8.970091825413687e-4,0,4.343,4.446,13,-0.049111578947368506,7.64,32.11666666666667,3,178.20466666666667,3,184.62466666666666,3,5.5,3,-3.9825962414008487e-4,0.00467443138634871,COMPLETE,27.46153846153846,5.384615384615385,12.307692307692308,8.692307692307692,68,16.09467455621302,65.13609467455622,184.4260355029586,15.905325443786984,13,0,0,0
2025,4,Amador,25,211,186,0.11848341232227488,2025-10-01,2025 Q4,2025-12-31,12,92,0,0,0,1,0,0,1,0,1,0,0,0,Post-credit / pre-war,70360,119,8587,0,151,0.5716490020995117,0.500379429843422,0.8898894594389497,0.10860546884880985,0.0015050717122404068,0,4.339846153846154,4.042,13,-7.261906870471568e-4,7.24,33.4,3,178.82533333333333,3,185.69233333333332,3,5.5,2,0.003482886718267686,0.0057829036928975786,PARTIAL,20.76923076923077,3.1538461538461537,5.6923076923076925,0.23076923076923075,54.61538461538461,15.526627218934912,57.18343195266272,159.81065088757398,14.011834319526628,13,1,9800,7500
2026,1,Amador,18,210,192,0.08571428571428572,2026-01-01,2026 Q1,2026-03-31,13,90,1,0,0,0,0,0,1,0,1,0.35555555555555557,1,0,War transition quarter,56856,90,7722,0,137,0.5655038040452774,0.500742252737057,0.8791983670439785,0.11940990907403971,0.0013917238819818147,0,4.591538461538462,5.711,13,0.057995675139139946,7.53,32.28666666666667,3,179.31433333333334,3,180.56266666666667,3,5.366666666666667,3,0.0027345118886958897,-0.02762454741445075,COMPLETE,33,7.307692307692308,5.307692307692308,0.6923076923076922,61.30769230769231,41.08875739644971,85.20710059171599,196.92307692307693,19.124260355029588,13,0,0,0
2026,2,Amador,36,274,238,0.13138686131386862,2026-04-01,2026 Q2,2026-06-30,14,91,0,1,0,0,0,0,1,0,1,1,0,1,Full post-war quarter,75597,81,11179,0,148,0.5973611798703616,0.5192673014264826,0.870361628884258,0.12870580379244045,9.325673233015186e-4,0,5.728,5.245,13,0.247512146088122,7.14,35.25,1,178.852,3,179.806,3,5.3,2,-0.0025783400843584214,-0.004190604185435154,PARTIAL,49.84615384615385,17.46153846153846,8.076923076923077,0,79.15384615384616,38.81656804733728,153.37278106508876,234.98224852071007,23.479289940828405,13,0,0,0
2023,1,Butte,139,1254,1115,0.11084529505582137,2023-01-01,2023 Q1,2023-03-31,1,90,1,0,0,0,1,0,0,1,0,0,0,0,Pre-credit rolloff / pre-war,83811,790,14684,0,90,0.5995568313441104,0.5098252505413708,0.8441456413355491,0.147897466888251,0.007956891776199829,0,4.461384615384615,4.634,13,,7.48,28.036666666666665,3,178.34199999999998,3,188.251,3,4.466666666666667,3,,,COMPLETE,28.76923076923077,6.230769230769231,2.3846153846153846,9.923076923076923,65.53846153846153,26.698224852071007,53.58579881656805,187.83431952662724,17.79881656804734,13,0,0,0
2023,2,Butte,151,1269,1118,0.11899133175728921,2023-04-01,2023 Q2,2023-06-30,2,91,0,1,0,0,1,0,0,1,0,0,0,0,Pre-credit rolloff / pre-war,103367,972,15215,0,99,0.6270890141693294,0.5796125600147214,0.8646051156799438,0.12726466701239608,0.008130217307660137,0,4.6605384615384615,4.649,13,0.044639470326563124,7.81,30.253333333333334,3,178.84066666666666,3,196.347,3,4.566666666666666,3,0.0027961257957558328,0.04300641165252772,COMPLETE,27.923076923076923,5.769230769230769,4.076923076923077,9.153846153846153,64.07692307692308,24.236686390532547,56.426035502958584,176.85207100591717,17.988165680473376,13,0,0,0
2023,3,Butte,146,1167,1021,0.12510711225364182,2023-07-01,2023 Q3,2023-09-30,3,92,0,0,1,0,1,0,0,1,0,0,0,0,Pre-credit rolloff / pre-war,100380,1135,17422,0,104,0.5617007323204721,0.5060241976844885,0.8439762227061386,0.14648091006162928,0.00954286723223219,0,5.02476923076923,5.699,13,0.0781520788287915,7.88,29.813333333333333,3,179.192,3,191.143,3,4.8,3,0.001964504717420823,-0.026504097337876398,COMPLETE,31.692307692307693,6.153846153846154,4.076923076923077,7.153846153846154,57.69230769230769,35.40828402366864,57.94082840236687,177.23076923076923,17.230769230769234,13,0,0,0
2023,4,Butte,140,1156,1016,0.12110726643598616,2023-10-01,2023 Q4,2023-12-31,4,92,0,0,0,1,1,0,0,0.41304347826086957,0,0,0,0,Pre-credit rolloff / pre-war,86827,220,15454,0,107,0.4996243939083521,0.4510102340464971,0.8470844186885982,0.15076926078769964,0.0021463205237022076,0,4.944461538461539,4.371,13,-0.015982364287682405,8.15,30.14666666666667,3,179.22033333333334,3,188.96433333333331,3,5.033333333333333,3,1.581171778501922e-4,-0.011398098108048371,COMPLETE,28.571428571428573,5.928571428571429,4.071428571428571,6.285714285714286,56.92857142857143,30.24175824175824,52.57142857142858,156.65934065934067,15.296703296703297,14,0,0,0
2024,1,Butte,130,1106,976,0.11754068716094032,2024-01-01,2024 Q1,2024-03-31,5,91,1,0,0,0,1,0,0,0,1,0,0,0,Pre-credit rolloff / pre-war,86431,197,16389,0,109,0.4961317064173874,0.4692720618926973,0.8389974470233068,0.15909024724074666,0.0019123057359464943,0,4.493692307692307,4.801,13,-0.09116649553501988,8.22,31.163333333333334,3,178.98266666666666,3,184.34766666666667,3,5.133333333333333,3,-0.0013261144103813294,-0.024431418274700745,COMPLETE,29.23076923076923,5.461538461538462,2.769230769230769,6.153846153846154,58.76923076923077,18.93491124260355,54.34319526627219,173.63313609467457,15.526627218934912,13,0,0,0
2024,2,Butte,119,1133,1014,0.10503089143865843,2024-04-01,2024 Q2,2024-06-30,6,91,0,1,0,0,1,0,0,0,1,0,0,0,Pre-credit rolloff / pre-war,100124,94,16596,0,111,0.5129350933963395,0.4688992757717397,0.8571232900166076,0.1420720119163799,8.046980670125156e-4,0,4.953461538461538,4.564,13,0.10231435516450404,8.2,34.093333333333334,3,177.66833333333332,3,180.175,3,5.233333333333333,3,-0.007343355408717445,-0.022634768001764782,COMPLETE,28.76923076923077,5.461538461538462,6.846153846153846,5.846153846153846,70.92307692307692,21.396449704142015,61.159763313609474,171.55029585798817,17.230769230769234,13,0,0,0
2024,3,Butte,122,1105,983,0.11040723981900452,2024-07-01,2024 Q3,2024-09-30,7,92,0,0,1,0,1,0,0,0,1,0,0,0,Pre-credit rolloff / pre-war,99738,128,15374,0,126,0.5170079833391183,0.4686827490454703,0.8654807358556057,0.13340853870183964,0.0011107254425546686,0,4.425285714285715,4.412,14,-0.10662762193160502,8.4,31.926666666666666,3,177.11233333333334,3,175.28166666666667,3,5.4,3,-0.0031294265532216814,-0.02715878081494849,COMPLETE,27,5.3076923076923075,9,5.076923076923077,57.69230769230769,18.55621301775148,58.130177514792905,173.06508875739647,16.09467455621302,13,0,0,0
2024,4,Butte,143,1075,932,0.1330232558139535,2024-10-01,2024 Q4,2024-12-31,8,92,0,0,0,1,1,0,0,0,1,0,0,0,Pre-credit rolloff / pre-war,92617,181,15505,0,138,0.4802083044791003,0.40662770191038106,0.8551656002142138,0.14316316260860734,0.001671237177178841,0,4.2403076923076926,4.105,13,-0.041800243853380104,7.82,31.083333333333336,3,177.79033333333334,3,179.781,3,5.4,3,0.0038280789781248714,0.025669161064572288,COMPLETE,24.846153846153847,5.384615384615385,8.692307692307692,6.153846153846154,57.30769230769231,15.905325443786984,54.72189349112426,160.18934911242604,15.147928994082841,13,2,6000,7500
2025,1,Butte,120,1166,1046,0.10291595197255575,2025-01-01,2025 Q1,2025-03-31,9,90,1,0,0,0,1,0,0,0,1,0,0,0,Pre-credit rolloff / pre-war,85610,68,15275,0,150,0.4294968945945143,0.3761453349578517,0.8480183847929235,0.15130803443186433,6.735807752122274e-4,0,4.388538461538461,4.585,13,0.03495755025034453,8.04,31.493333333333332,3,178.54733333333334,3,185.72533333333334,3,5.4,3,0.0042578242911595066,0.03306430230854951,COMPLETE,26.076923076923077,5.461538461538462,8,5,55,19.124260355029588,56.426035502958584,181.01775147928996,16.284023668639055,13,1,0,0
2025,2,Butte,119,1277,1158,0.09318715740015662,2025-04-01,2025 Q2,2025-06-30,10,91,0,1,0,0,1,0,0,0,1,0,0,0,Pre-credit rolloff / pre-war,84693,62,16868,0,152,0.47184200427068673,0.4086082874939728,0.833403855426429,0.1659860464658591,6.100981077118368e-4,0,4.5673076923076925,4.36,13,0.04073548228777768,7.67,33.56666666666667,3,178.27566666666667,3,183.76566666666668,3,5.466666666666667,3,-0.0015215386396137953,-0.01055142360762129,COMPLETE,24.46153846153846,5.769230769230769,8.384615384615385,4.384615384615385,55.23076923076923,21.396449704142015,57.18343195266272,168.71005917159766,14.958579881656807,13,0,0,0
2025,3,Butte,138,1156,1018,0.11937716262975778,2025-07-01,2025 Q3,2025-09-30,11,92,0,0,1,0,1,1,0,0,1,0,0,0,Credit-expiration pull-forward,110380,114,16595,0,149,0.5028759373352533,0.3980674960067354,0.8685252067448795,0.13057778407257906,8.970091825413687e-4,0,4.343,4.446,13,-0.049111578947368506,7.64,32.11666666666667,3,178.20466666666667,3,184.62466666666666,3,5.5,3,-3.9825962414008487e-4,0.00467443138634871,COMPLETE,27.46153846153846,5.384615384615385,12.307692307692308,8.692307692307692,68,16.09467455621302,65.13609467455622,184.4260355029586,15.905325443786984,13,0,0,0
2025,4,Butte,92,1010,918,0.09108910891089109,2025-10-01,2025 Q4,2025-12-31,12,92,0,0,0,1,0,0,1,0,1,0,0,0,Post-credit / pre-war,70360,119,8587,0,151,0.5716490020995117,0.500379429843422,0.8898894594389497,0.10860546884880985,0.0015050717122404068,0,4.339846153846154,4.042,13,-7.261906870471568e-4,7.24,33.4,3,178.82533333333333,3,185.69233333333332,3,5.5,2,0.003482886718267686,0.0057829036928975786,PARTIAL,20.76923076923077,3.1538461538461537,5.6923076923076925,0.23076923076923075,54.61538461538461,15.526627218934912,57.18343195266272,159.81065088757398,14.011834319526628,13,1,9800,7500
2026,1,Butte,67,1040,973,0.06442307692307692,2026-01-01,2026 Q1,2026-03-31,13,90,1,0,0,0,0,0,1,0,1,0.35555555555555557,1,0,War transition quarter,56856,90,7722,0,137,0.5655038040452774,0.500742252737057,0.8791983670439785,0.11940990907403971,0.0013917238819818147,0,4.591538461538462,5.711,13,0.057995675139139946,7.53,32.28666666666667,3,179.31433333333334,3,180.56266666666667,3,5.366666666666667,3,0.0027345118886958897,-0.02762454741445075,COMPLETE,33,7.307692307692308,5.307692307692308,0.6923076923076922,61.30769230769231,41.08875739644971,85.20710059171599,196.92307692307693,19.124260355029588,13,0,0,0
2026,2,Butte,146,1131,985,0.1290893015030946,2026-04-01,2026 Q2,2026-06-30,14,91,0,1,0,0,0,0,1,0,1,1,0,1,Full post-war quarter,75597,81,11179,0,148,0.5973611798703616,0.5192673014264826,0.870361628884258,0.12870580379244045,9.325673233015186e-4,0,5.728,5.245,13,0.247512146088122,7.14,35.25,1,178.852,3,179.806,3,5.3,2,-0.0025783400843584214,-0.004190604185435154,PARTIAL,49.84615384615385,17.46153846153846,8.076923076923077,0,79.15384615384616,38.81656804733728,153.37278106508876,234.98224852071007,23.479289940828405,13,0,0,0
2023,1,Calaveras,42,330,288,0.12727272727272726,2023-01-01,2023 Q1,2023-03-31,1,90,1,0,0,0,1,0,0,1,0,0,0,0,Pre-credit rolloff / pre-war,83811,790,14684,0,90,0.5995568313441104,0.5098252505413708,0.8441456413355491,0.147897466888251,0.007956891776199829,0,4.461384615384615,4.634,13,,7.48,28.036666666666665,3,178.34199999999998,3,188.251,3,4.466666666666667,3,,,COMPLETE,28.76923076923077,6.230769230769231,2.3846153846153846,9.923076923076923,65.53846153846153,26.698224852071007,53.58579881656805,187.83431952662724,17.79881656804734,13,0,0,0
2023,2,Calaveras,37,347,310,0.10662824207492795,2023-04-01,2023 Q2,2023-06-30,2,91,0,1,0,0,1,0,0,1,0,0,0,0,Pre-credit rolloff / pre-war,103367,972,15215,0,99,0.6270890141693294,0.5796125600147214,0.8646051156799438,0.12726466701239608,0.008130217307660137,0,4.6605384615384615,4.649,13,0.044639470326563124,7.81,30.253333333333334,3,178.84066666666666,3,196.347,3,4.566666666666666,3,0.0027961257957558328,0.04300641165252772,COMPLETE,27.923076923076923,5.769230769230769,4.076923076923077,9.153846153846153,64.07692307692308,24.236686390532547,56.426035502958584,176.85207100591717,17.988165680473376,13,0,0,0
2023,3,Calaveras,45,343,298,0.13119533527696792,2023-07-01,2023 Q3,2023-09-30,3,92,0,0,1,0,1,0,0,1,0,0,0,0,Pre-credit rolloff / pre-war,100380,1135,17422,0,104,0.5617007323204721,0.5060241976844885,0.8439762227061386,0.14648091006162928,0.00954286723223219,0,5.02476923076923,5.699,13,0.0781520788287915,7.88,29.813333333333333,3,179.192,3,191.143,3,4.8,3,0.001964504717420823,-0.026504097337876398,COMPLETE,31.692307692307693,6.153846153846154,4.076923076923077,7.153846153846154,57.69230769230769,35.40828402366864,57.94082840236687,177.23076923076923,17.230769230769234,13,0,0,0
2023,4,Calaveras,38,321,283,0.11838006230529595,2023-10-01,2023 Q4,2023-12-31,4,92,0,0,0,1,1,0,0,0.41304347826086957,0,0,0,0,Pre-credit rolloff / pre-war,86827,220,15454,0,107,0.4996243939083521,0.4510102340464971,0.8470844186885982,0.15076926078769964,0.0021463205237022076,0,4.944461538461539,4.371,13,-0.015982364287682405,8.15,30.14666666666667,3,179.22033333333334,3,188.96433333333331,3,5.033333333333333,3,1.581171778501922e-4,-0.011398098108048371,COMPLETE,28.571428571428573,5.928571428571429,4.071428571428571,6.285714285714286,56.92857142857143,30.24175824175824,52.57142857142858,156.65934065934067,15.296703296703297,14,0,0,0
2024,1,Calaveras,40,297,257,0.13468013468013468,2024-01-01,2024 Q1,2024-03-31,5,91,1,0,0,0,1,0,0,0,1,0,0,0,Pre-credit rolloff / pre-war,86431,197,16389,0,109,0.4961317064173874,0.4692720618926973,0.8389974470233068,0.15909024724074666,0.0019123057359464943,0,4.493692307692307,4.801,13,-0.09116649553501988,8.22,31.163333333333334,3,178.98266666666666,3,184.34766666666667,3,5.133333333333333,3,-0.0013261144103813294,-0.024431418274700745,COMPLETE,29.23076923076923,5.461538461538462,2.769230769230769,6.153846153846154,58.76923076923077,18.93491124260355,54.34319526627219,173.63313609467457,15.526627218934912,13,0,0,0
2024,2,Calaveras,49,322,273,0.15217391304347827,2024-04-01,2024 Q2,2024-06-30,6,91,0,1,0,0,1,0,0,0,1,0,0,0,Pre-credit rolloff / pre-war,100124,94,16596,0,111,0.5129350933963395,0.4688992757717397,0.8571232900166076,0.1420720119163799,8.046980670125156e-4,0,4.953461538461538,4.564,13,0.10231435516450404,8.2,34.093333333333334,3,177.66833333333332,3,180.175,3,5.233333333333333,3,-0.007343355408717445,-0.022634768001764782,COMPLETE,28.76923076923077,5.461538461538462,6.846153846153846,5.846153846153846,70.92307692307692,21.396449704142015,61.159763313609474,171.55029585798817,17.230769230769234,13,0,0,0
2024,3,Calaveras,53,310,257,0.17096774193548386,2024-07-01,2024 Q3,2024-09-30,7,92,0,0,1,0,1,0,0,0,1,0,0,0,Pre-credit rolloff / pre-war,99738,128,15374,0,126,0.5170079833391183,0.4686827490454703,0.8654807358556057,0.13340853870183964,0.0011107254425546686,0,4.425285714285715,4.412,14,-0.10662762193160502,8.4,31.926666666666666,3,177.11233333333334,3,175.28166666666667,3,5.4,3,-0.0031294265532216814,-0.02715878081494849,COMPLETE,27,5.3076923076923075,9,5.076923076923077,57.69230769230769,18.55621301775148,58.130177514792905,173.06508875739647,16.09467455621302,13,0,0,0
2024,4,Calaveras,35,318,283,0.11006289308176101,2024-10-01,2024 Q4,2024-12-31,8,92,0,0,0,1,1,0,0,0,1,0,0,0,Pre-credit rolloff / pre-war,92617,181,15505,0,138,0.4802083044791003,0.40662770191038106,0.8551656002142138,0.14316316260860734,0.001671237177178841,0,4.2403076923076926,4.105,13,-0.041800243853380104,7.82,31.083333333333336,3,177.79033333333334,3,179.781,3,5.4,3,0.0038280789781248714,0.025669161064572288,COMPLETE,24.846153846153847,5.384615384615385,8.692307692307692,6.153846153846154,57.30769230769231,15.905325443786984,54.72189349112426,160.18934911242604,15.147928994082841,13,2,6000,7500
2025,1,Calaveras,38,322,284,0.11801242236024845,2025-01-01,2025 Q1,2025-03-31,9,90,1,0,0,0,1,0,0,0,1,0,0,0,Pre-credit rolloff / pre-war,85610,68,15275,0,150,0.4294968945945143,0.3761453349578517,0.8480183847929235,0.15130803443186433,6.735807752122274e-4,0,4.388538461538461,4.585,13,0.03495755025034453,8.04,31.493333333333332,3,178.54733333333334,3,185.72533333333334,3,5.4,3,0.0042578242911595066,0.03306430230854951,COMPLETE,26.076923076923077,5.461538461538462,8,5,55,19.124260355029588,56.426035502958584,181.01775147928996,16.284023668639055,13,1,0,0
2025,2,Calaveras,48,330,282,0.14545454545454545,2025-04-01,2025 Q2,2025-06-30,10,91,0,1,0,0,1,0,0,0,1,0,0,0,Pre-credit rolloff / pre-war,84693,62,16868,0,152,0.47184200427068673,0.4086082874939728,0.833403855426429,0.1659860464658591,6.100981077118368e-4,0,4.5673076923076925,4.36,13,0.04073548228777768,7.67,33.56666666666667,3,178.27566666666667,3,183.76566666666668,3,5.466666666666667,3,-0.0015215386396137953,-0.01055142360762129,COMPLETE,24.46153846153846,5.769230769230769,8.384615384615385,4.384615384615385,55.23076923076923,21.396449704142015,57.18343195266272,168.71005917159766,14.958579881656807,13,0,0,0
2025,3,Calaveras,50,323,273,0.15479876160990713,2025-07-01,2025 Q3,2025-09-30,11,92,0,0,1,0,1,1,0,0,1,0,0,0,Credit-expiration pull-forward,110380,114,16595,0,149,0.5028759373352533,0.3980674960067354,0.8685252067448795,0.13057778407257906,8.970091825413687e-4,0,4.343,4.446,13,-0.049111578947368506,7.64,32.11666666666667,3,178.20466666666667,3,184.62466666666666,3,5.5,3,-3.9825962414008487e-4,0.00467443138634871,COMPLETE,27.46153846153846,5.384615384615385,12.307692307692308,8.692307692307692,68,16.09467455621302,65.13609467455622,184.4260355029586,15.905325443786984,13,0,0,0
2025,4,Calaveras,35,324,289,0.10802469135802469,2025-10-01,2025 Q4,2025-12-31,12,92,0,0,0,1,0,0,1,0,1,0,0,0,Post-credit / pre-war,70360,119,8587,0,151,0.5716490020995117,0.500379429843422,0.8898894594389497,0.10860546884880985,0.0015050717122404068,0,4.339846153846154,4.042,13,-7.261906870471568e-4,7.24,33.4,3,178.82533333333333,3,185.69233333333332,3,5.5,2,0.003482886718267686,0.0057829036928975786,PARTIAL,20.76923076923077,3.1538461538461537,5.6923076923076925,0.23076923076923075,54.61538461538461,15.526627218934912,57.18343195266272,159.81065088757398,14.011834319526628,13,1,9800,7500
2026,1,Calaveras,24,304,280,0.07894736842105263,2026-01-01,2026 Q1,2026-03-31,13,90,1,0,0,0,0,0,1,0,1,0.35555555555555557,1,0,War transition quarter,56856,90,7722,0,137,0.5655038040452774,0.500742252737057,0.8791983670439785,0.11940990907403971,0.0013917238819818147,0,4.591538461538462,5.711,13,0.057995675139139946,7.53,32.28666666666667,3,179.31433333333334,3,180.56266666666667,3,5.366666666666667,3,0.0027345118886958897,-0.02762454741445075,COMPLETE,33,7.307692307692308,5.307692307692308,0.6923076923076922,61.30769230769231,41.08875739644971,85.20710059171599,196.92307692307693,19.124260355029588,13,0,0,0
2026,2,Calaveras,31,330,299,0.09393939393939393,2026-04-01,2026 Q2,2026-06-30,14,91,0,1,0,0,0,0,1,0,1,1,0,1,Full post-war quarter,75597,81,11179,0,148,0.5973611798703616,0.5192673014264826,0.870361628884258,0.12870580379244045,9.325673233015186e-4,0,5.728,5.245,13,0.247512146088122,7.14,35.25,1,178.852,3,179.806,3,5.3,2,-0.0025783400843584214,-0.004190604185435154,PARTIAL,49.84615384615385,17.46153846153846,8.076923076923077,0,79.15384615384616,38.81656804733728,153.37278106508876,234.98224852071007,23.479289940828405,13,0,0,0
2023,1,Colusa,4,129,125,0.031007751937984496,2023-01-01,2023 Q1,2023-03-31,1,90,1,0,0,0,1,0,0,1,0,0,0,0,Pre-credit rolloff / pre-war,83811,790,14684,0,90,0.5995568313441104,0.5098252505413708,0.8441456413355491,0.147897466888251,0.007956891776199829,0,4.461384615384615,4.634,13,,7.48,28.036666666666665,3,178.34199999999998,3,188.251,3,4.466666666666667,3,,,COMPLETE,28.76923076923077,6.230769230769231,2.3846153846153846,9.923076923076923,65.53846153846153,26.698224852071007,53.58579881656805,187.83431952662724,17.79881656804734,13,0,0,0
2023,2,Colusa,8,150,142,0.05333333333333334,2023-04-01,2023 Q2,2023-06-30,2,91,0,1,0,0,1,0,0,1,0,0,0,0,Pre-credit rolloff / pre-war,103367,972,15215,0,99,0.6270890141693294,0.5796125600147214,0.8646051156799438,0.12726466701239608,0.008130217307660137,0,4.6605384615384615,4.649,13,0.044639470326563124,7.81,30.253333333333334,3,178.84066666666666,3,196.347,3,4.566666666666666,3,0.0027961257957558328,0.04300641165252772,COMPLETE,27.923076923076923,5.769230769230769,4.076923076923077,9.153846153846153,64.07692307692308,24.236686390532547,56.426035502958584,176.85207100591717,17.988165680473376,13,0,0,0
2023,3,Colusa,11,137,126,0.08029197080291971,2023-07-01,2023 Q3,2023-09-30,3,92,0,0,1,0,1,0,0,1,0,0,0,0,Pre-credit rolloff / pre-war,100380,1135,17422,0,104,0.5617007323204721,0.5060241976844885,0.8439762227061386,0.14648091006162928,0.00954286723223219,0,5.02476923076923,5.699,13,0.0781520788287915,7.88,29.813333333333333,3,179.192,3,191.143,3,4.8,3,0.001964504717420823,-0.026504097337876398,COMPLETE,31.692307692307693,6.153846153846154,4.076923076923077,7.153846153846154,57.69230769230769,35.40828402366864,57.94082840236687,177.23076923076923,17.230769230769234,13,0,0,0
2023,4,Colusa,5,126,121,0.03968253968253968,2023-10-01,2023 Q4,2023-12-31,4,92,0,0,0,1,1,0,0,0.41304347826086957,0,0,0,0,Pre-credit rolloff / pre-war,86827,220,15454,0,107,0.4996243939083521,0.4510102340464971,0.8470844186885982,0.15076926078769964,0.0021463205237022076,0,4.944461538461539,4.371,13,-0.015982364287682405,8.15,30.14666666666667,3,179.22033333333334,3,188.96433333333331,3,5.033333333333333,3,1.581171778501922e-4,-0.011398098108048371,COMPLETE,28.571428571428573,5.928571428571429,4.071428571428571,6.285714285714286,56.92857142857143,30.24175824175824,52.57142857142858,156.65934065934067,15.296703296703297,14,0,0,0
2024,1,Colusa,7,129,122,0.05426356589147287,2024-01-01,2024 Q1,2024-03-31,5,91,1,0,0,0,1,0,0,0,1,0,0,0,Pre-credit rolloff / pre-war,86431,197,16389,0,109,0.4961317064173874,0.4692720618926973,0.8389974470233068,0.15909024724074666,0.0019123057359464943,0,4.493692307692307,4.801,13,-0.09116649553501988,8.22,31.163333333333334,3,178.98266666666666,3,184.34766666666667,3,5.133333333333333,3,-0.0013261144103813294,-0.024431418274700745,COMPLETE,29.23076923076923,5.461538461538462,2.769230769230769,6.153846153846154,58.76923076923077,18.93491124260355,54.34319526627219,173.63313609467457,15.526627218934912,13,0,0,0
2024,2,Colusa,8,160,152,0.05,2024-04-01,2024 Q2,2024-06-30,6,91,0,1,0,0,1,0,0,0,1,0,0,0,Pre-credit rolloff / pre-war,100124,94,16596,0,111,0.5129350933963395,0.4688992757717397,0.8571232900166076,0.1420720119163799,8.046980670125156e-4,0,4.953461538461538,4.564,13,0.10231435516450404,8.2,34.093333333333334,3,177.66833333333332,3,180.175,3,5.233333333333333,3,-0.007343355408717445,-0.022634768001764782,COMPLETE,28.76923076923077,5.461538461538462,6.846153846153846,5.846153846153846,70.92307692307692,21.396449704142015,61.159763313609474,171.55029585798817,17.230769230769234,13,0,0,0
2024,3,Colusa,9,149,140,0.06040268456375839,2024-07-01,2024 Q3,2024-09-30,7,92,0,0,1,0,1,0,0,0,1,0,0,0,Pre-credit rolloff / pre-war,99738,128,15374,0,126,0.5170079833391183,0.4686827490454703,0.8654807358556057,0.13340853870183964,0.0011107254425546686,0,4.425285714285715,4.412,14,-0.10662762193160502,8.4,31.926666666666666,3,177.11233333333334,3,175.28166666666667,3,5.4,3,-0.0031294265532216814,-0.02715878081494849,COMPLETE,27,5.3076923076923075,9,5.076923076923077,57.69230769230769,18.55621301775148,58.130177514792905,173.06508875739647,16.09467455621302,13,0,0,0
2024,4,Colusa,8,141,133,0.05673758865248227,2024-10-01,2024 Q4,2024-12-31,8,92,0,0,0,1,1,0,0,0,1,0,0,0,Pre-credit rolloff / pre-war,92617,181,15505,0,138,0.4802083044791003,0.40662770191038106,0.8551656002142138,0.14316316260860734,0.001671237177178841,0,4.2403076923076926,4.105,13,-0.041800243853380104,7.82,31.083333333333336,3,177.79033333333334,3,179.781,3,5.4,3,0.0038280789781248714,0.025669161064572288,COMPLETE,24.846153846153847,5.384615384615385,8.692307692307692,6.153846153846154,57.30769230769231,15.905325443786984,54.72189349112426,160.18934911242604,15.147928994082841,13,2,6000,7500
2025,1,Colusa,13,155,142,0.08387096774193549,2025-01-01,2025 Q1,2025-03-31,9,90,1,0,0,0,1,0,0,0,1,0,0,0,Pre-credit rolloff / pre-war,85610,68,15275,0,150,0.4294968945945143,0.3761453349578517,0.8480183847929235,0.15130803443186433,6.735807752122274e-4,0,4.388538461538461,4.585,13,0.03495755025034453,8.04,31.493333333333332,3,178.54733333333334,3,185.72533333333334,3,5.4,3,0.0042578242911595066,0.03306430230854951,COMPLETE,26.076923076923077,5.461538461538462,8,5,55,19.124260355029588,56.426035502958584,181.01775147928996,16.284023668639055,13,1,0,0
2025,2,Colusa,6,151,145,0.039735099337748346,2025-04-01,2025 Q2,2025-06-30,10,91,0,1,0,0,1,0,0,0,1,0,0,0,Pre-credit rolloff / pre-war,84693,62,16868,0,152,0.47184200427068673,0.4086082874939728,0.833403855426429,0.1659860464658591,6.100981077118368e-4,0,4.5673076923076925,4.36,13,0.04073548228777768,7.67,33.56666666666667,3,178.27566666666667,3,183.76566666666668,3,5.466666666666667,3,-0.0015215386396137953,-0.01055142360762129,COMPLETE,24.46153846153846,5.769230769230769,8.384615384615385,4.384615384615385,55.23076923076923,21.396449704142015,57.18343195266272,168.71005917159766,14.958579881656807,13,0,0,0
2025,3,Colusa,13,179,166,0.07262569832402235,2025-07-01,2025 Q3,2025-09-30,11,92,0,0,1,0,1,1,0,0,1,0,0,0,Credit-expiration pull-forward,110380,114,16595,0,149,0.5028759373352533,0.3980674960067354,0.8685252067448795,0.13057778407257906,8.970091825413687e-4,0,4.343,4.446,13,-0.049111578947368506,7.64,32.11666666666667,3,178.20466666666667,3,184.62466666666666,3,5.5,3,-3.9825962414008487e-4,0.00467443138634871,COMPLETE,27.46153846153846,5.384615384615385,12.307692307692308,8.692307692307692,68,16.09467455621302,65.13609467455622,184.4260355029586,15.905325443786984,13,0,0,0
2025,4,Colusa,12,146,134,0.0821917808219178,2025-10-01,2025 Q4,2025-12-31,12,92,0,0,0,1,0,0,1,0,1,0,0,0,Post-credit / pre-war,70360,119,8587,0,151,0.5716490020995117,0.500379429843422,0.8898894594389497,0.10860546884880985,0.0015050717122404068,0,4.339846153846154,4.042,13,-7.261906870471568e-4,7.24,33.4,3,178.82533333333333,3,185.69233333333332,3,5.5,2,0.003482886718267686,0.0057829036928975786,PARTIAL,20.76923076923077,3.1538461538461537,5.6923076923076925,0.23076923076923075,54.61538461538461,15.526627218934912,57.18343195266272,159.81065088757398,14.011834319526628,13,1,9800,7500
2026,1,Colusa,3,136,133,0.022058823529411766,2026-01-01,2026 Q1,2026-03-31,13,90,1,0,0,0,0,0,1,0,1,0.35555555555555557,1,0,War transition quarter,56856,90,7722,0,137,0.5655038040452774,0.500742252737057,0.8791983670439785,0.11940990907403971,0.0013917238819818147,0,4.591538461538462,5.711,13,0.057995675139139946,7.53,32.28666666666667,3,179.31433333333334,3,180.56266666666667,3,5.366666666666667,3,0.0027345118886958897,-0.02762454741445075,COMPLETE,33,7.307692307692308,5.307692307692308,0.6923076923076922,61.30769230769231,41.08875739644971,85.20710059171599,196.92307692307693,19.124260355029588,13,0,0,0
2026,2,Colusa,4,145,141,0.027586206896551724,2026-04-01,2026 Q2,2026-06-30,14,91,0,1,0,0,0,0,1,0,1,1,0,1,Full post-war quarter,75597,81,11179,0,148,0.5973611798703616,0.5192673014264826,0.870361628884258,0.12870580379244045,9.325673233015186e-4,0,5.728,5.245,13,0.247512146088122,7.14,35.25,1,178.852,3,179.806,3,5.3,2,-0.0025783400843584214,-0.004190604185435154,PARTIAL,49.84615384615385,17.46153846153846,8.076923076923077,0,79.15384615384616,38.81656804733728,153.37278106508876,234.98224852071007,23.479289940828405,13,0,0,0
2023,1,Contra Costa,3531,11275,7744,0.3131707317073171,2023-01-01,2023 Q1,2023-03-31,1,90,1,0,0,0,1,0,0,1,0,0,0,0,Pre-credit rolloff / pre-war,83811,790,14684,0,90,0.5995568313441104,0.5098252505413708,0.8441456413355491,0.147897466888251,0.007956891776199829,0,4.461384615384615,4.634,13,,7.48,28.036666666666665,3,178.34199999999998,3,188.251,3,4.466666666666667,3,,,COMPLETE,28.76923076923077,6.230769230769231,2.3846153846153846,9.923076923076923,65.53846153846153,26.698224852071007,53.58579881656805,187.83431952662724,17.79881656804734,13,0,0,0
2023,2,Contra Costa,4231,12498,8267,0.33853416546647463,2023-04-01,2023 Q2,2023-06-30,2,91,0,1,0,0,1,0,0,1,0,0,0,0,Pre-credit rolloff / pre-war,103367,972,15215,0,99,0.6270890141693294,0.5796125600147214,0.8646051156799438,0.12726466701239608,0.008130217307660137,0,4.6605384615384615,4.649,13,0.044639470326563124,7.81,30.253333333333334,3,178.84066666666666,3,196.347,3,4.566666666666666,3,0.0027961257957558328,0.04300641165252772,COMPLETE,27.923076923076923,5.769230769230769,4.076923076923077,9.153846153846153,64.07692307692308,24.236686390532547,56.426035502958584,176.85207100591717,17.988165680473376,13,0,0,0
2023,3,Contra Costa,3904,11869,7965,0.32892408796023254,2023-07-01,2023 Q3,2023-09-30,3,92,0,0,1,0,1,0,0,1,0,0,0,0,Pre-credit rolloff / pre-war,100380,1135,17422,0,104,0.5617007323204721,0.5060241976844885,0.8439762227061386,0.14648091006162928,0.00954286723223219,0,5.02476923076923,5.699,13,0.0781520788287915,7.88,29.813333333333333,3,179.192,3,191.143,3,4.8,3,0.001964504717420823,-0.026504097337876398,COMPLETE,31.692307692307693,6.153846153846154,4.076923076923077,7.153846153846154,57.69230769230769,35.40828402366864,57.94082840236687,177.23076923076923,17.230769230769234,13,0,0,0
2023,4,Contra Costa,3483,10912,7429,0.31918988269794724,2023-10-01,2023 Q4,2023-12-31,4,92,0,0,0,1,1,0,0,0.41304347826086957,0,0,0,0,Pre-credit rolloff / pre-war,86827,220,15454,0,107,0.4996243939083521,0.4510102340464971,0.8470844186885982,0.15076926078769964,0.0021463205237022076,0,4.944461538461539,4.371,13,-0.015982364287682405,8.15,30.14666666666667,3,179.22033333333334,3,188.96433333333331,3,5.033333333333333,3,1.581171778501922e-4,-0.011398098108048371,COMPLETE,28.571428571428573,5.928571428571429,4.071428571428571,6.285714285714286,56.92857142857143,30.24175824175824,52.57142857142858,156.65934065934067,15.296703296703297,14,0,0,0
2024,1,Contra Costa,3447,11013,7566,0.31299373467719965,2024-01-01,2024 Q1,2024-03-31,5,91,1,0,0,0,1,0,0,0,1,0,0,0,Pre-credit rolloff / pre-war,86431,197,16389,0,109,0.4961317064173874,0.4692720618926973,0.8389974470233068,0.15909024724074666,0.0019123057359464943,0,4.493692307692307,4.801,13,-0.09116649553501988,8.22,31.163333333333334,3,178.98266666666666,3,184.34766666666667,3,5.133333333333333,3,-0.0013261144103813294,-0.024431418274700745,COMPLETE,29.23076923076923,5.461538461538462,2.769230769230769,6.153846153846154,58.76923076923077,18.93491124260355,54.34319526627219,173.63313609467457,15.526627218934912,13,0,0,0
2024,2,Contra Costa,3906,11238,7332,0.3475707421249333,2024-04-01,2024 Q2,2024-06-30,6,91,0,1,0,0,1,0,0,0,1,0,0,0,Pre-credit rolloff / pre-war,100124,94,16596,0,111,0.5129350933963395,0.4688992757717397,0.8571232900166076,0.1420720119163799,8.046980670125156e-4,0,4.953461538461538,4.564,13,0.10231435516450404,8.2,34.093333333333334,3,177.66833333333332,3,180.175,3,5.233333333333333,3,-0.007343355408717445,-0.022634768001764782,COMPLETE,28.76923076923077,5.461538461538462,6.846153846153846,5.846153846153846,70.92307692307692,21.396449704142015,61.159763313609474,171.55029585798817,17.230769230769234,13,0,0,0
2024,3,Contra Costa,3750,11586,7836,0.3236664940445365,2024-07-01,2024 Q3,2024-09-30,7,92,0,0,1,0,1,0,0,0,1,0,0,0,Pre-credit rolloff / pre-war,99738,128,15374,0,126,0.5170079833391183,0.4686827490454703,0.8654807358556057,0.13340853870183964,0.0011107254425546686,0,4.425285714285715,4.412,14,-0.10662762193160502,8.4,31.926666666666666,3,177.11233333333334,3,175.28166666666667,3,5.4,3,-0.0031294265532216814,-0.02715878081494849,COMPLETE,27,5.3076923076923075,9,5.076923076923077,57.69230769230769,18.55621301775148,58.130177514792905,173.06508875739647,16.09467455621302,13,0,0,0
2024,4,Contra Costa,3633,11240,7607,0.32322064056939503,2024-10-01,2024 Q4,2024-12-31,8,92,0,0,0,1,1,0,0,0,1,0,0,0,Pre-credit rolloff / pre-war,92617,181,15505,0,138,0.4802083044791003,0.40662770191038106,0.8551656002142138,0.14316316260860734,0.001671237177178841,0,4.2403076923076926,4.105,13,-0.041800243853380104,7.82,31.083333333333336,3,177.79033333333334,3,179.781,3,5.4,3,0.0038280789781248714,0.025669161064572288,COMPLETE,24.846153846153847,5.384615384615385,8.692307692307692,6.153846153846154,57.30769230769231,15.905325443786984,54.72189349112426,160.18934911242604,15.147928994082841,13,2,6000,7500
2025,1,Contra Costa,3332,10873,7541,0.3064471626965879,2025-01-01,2025 Q1,2025-03-31,9,90,1,0,0,0,1,0,0,0,1,0,0,0,Pre-credit rolloff / pre-war,85610,68,15275,0,150,0.4294968945945143,0.3761453349578517,0.8480183847929235,0.15130803443186433,6.735807752122274e-4,0,4.388538461538461,4.585,13,0.03495755025034453,8.04,31.493333333333332,3,178.54733333333334,3,185.72533333333334,3,5.4,3,0.0042578242911595066,0.03306430230854951,COMPLETE,26.076923076923077,5.461538461538462,8,5,55,19.124260355029588,56.426035502958584,181.01775147928996,16.284023668639055,13,1,0,0
2025,2,Contra Costa,3187,11513,8326,0.2768175106401459,2025-04-01,2025 Q2,2025-06-30,10,91,0,1,0,0,1,0,0,0,1,0,0,0,Pre-credit rolloff / pre-war,84693,62,16868,0,152,0.47184200427068673,0.4086082874939728,0.833403855426429,0.1659860464658591,6.100981077118368e-4,0,4.5673076923076925,4.36,13,0.04073548228777768,7.67,33.56666666666667,3,178.27566666666667,3,183.76566666666668,3,5.466666666666667,3,-0.0015215386396137953,-0.01055142360762129,COMPLETE,24.46153846153846,5.769230769230769,8.384615384615385,4.384615384615385,55.23076923076923,21.396449704142015,57.18343195266272,168.71005917159766,14.958579881656807,13,0,0,0
2025,3,Contra Costa,4143,11868,7725,0.34908998988877654,2025-07-01,2025 Q3,2025-09-30,11,92,0,0,1,0,1,1,0,0,1,0,0,0,Credit-expiration pull-forward,110380,114,16595,0,149,0.5028759373352533,0.3980674960067354,0.8685252067448795,0.13057778407257906,8.970091825413687e-4,0,4.343,4.446,13,-0.049111578947368506,7.64,32.11666666666667,3,178.20466666666667,3,184.62466666666666,3,5.5,3,-3.9825962414008487e-4,0.00467443138634871,COMPLETE,27.46153846153846,5.384615384615385,12.307692307692308,8.692307692307692,68,16.09467455621302,65.13609467455622,184.4260355029586,15.905325443786984,13,0,0,0
2025,4,Contra Costa,2693,10312,7619,0.2611520558572537,2025-10-01,2025 Q4,2025-12-31,12,92,0,0,0,1,0,0,1,0,1,0,0,0,Post-credit / pre-war,70360,119,8587,0,151,0.5716490020995117,0.500379429843422,0.8898894594389497,0.10860546884880985,0.0015050717122404068,0,4.339846153846154,4.042,13,-7.261906870471568e-4,7.24,33.4,3,178.82533333333333,3,185.69233333333332,3,5.5,2,0.003482886718267686,0.0057829036928975786,PARTIAL,20.76923076923077,3.1538461538461537,5.6923076923076925,0.23076923076923075,54.61538461538461,15.526627218934912,57.18343195266272,159.81065088757398,14.011834319526628,13,1,9800,7500
2026,1,Contra Costa,2250,9665,7415,0.23279875840662184,2026-01-01,2026 Q1,2026-03-31,13,90,1,0,0,0,0,0,1,0,1,0.35555555555555557,1,0,War transition quarter,56856,90,7722,0,137,0.5655038040452774,0.500742252737057,0.8791983670439785,0.11940990907403971,0.0013917238819818147,0,4.591538461538462,5.711,13,0.057995675139139946,7.53,32.28666666666667,3,179.31433333333334,3,180.56266666666667,3,5.366666666666667,3,0.0027345118886958897,-0.02762454741445075,COMPLETE,33,7.307692307692308,5.307692307692308,0.6923076923076922,61.30769230769231,41.08875739644971,85.20710059171599,196.92307692307693,19.124260355029588,13,0,0,0
2026,2,Contra Costa,3075,10839,7764,0.2836977580957653,2026-04-01,2026 Q2,2026-06-30,14,91,0,1,0,0,0,0,1,0,1,1,0,1,Full post-war quarter,75597,81,11179,0,148,0.5973611798703616,0.5192673014264826,0.870361628884258,0.12870580379244045,9.325673233015186e-4,0,5.728,5.245,13,0.247512146088122,7.14,35.25,1,178.852,3,179.806,3,5.3,2,-0.0025783400843584214,-0.004190604185435154,PARTIAL,49.84615384615385,17.46153846153846,8.076923076923077,0,79.15384615384616,38.81656804733728,153.37278106508876,234.98224852071007,23.479289940828405,13,0,0,0
2023,1,Del Norte,6,118,112,0.05084745762711865,2023-01-01,2023 Q1,2023-03-31,1,90,1,0,0,0,1,0,0,1,0,0,0,0,Pre-credit rolloff / pre-war,83811,790,14684,0,90,0.5995568313441104,0.5098252505413708,0.8441456413355491,0.147897466888251,0.007956891776199829,0,4.461384615384615,4.634,13,,7.48,28.036666666666665,3,178.34199999999998,3,188.251,3,4.466666666666667,3,,,COMPLETE,28.76923076923077,6.230769230769231,2.3846153846153846,9.923076923076923,65.53846153846153,26.698224852071007,53.58579881656805,187.83431952662724,17.79881656804734,13,0,0,0
2023,2,Del Norte,11,131,120,0.08396946564885496,2023-04-01,2023 Q2,2023-06-30,2,91,0,1,0,0,1,0,0,1,0,0,0,0,Pre-credit rolloff / pre-war,103367,972,15215,0,99,0.6270890141693294,0.5796125600147214,0.8646051156799438,0.12726466701239608,0.008130217307660137,0,4.6605384615384615,4.649,13,0.044639470326563124,7.81,30.253333333333334,3,178.84066666666666,3,196.347,3,4.566666666666666,3,0.0027961257957558328,0.04300641165252772,COMPLETE,27.923076923076923,5.769230769230769,4.076923076923077,9.153846153846153,64.07692307692308,24.236686390532547,56.426035502958584,176.85207100591717,17.988165680473376,13,0,0,0
2023,3,Del Norte,8,97,89,0.08247422680412371,2023-07-01,2023 Q3,2023-09-30,3,92,0,0,1,0,1,0,0,1,0,0,0,0,Pre-credit rolloff / pre-war,100380,1135,17422,0,104,0.5617007323204721,0.5060241976844885,0.8439762227061386,0.14648091006162928,0.00954286723223219,0,5.02476923076923,5.699,13,0.0781520788287915,7.88,29.813333333333333,3,179.192,3,191.143,3,4.8,3,0.001964504717420823,-0.026504097337876398,COMPLETE,31.692307692307693,6.153846153846154,4.076923076923077,7.153846153846154,57.69230769230769,35.40828402366864,57.94082840236687,177.23076923076923,17.230769230769234,13,0,0,0
2023,4,Del Norte,6,98,92,0.061224489795918366,2023-10-01,2023 Q4,2023-12-31,4,92,0,0,0,1,1,0,0,0.41304347826086957,0,0,0,0,Pre-credit rolloff / pre-war,86827,220,15454,0,107,0.4996243939083521,0.4510102340464971,0.8470844186885982,0.15076926078769964,0.0021463205237022076,0,4.944461538461539,4.371,13,-0.015982364287682405,8.15,30.14666666666667,3,179.22033333333334,3,188.96433333333331,3,5.033333333333333,3,1.581171778501922e-4,-0.011398098108048371,COMPLETE,28.571428571428573,5.928571428571429,4.071428571428571,6.285714285714286,56.92857142857143,30.24175824175824,52.57142857142858,156.65934065934067,15.296703296703297,14,0,0,0
2024,1,Del Norte,6,89,83,0.06741573033707865,2024-01-01,2024 Q1,2024-03-31,5,91,1,0,0,0,1,0,0,0,1,0,0,0,Pre-credit rolloff / pre-war,86431,197,16389,0,109,0.4961317064173874,0.4692720618926973,0.8389974470233068,0.15909024724074666,0.0019123057359464943,0,4.493692307692307,4.801,13,-0.09116649553501988,8.22,31.163333333333334,3,178.98266666666666,3,184.34766666666667,3,5.133333333333333,3,-0.0013261144103813294,-0.024431418274700745,COMPLETE,29.23076923076923,5.461538461538462,2.769230769230769,6.153846153846154,58.76923076923077,18.93491124260355,54.34319526627219,173.63313609467457,15.526627218934912,13,0,0,0
2024,2,Del Norte,11,137,126,0.08029197080291971,2024-04-01,2024 Q2,2024-06-30,6,91,0,1,0,0,1,0,0,0,1,0,0,0,Pre-credit rolloff / pre-war,100124,94,16596,0,111,0.5129350933963395,0.4688992757717397,0.8571232900166076,0.1420720119163799,8.046980670125156e-4,0,4.953461538461538,4.564,13,0.10231435516450404,8.2,34.093333333333334,3,177.66833333333332,3,180.175,3,5.233333333333333,3,-0.007343355408717445,-0.022634768001764782,COMPLETE,28.76923076923077,5.461538461538462,6.846153846153846,5.846153846153846,70.92307692307692,21.396449704142015,61.159763313609474,171.55029585798817,17.230769230769234,13,0,0,0
2024,3,Del Norte,15,104,89,0.14423076923076922,2024-07-01,2024 Q3,2024-09-30,7,92,0,0,1,0,1,0,0,0,1,0,0,0,Pre-credit rolloff / pre-war,99738,128,15374,0,126,0.5170079833391183,0.4686827490454703,0.8654807358556057,0.13340853870183964,0.0011107254425546686,0,4.425285714285715,4.412,14,-0.10662762193160502,8.4,31.926666666666666,3,177.11233333333334,3,175.28166666666667,3,5.4,3,-0.0031294265532216814,-0.02715878081494849,COMPLETE,27,5.3076923076923075,9,5.076923076923077,57.69230769230769,18.55621301775148,58.130177514792905,173.06508875739647,16.09467455621302,13,0,0,0
2024,4,Del Norte,3,100,97,0.03,2024-10-01,2024 Q4,2024-12-31,8,92,0,0,0,1,1,0,0,0,1,0,0,0,Pre-credit rolloff / pre-war,92617,181,15505,0,138,0.4802083044791003,0.40662770191038106,0.8551656002142138,0.14316316260860734,0.001671237177178841,0,4.2403076923076926,4.105,13,-0.041800243853380104,7.82,31.083333333333336,3,177.79033333333334,3,179.781,3,5.4,3,0.0038280789781248714,0.025669161064572288,COMPLETE,24.846153846153847,5.384615384615385,8.692307692307692,6.153846153846154,57.30769230769231,15.905325443786984,54.72189349112426,160.18934911242604,15.147928994082841,13,2,6000,7500
2025,1,Del Norte,6,95,89,0.06315789473684211,2025-01-01,2025 Q1,2025-03-31,9,90,1,0,0,0,1,0,0,0,1,0,0,0,Pre-credit rolloff / pre-war,85610,68,15275,0,150,0.4294968945945143,0.3761453349578517,0.8480183847929235,0.15130803443186433,6.735807752122274e-4,0,4.388538461538461,4.585,13,0.03495755025034453,8.04,31.493333333333332,3,178.54733333333334,3,185.72533333333334,3,5.4,3,0.0042578242911595066,0.03306430230854951,COMPLETE,26.076923076923077,5.461538461538462,8,5,55,19.124260355029588,56.426035502958584,181.01775147928996,16.284023668639055,13,1,0,0
2025,2,Del Norte,9,116,107,0.07758620689655173,2025-04-01,2025 Q2,2025-06-30,10,91,0,1,0,0,1,0,0,0,1,0,0,0,Pre-credit rolloff / pre-war,84693,62,16868,0,152,0.47184200427068673,0.4086082874939728,0.833403855426429,0.1659860464658591,6.100981077118368e-4,0,4.5673076923076925,4.36,13,0.04073548228777768,7.67,33.56666666666667,3,178.27566666666667,3,183.76566666666668,3,5.466666666666667,3,-0.0015215386396137953,-0.01055142360762129,COMPLETE,24.46153846153846,5.769230769230769,8.384615384615385,4.384615384615385,55.23076923076923,21.396449704142015,57.18343195266272,168.71005917159766,14.958579881656807,13,0,0,0
2025,3,Del Norte,6,99,93,0.06060606060606061,2025-07-01,2025 Q3,2025-09-30,11,92,0,0,1,0,1,1,0,0,1,0,0,0,Credit-expiration pull-forward,110380,114,16595,0,149,0.5028759373352533,0.3980674960067354,0.8685252067448795,0.13057778407257906,8.970091825413687e-4,0,4.343,4.446,13,-0.049111578947368506,7.64,32.11666666666667,3,178.20466666666667,3,184.62466666666666,3,5.5,3,-3.9825962414008487e-4,0.00467443138634871,COMPLETE,27.46153846153846,5.384615384615385,12.307692307692308,8.692307692307692,68,16.09467455621302,65.13609467455622,184.4260355029586,15.905325443786984,13,0,0,0
2025,4,Del Norte,8,99,91,0.08080808080808081,2025-10-01,2025 Q4,2025-12-31,12,92,0,0,0,1,0,0,1,0,1,0,0,0,Post-credit / pre-war,70360,119,8587,0,151,0.5716490020995117,0.500379429843422,0.8898894594389497,0.10860546884880985,0.0015050717122404068,0,4.339846153846154,4.042,13,-7.261906870471568e-4,7.24,33.4,3,178.82533333333333,3,185.69233333333332,3,5.5,2,0.003482886718267686,0.0057829036928975786,PARTIAL,20.76923076923077,3.1538461538461537,5.6923076923076925,0.23076923076923075,54.61538461538461,15.526627218934912,57.18343195266272,159.81065088757398,14.011834319526628,13,1,9800,7500
2026,1,Del Norte,4,80,76,0.05,2026-01-01,2026 Q1,2026-03-31,13,90,1,0,0,0,0,0,1,0,1,0.35555555555555557,1,0,War transition quarter,56856,90,7722,0,137,0.5655038040452774,0.500742252737057,0.8791983670439785,0.11940990907403971,0.0013917238819818147,0,4.591538461538462,5.711,13,0.057995675139139946,7.53,32.28666666666667,3,179.31433333333334,3,180.56266666666667,3,5.366666666666667,3,0.0027345118886958897,-0.02762454741445075,COMPLETE,33,7.307692307692308,5.307692307692308,0.6923076923076922,61.30769230769231,41.08875739644971,85.20710059171599,196.92307692307693,19.124260355029588,13,0,0,0
2026,2,Del Norte,6,92,86,0.06521739130434782,2026-04-01,2026 Q2,2026-06-30,14,91,0,1,0,0,0,0,1,0,1,1,0,1,Full post-war quarter,75597,81,11179,0,148,0.5973611798703616,0.5192673014264826,0.870361628884258,0.12870580379244045,9.325673233015186e-4,0,5.728,5.245,13,0.247512146088122,7.14,35.25,1,178.852,3,179.806,3,5.3,2,-0.0025783400843584214,-0.004190604185435154,PARTIAL,49.84615384615385,17.46153846153846,8.076923076923077,0,79.15384615384616,38.81656804733728,153.37278106508876,234.98224852071007,23.479289940828405,13,0,0,0
2023,1,El Dorado,313,1595,1282,0.1962382445141066,2023-01-01,2023 Q1,2023-03-31,1,90,1,0,0,0,1,0,0,1,0,0,0,0,Pre-credit rolloff / pre-war,83811,790,14684,0,90,0.5995568313441104,0.5098252505413708,0.8441456413355491,0.147897466888251,0.007956891776199829,0,4.461384615384615,4.634,13,,7.48,28.036666666666665,3,178.34199999999998,3,188.251,3,4.466666666666667,3,,,COMPLETE,28.76923076923077,6.230769230769231,2.3846153846153846,9.923076923076923,65.53846153846153,26.698224852071007,53.58579881656805,187.83431952662724,17.79881656804734,13,0,0,0
2023,2,El Dorado,399,1824,1425,0.21875,2023-04-01,2023 Q2,2023-06-30,2,91,0,1,0,0,1,0,0,1,0,0,0,0,Pre-credit rolloff / pre-war,103367,972,15215,0,99,0.6270890141693294,0.5796125600147214,0.8646051156799438,0.12726466701239608,0.008130217307660137,0,4.6605384615384615,4.649,13,0.044639470326563124,7.81,30.253333333333334,3,178.84066666666666,3,196.347,3,4.566666666666666,3,0.0027961257957558328,0.04300641165252772,COMPLETE,27.923076923076923,5.769230769230769,4.076923076923077,9.153846153846153,64.07692307692308,24.236686390532547,56.426035502958584,176.85207100591717,17.988165680473376,13,0,0,0
2023,3,El Dorado,378,1724,1346,0.21925754060324826,2023-07-01,2023 Q3,2023-09-30,3,92,0,0,1,0,1,0,0,1,0,0,0,0,Pre-credit rolloff / pre-war,100380,1135,17422,0,104,0.5617007323204721,0.5060241976844885,0.8439762227061386,0.14648091006162928,0.00954286723223219,0,5.02476923076923,5.699,13,0.0781520788287915,7.88,29.813333333333333,3,179.192,3,191.143,3,4.8,3,0.001964504717420823,-0.026504097337876398,COMPLETE,31.692307692307693,6.153846153846154,4.076923076923077,7.153846153846154,57.69230769230769,35.40828402366864,57.94082840236687,177.23076923076923,17.230769230769234,13,0,0,0
2023,4,El Dorado,375,1672,1297,0.2242822966507177,2023-10-01,2023 Q4,2023-12-31,4,92,0,0,0,1,1,0,0,0.41304347826086957,0,0,0,0,Pre-credit rolloff / pre-war,86827,220,15454,0,107,0.4996243939083521,0.4510102340464971,0.8470844186885982,0.15076926078769964,0.0021463205237022076,0,4.944461538461539,4.371,13,-0.015982364287682405,8.15,30.14666666666667,3,179.22033333333334,3,188.96433333333331,3,5.033333333333333,3,1.581171778501922e-4,-0.011398098108048371,COMPLETE,28.571428571428573,5.928571428571429,4.071428571428571,6.285714285714286,56.92857142857143,30.24175824175824,52.57142857142858,156.65934065934067,15.296703296703297,14,0,0,0
2024,1,El Dorado,351,1588,1237,0.22103274559193956,2024-01-01,2024 Q1,2024-03-31,5,91,1,0,0,0,1,0,0,0,1,0,0,0,Pre-credit rolloff / pre-war,86431,197,16389,0,109,0.4961317064173874,0.4692720618926973,0.8389974470233068,0.15909024724074666,0.0019123057359464943,0,4.493692307692307,4.801,13,-0.09116649553501988,8.22,31.163333333333334,3,178.98266666666666,3,184.34766666666667,3,5.133333333333333,3,-0.0013261144103813294,-0.024431418274700745,COMPLETE,29.23076923076923,5.461538461538462,2.769230769230769,6.153846153846154,58.76923076923077,18.93491124260355,54.34319526627219,173.63313609467457,15.526627218934912,13,0,0,0
2024,2,El Dorado,424,1720,1296,0.24651162790697675,2024-04-01,2024 Q2,2024-06-30,6,91,0,1,0,0,1,0,0,0,1,0,0,0,Pre-credit rolloff / pre-war,100124,94,16596,0,111,0.5129350933963395,0.4688992757717397,0.8571232900166076,0.1420720119163799,8.046980670125156e-4,0,4.953461538461538,4.564,13,0.10231435516450404,8.2,34.093333333333334,3,177.66833333333332,3,180.175,3,5.233333333333333,3,-0.007343355408717445,-0.022634768001764782,COMPLETE,28.76923076923077,5.461538461538462,6.846153846153846,5.846153846153846,70.92307692307692,21.396449704142015,61.159763313609474,171.55029585798817,17.230769230769234,13,0,0,0
2024,3,El Dorado,409,1732,1323,0.2361431870669746,2024-07-01,2024 Q3,2024-09-30,7,92,0,0,1,0,1,0,0,0,1,0,0,0,Pre-credit rolloff / pre-war,99738,128,15374,0,126,0.5170079833391183,0.4686827490454703,0.8654807358556057,0.13340853870183964,0.0011107254425546686,0,4.425285714285715,4.412,14,-0.10662762193160502,8.4,31.926666666666666,3,177.11233333333334,3,175.28166666666667,3,5.4,3,-0.0031294265532216814,-0.02715878081494849,COMPLETE,27,5.3076923076923075,9,5.076923076923077,57.69230769230769,18.55621301775148,58.130177514792905,173.06508875739647,16.09467455621302,13,0,0,0
2024,4,El Dorado,383,1696,1313,0.2258254716981132,2024-10-01,2024 Q4,2024-12-31,8,92,0,0,0,1,1,0,0,0,1,0,0,0,Pre-credit rolloff / pre-war,92617,181,15505,0,138,0.4802083044791003,0.40662770191038106,0.8551656002142138,0.14316316260860734,0.001671237177178841,0,4.2403076923076926,4.105,13,-0.041800243853380104,7.82,31.083333333333336,3,177.79033333333334,3,179.781,3,5.4,3,0.0038280789781248714,0.025669161064572288,COMPLETE,24.846153846153847,5.384615384615385,8.692307692307692,6.153846153846154,57.30769230769231,15.905325443786984,54.72189349112426,160.18934911242604,15.147928994082841,13,2,6000,7500
2025,1,El Dorado,387,1676,1289,0.2309069212410501,2025-01-01,2025 Q1,2025-03-31,9,90,1,0,0,0,1,0,0,0,1,0,0,0,Pre-credit rolloff / pre-war,85610,68,15275,0,150,0.4294968945945143,0.3761453349578517,0.8480183847929235,0.15130803443186433,6.735807752122274e-4,0,4.388538461538461,4.585,13,0.03495755025034453,8.04,31.493333333333332,3,178.54733333333334,3,185.72533333333334,3,5.4,3,0.0042578242911595066,0.03306430230854951,COMPLETE,26.076923076923077,5.461538461538462,8,5,55,19.124260355029588,56.426035502958584,181.01775147928996,16.284023668639055,13,1,0,0
2025,2,El Dorado,373,1763,1390,0.21157118547929665,2025-04-01,2025 Q2,2025-06-30,10,91,0,1,0,0,1,0,0,0,1,0,0,0,Pre-credit rolloff / pre-war,84693,62,16868,0,152,0.47184200427068673,0.4086082874939728,0.833403855426429,0.1659860464658591,6.100981077118368e-4,0,4.5673076923076925,4.36,13,0.04073548228777768,7.67,33.56666666666667,3,178.27566666666667,3,183.76566666666668,3,5.466666666666667,3,-0.0015215386396137953,-0.01055142360762129,COMPLETE,24.46153846153846,5.769230769230769,8.384615384615385,4.384615384615385,55.23076923076923,21.396449704142015,57.18343195266272,168.71005917159766,14.958579881656807,13,0,0,0
2025,3,El Dorado,435,1726,1291,0.25202780996523755,2025-07-01,2025 Q3,2025-09-30,11,92,0,0,1,0,1,1,0,0,1,0,0,0,Credit-expiration pull-forward,110380,114,16595,0,149,0.5028759373352533,0.3980674960067354,0.8685252067448795,0.13057778407257906,8.970091825413687e-4,0,4.343,4.446,13,-0.049111578947368506,7.64,32.11666666666667,3,178.20466666666667,3,184.62466666666666,3,5.5,3,-3.9825962414008487e-4,0.00467443138634871,COMPLETE,27.46153846153846,5.384615384615385,12.307692307692308,8.692307692307692,68,16.09467455621302,65.13609467455622,184.4260355029586,15.905325443786984,13,0,0,0
2025,4,El Dorado,263,1563,1300,0.16826615483045426,2025-10-01,2025 Q4,2025-12-31,12,92,0,0,0,1,0,0,1,0,1,0,0,0,Post-credit / pre-war,70360,119,8587,0,151,0.5716490020995117,0.500379429843422,0.8898894594389497,0.10860546884880985,0.0015050717122404068,0,4.339846153846154,4.042,13,-7.261906870471568e-4,7.24,33.4,3,178.82533333333333,3,185.69233333333332,3,5.5,2,0.003482886718267686,0.0057829036928975786,PARTIAL,20.76923076923077,3.1538461538461537,5.6923076923076925,0.23076923076923075,54.61538461538461,15.526627218934912,57.18343195266272,159.81065088757398,14.011834319526628,13,1,9800,7500
2026,1,El Dorado,256,1535,1279,0.16677524429967427,2026-01-01,2026 Q1,2026-03-31,13,90,1,0,0,0,0,0,1,0,1,0.35555555555555557,1,0,War transition quarter,56856,90,7722,0,137,0.5655038040452774,0.500742252737057,0.8791983670439785,0.11940990907403971,0.0013917238819818147,0,4.591538461538462,5.711,13,0.057995675139139946,7.53,32.28666666666667,3,179.31433333333334,3,180.56266666666667,3,5.366666666666667,3,0.0027345118886958897,-0.02762454741445075,COMPLETE,33,7.307692307692308,5.307692307692308,0.6923076923076922,61.30769230769231,41.08875739644971,85.20710059171599,196.92307692307693,19.124260355029588,13,0,0,0
2026,2,El Dorado,351,1602,1251,0.21910112359550563,2026-04-01,2026 Q2,2026-06-30,14,91,0,1,0,0,0,0,1,0,1,1,0,1,Full post-war quarter,75597,81,11179,0,148,0.5973611798703616,0.5192673014264826,0.870361628884258,0.12870580379244045,9.325673233015186e-4,0,5.728,5.245,13,0.247512146088122,7.14,35.25,1,178.852,3,179.806,3,5.3,2,-0.0025783400843584214,-0.004190604185435154,PARTIAL,49.84615384615385,17.46153846153846,8.076923076923077,0,79.15384615384616,38.81656804733728,153.37278106508876,234.98224852071007,23.479289940828405,13,0,0,0
2023,1,Fresno,774,6504,5730,0.11900369003690037,2023-01-01,2023 Q1,2023-03-31,1,90,1,0,0,0,1,0,0,1,0,0,0,0,Pre-credit rolloff / pre-war,83811,790,14684,0,90,0.5995568313441104,0.5098252505413708,0.8441456413355491,0.147897466888251,0.007956891776199829,0,4.461384615384615,4.634,13,,7.48,28.036666666666665,3,178.34199999999998,3,188.251,3,4.466666666666667,3,,,COMPLETE,28.76923076923077,6.230769230769231,2.3846153846153846,9.923076923076923,65.53846153846153,26.698224852071007,53.58579881656805,187.83431952662724,17.79881656804734,13,0,0,0
2023,2,Fresno,1081,7321,6240,0.14765742384920094,2023-04-01,2023 Q2,2023-06-30,2,91,0,1,0,0,1,0,0,1,0,0,0,0,Pre-credit rolloff / pre-war,103367,972,15215,0,99,0.6270890141693294,0.5796125600147214,0.8646051156799438,0.12726466701239608,0.008130217307660137,0,4.6605384615384615,4.649,13,0.044639470326563124,7.81,30.253333333333334,3,178.84066666666666,3,196.347,3,4.566666666666666,3,0.0027961257957558328,0.04300641165252772,COMPLETE,27.923076923076923,5.769230769230769,4.076923076923077,9.153846153846153,64.07692307692308,24.236686390532547,56.426035502958584,176.85207100591717,17.988165680473376,13,0,0,0
2023,3,Fresno,1173,7229,6056,0.16226310693041915,2023-07-01,2023 Q3,2023-09-30,3,92,0,0,1,0,1,0,0,1,0,0,0,0,Pre-credit rolloff / pre-war,100380,1135,17422,0,104,0.5617007323204721,0.5060241976844885,0.8439762227061386,0.14648091006162928,0.00954286723223219,0,5.02476923076923,5.699,13,0.0781520788287915,7.88,29.813333333333333,3,179.192,3,191.143,3,4.8,3,0.001964504717420823,-0.026504097337876398,COMPLETE,31.692307692307693,6.153846153846154,4.076923076923077,7.153846153846154,57.69230769230769,35.40828402366864,57.94082840236687,177.23076923076923,17.230769230769234,13,0,0,0
2023,4,Fresno,925,6276,5351,0.14738687061822817,2023-10-01,2023 Q4,2023-12-31,4,92,0,0,0,1,1,0,0,0.41304347826086957,0,0,0,0,Pre-credit rolloff / pre-war,86827,220,15454,0,107,0.4996243939083521,0.4510102340464971,0.8470844186885982,0.15076926078769964,0.0021463205237022076,0,4.944461538461539,4.371,13,-0.015982364287682405,8.15,30.14666666666667,3,179.22033333333334,3,188.96433333333331,3,5.033333333333333,3,1.581171778501922e-4,-0.011398098108048371,COMPLETE,28.571428571428573,5.928571428571429,4.071428571428571,6.285714285714286,56.92857142857143,30.24175824175824,52.57142857142858,156.65934065934067,15.296703296703297,14,0,0,0
2024,1,Fresno,810,6108,5298,0.13261296660117877,2024-01-01,2024 Q1,2024-03-31,5,91,1,0,0,0,1,0,0,0,1,0,0,0,Pre-credit rolloff / pre-war,86431,197,16389,0,109,0.4961317064173874,0.4692720618926973,0.8389974470233068,0.15909024724074666,0.0019123057359464943,0,4.493692307692307,4.801,13,-0.09116649553501988,8.22,31.163333333333334,3,178.98266666666666,3,184.34766666666667,3,5.133333333333333,3,-0.0013261144103813294,-0.024431418274700745,COMPLETE,29.23076923076923,5.461538461538462,2.769230769230769,6.153846153846154,58.76923076923077,18.93491124260355,54.34319526627219,173.63313609467457,15.526627218934912,13,0,0,0
2024,2,Fresno,936,6254,5318,0.14966421490246243,2024-04-01,2024 Q2,2024-06-30,6,91,0,1,0,0,1,0,0,0,1,0,0,0,Pre-credit rolloff / pre-war,100124,94,16596,0,111,0.5129350933963395,0.4688992757717397,0.8571232900166076,0.1420720119163799,8.046980670125156e-4,0,4.953461538461538,4.564,13,0.10231435516450404,8.2,34.093333333333334,3,177.66833333333332,3,180.175,3,5.233333333333333,3,-0.007343355408717445,-0.022634768001764782,COMPLETE,28.76923076923077,5.461538461538462,6.846153846153846,5.846153846153846,70.92307692307692,21.396449704142015,61.159763313609474,171.55029585798817,17.230769230769234,13,0,0,0
2024,3,Fresno,1019,7166,6147,0.14219927435110244,2024-07-01,2024 Q3,2024-09-30,7,92,0,0,1,0,1,0,0,0,1,0,0,0,Pre-credit rolloff / pre-war,99738,128,15374,0,126,0.5170079833391183,0.4686827490454703,0.8654807358556057,0.13340853870183964,0.0011107254425546686,0,4.425285714285715,4.412,14,-0.10662762193160502,8.4,31.926666666666666,3,177.11233333333334,3,175.28166666666667,3,5.4,3,-0.0031294265532216814,-0.02715878081494849,COMPLETE,27,5.3076923076923075,9,5.076923076923077,57.69230769230769,18.55621301775148,58.130177514792905,173.06508875739647,16.09467455621302,13,0,0,0
2024,4,Fresno,915,6371,5456,0.14361952597708366,2024-10-01,2024 Q4,2024-12-31,8,92,0,0,0,1,1,0,0,0,1,0,0,0,Pre-credit rolloff / pre-war,92617,181,15505,0,138,0.4802083044791003,0.40662770191038106,0.8551656002142138,0.14316316260860734,0.001671237177178841,0,4.2403076923076926,4.105,13,-0.041800243853380104,7.82,31.083333333333336,3,177.79033333333334,3,179.781,3,5.4,3,0.0038280789781248714,0.025669161064572288,COMPLETE,24.846153846153847,5.384615384615385,8.692307692307692,6.153846153846154,57.30769230769231,15.905325443786984,54.72189349112426,160.18934911242604,15.147928994082841,13,2,6000,7500
2025,1,Fresno,890,6579,5689,0.13527891776865786,2025-01-01,2025 Q1,2025-03-31,9,90,1,0,0,0,1,0,0,0,1,0,0,0,Pre-credit rolloff / pre-war,85610,68,15275,0,150,0.4294968945945143,0.3761453349578517,0.8480183847929235,0.15130803443186433,6.735807752122274e-4,0,4.388538461538461,4.585,13,0.03495755025034453,8.04,31.493333333333332,3,178.54733333333334,3,185.72533333333334,3,5.4,3,0.0042578242911595066,0.03306430230854951,COMPLETE,26.076923076923077,5.461538461538462,8,5,55,19.124260355029588,56.426035502958584,181.01775147928996,16.284023668639055,13,1,0,0
2025,2,Fresno,990,7314,6324,0.13535684987694832,2025-04-01,2025 Q2,2025-06-30,10,91,0,1,0,0,1,0,0,0,1,0,0,0,Pre-credit rolloff / pre-war,84693,62,16868,0,152,0.47184200427068673,0.4086082874939728,0.833403855426429,0.1659860464658591,6.100981077118368e-4,0,4.5673076923076925,4.36,13,0.04073548228777768,7.67,33.56666666666667,3,178.27566666666667,3,183.76566666666668,3,5.466666666666667,3,-0.0015215386396137953,-0.01055142360762129,COMPLETE,24.46153846153846,5.769230769230769,8.384615384615385,4.384615384615385,55.23076923076923,21.396449704142015,57.18343195266272,168.71005917159766,14.958579881656807,13,0,0,0
2025,3,Fresno,1189,7355,6166,0.16165873555404486,2025-07-01,2025 Q3,2025-09-30,11,92,0,0,1,0,1,1,0,0,1,0,0,0,Credit-expiration pull-forward,110380,114,16595,0,149,0.5028759373352533,0.3980674960067354,0.8685252067448795,0.13057778407257906,8.970091825413687e-4,0,4.343,4.446,13,-0.049111578947368506,7.64,32.11666666666667,3,178.20466666666667,3,184.62466666666666,3,5.5,3,-3.9825962414008487e-4,0.00467443138634871,COMPLETE,27.46153846153846,5.384615384615385,12.307692307692308,8.692307692307692,68,16.09467455621302,65.13609467455622,184.4260355029586,15.905325443786984,13,0,0,0
2025,4,Fresno,710,6984,6274,0.10166093928980527,2025-10-01,2025 Q4,2025-12-31,12,92,0,0,0,1,0,0,1,0,1,0,0,0,Post-credit / pre-war,70360,119,8587,0,151,0.5716490020995117,0.500379429843422,0.8898894594389497,0.10860546884880985,0.0015050717122404068,0,4.339846153846154,4.042,13,-7.261906870471568e-4,7.24,33.4,3,178.82533333333333,3,185.69233333333332,3,5.5,2,0.003482886718267686,0.0057829036928975786,PARTIAL,20.76923076923077,3.1538461538461537,5.6923076923076925,0.23076923076923075,54.61538461538461,15.526627218934912,57.18343195266272,159.81065088757398,14.011834319526628,13,1,9800,7500
2026,1,Fresno,655,6524,5869,0.10039852851011649,2026-01-01,2026 Q1,2026-03-31,13,90,1,0,0,0,0,0,1,0,1,0.35555555555555557,1,0,War transition quarter,56856,90,7722,0,137,0.5655038040452774,0.500742252737057,0.8791983670439785,0.11940990907403971,0.0013917238819818147,0,4.591538461538462,5.711,13,0.057995675139139946,7.53,32.28666666666667,3,179.31433333333334,3,180.56266666666667,3,5.366666666666667,3,0.0027345118886958897,-0.02762454741445075,COMPLETE,33,7.307692307692308,5.307692307692308,0.6923076923076922,61.30769230769231,41.08875739644971,85.20710059171599,196.92307692307693,19.124260355029588,13,0,0,0
2026,2,Fresno,917,7406,6489,0.12381852551984877,2026-04-01,2026 Q2,2026-06-30,14,91,0,1,0,0,0,0,1,0,1,1,0,1,Full post-war quarter,75597,81,11179,0,148,0.5973611798703616,0.5192673014264826,0.870361628884258,0.12870580379244045,9.325673233015186e-4,0,5.728,5.245,13,0.247512146088122,7.14,35.25,1,178.852,3,179.806,3,5.3,2,-0.0025783400843584214,-0.004190604185435154,PARTIAL,49.84615384615385,17.46153846153846,8.076923076923077,0,79.15384615384616,38.81656804733728,153.37278106508876,234.98224852071007,23.479289940828405,13,0,0,0
2023,1,Glenn,10,163,153,0.06134969325153374,2023-01-01,2023 Q1,2023-03-31,1,90,1,0,0,0,1,0,0,1,0,0,0,0,Pre-credit rolloff / pre-war,83811,790,14684,0,90,0.5995568313441104,0.5098252505413708,0.8441456413355491,0.147897466888251,0.007956891776199829,0,4.461384615384615,4.634,13,,7.48,28.036666666666665,3,178.34199999999998,3,188.251,3,4.466666666666667,3,,,COMPLETE,28.76923076923077,6.230769230769231,2.3846153846153846,9.923076923076923,65.53846153846153,26.698224852071007,53.58579881656805,187.83431952662724,17.79881656804734,13,0,0,0
2023,2,Glenn,8,155,147,0.05161290322580645,2023-04-01,2023 Q2,2023-06-30,2,91,0,1,0,0,1,0,0,1,0,0,0,0,Pre-credit rolloff / pre-war,103367,972,15215,0,99,0.6270890141693294,0.5796125600147214,0.8646051156799438,0.12726466701239608,0.008130217307660137,0,4.6605384615384615,4.649,13,0.044639470326563124,7.81,30.253333333333334,3,178.84066666666666,3,196.347,3,4.566666666666666,3,0.0027961257957558328,0.04300641165252772,COMPLETE,27.923076923076923,5.769230769230769,4.076923076923077,9.153846153846153,64.07692307692308,24.236686390532547,56.426035502958584,176.85207100591717,17.988165680473376,13,0,0,0
2023,3,Glenn,12,165,153,0.07272727272727272,2023-07-01,2023 Q3,2023-09-30,3,92,0,0,1,0,1,0,0,1,0,0,0,0,Pre-credit rolloff / pre-war,100380,1135,17422,0,104,0.5617007323204721,0.5060241976844885,0.8439762227061386,0.14648091006162928,0.00954286723223219,0,5.02476923076923,5.699,13,0.0781520788287915,7.88,29.813333333333333,3,179.192,3,191.143,3,4.8,3,0.001964504717420823,-0.026504097337876398,COMPLETE,31.692307692307693,6.153846153846154,4.076923076923077,7.153846153846154,57.69230769230769,35.40828402366864,57.94082840236687,177.23076923076923,17.230769230769234,13,0,0,0
2023,4,Glenn,10,146,136,0.0684931506849315,2023-10-01,2023 Q4,2023-12-31,4,92,0,0,0,1,1,0,0,0.41304347826086957,0,0,0,0,Pre-credit rolloff / pre-war,86827,220,15454,0,107,0.4996243939083521,0.4510102340464971,0.8470844186885982,0.15076926078769964,0.0021463205237022076,0,4.944461538461539,4.371,13,-0.015982364287682405,8.15,30.14666666666667,3,179.22033333333334,3,188.96433333333331,3,5.033333333333333,3,1.581171778501922e-4,-0.011398098108048371,COMPLETE,28.571428571428573,5.928571428571429,4.071428571428571,6.285714285714286,56.92857142857143,30.24175824175824,52.57142857142858,156.65934065934067,15.296703296703297,14,0,0,0
2024,1,Glenn,10,149,139,0.06711409395973154,2024-01-01,2024 Q1,2024-03-31,5,91,1,0,0,0,1,0,0,0,1,0,0,0,Pre-credit rolloff / pre-war,86431,197,16389,0,109,0.4961317064173874,0.4692720618926973,0.8389974470233068,0.15909024724074666,0.0019123057359464943,0,4.493692307692307,4.801,13,-0.09116649553501988,8.22,31.163333333333334,3,178.98266666666666,3,184.34766666666667,3,5.133333333333333,3,-0.0013261144103813294,-0.024431418274700745,COMPLETE,29.23076923076923,5.461538461538462,2.769230769230769,6.153846153846154,58.76923076923077,18.93491124260355,54.34319526627219,173.63313609467457,15.526627218934912,13,0,0,0
2024,2,Glenn,7,170,163,0.041176470588235294,2024-04-01,2024 Q2,2024-06-30,6,91,0,1,0,0,1,0,0,0,1,0,0,0,Pre-credit rolloff / pre-war,100124,94,16596,0,111,0.5129350933963395,0.4688992757717397,0.8571232900166076,0.1420720119163799,8.046980670125156e-4,0,4.953461538461538,4.564,13,0.10231435516450404,8.2,34.093333333333334,3,177.66833333333332,3,180.175,3,5.233333333333333,3,-0.007343355408717445,-0.022634768001764782,COMPLETE,28.76923076923077,5.461538461538462,6.846153846153846,5.846153846153846,70.92307692307692,21.396449704142015,61.159763313609474,171.55029585798817,17.230769230769234,13,0,0,0
2024,3,Glenn,9,153,144,0.058823529411764705,2024-07-01,2024 Q3,2024-09-30,7,92,0,0,1,0,1,0,0,0,1,0,0,0,Pre-credit rolloff / pre-war,99738,128,15374,0,126,0.5170079833391183,0.4686827490454703,0.8654807358556057,0.13340853870183964,0.0011107254425546686,0,4.425285714285715,4.412,14,-0.10662762193160502,8.4,31.926666666666666,3,177.11233333333334,3,175.28166666666667,3,5.4,3,-0.0031294265532216814,-0.02715878081494849,COMPLETE,27,5.3076923076923075,9,5.076923076923077,57.69230769230769,18.55621301775148,58.130177514792905,173.06508875739647,16.09467455621302,13,0,0,0
2024,4,Glenn,12,139,127,0.08633093525179857,2024-10-01,2024 Q4,2024-12-31,8,92,0,0,0,1,1,0,0,0,1,0,0,0,Pre-credit rolloff / pre-war,92617,181,15505,0,138,0.4802083044791003,0.40662770191038106,0.8551656002142138,0.14316316260860734,0.001671237177178841,0,4.2403076923076926,4.105,13,-0.041800243853380104,7.82,31.083333333333336,3,177.79033333333334,3,179.781,3,5.4,3,0.0038280789781248714,0.025669161064572288,COMPLETE,24.846153846153847,5.384615384615385,8.692307692307692,6.153846153846154,57.30769230769231,15.905325443786984,54.72189349112426,160.18934911242604,15.147928994082841,13,2,6000,7500
2025,1,Glenn,10,170,160,0.058823529411764705,2025-01-01,2025 Q1,2025-03-31,9,90,1,0,0,0,1,0,0,0,1,0,0,0,Pre-credit rolloff / pre-war,85610,68,15275,0,150,0.4294968945945143,0.3761453349578517,0.8480183847929235,0.15130803443186433,6.735807752122274e-4,0,4.388538461538461,4.585,13,0.03495755025034453,8.04,31.493333333333332,3,178.54733333333334,3,185.72533333333334,3,5.4,3,0.0042578242911595066,0.03306430230854951,COMPLETE,26.076923076923077,5.461538461538462,8,5,55,19.124260355029588,56.426035502958584,181.01775147928996,16.284023668639055,13,1,0,0
2025,2,Glenn,8,164,156,0.04878048780487805,2025-04-01,2025 Q2,2025-06-30,10,91,0,1,0,0,1,0,0,0,1,0,0,0,Pre-credit rolloff / pre-war,84693,62,16868,0,152,0.47184200427068673,0.4086082874939728,0.833403855426429,0.1659860464658591,6.100981077118368e-4,0,4.5673076923076925,4.36,13,0.04073548228777768,7.67,33.56666666666667,3,178.27566666666667,3,183.76566666666668,3,5.466666666666667,3,-0.0015215386396137953,-0.01055142360762129,COMPLETE,24.46153846153846,5.769230769230769,8.384615384615385,4.384615384615385,55.23076923076923,21.396449704142015,57.18343195266272,168.71005917159766,14.958579881656807,13,0,0,0
2025,3,Glenn,13,132,119,0.09848484848484848,2025-07-01,2025 Q3,2025-09-30,11,92,0,0,1,0,1,1,0,0,1,0,0,0,Credit-expiration pull-forward,110380,114,16595,0,149,0.5028759373352533,0.3980674960067354,0.8685252067448795,0.13057778407257906,8.970091825413687e-4,0,4.343,4.446,13,-0.049111578947368506,7.64,32.11666666666667,3,178.20466666666667,3,184.62466666666666,3,5.5,3,-3.9825962414008487e-4,0.00467443138634871,COMPLETE,27.46153846153846,5.384615384615385,12.307692307692308,8.692307692307692,68,16.09467455621302,65.13609467455622,184.4260355029586,15.905325443786984,13,0,0,0
2025,4,Glenn,7,146,139,0.04794520547945205,2025-10-01,2025 Q4,2025-12-31,12,92,0,0,0,1,0,0,1,0,1,0,0,0,Post-credit / pre-war,70360,119,8587,0,151,0.5716490020995117,0.500379429843422,0.8898894594389497,0.10860546884880985,0.0015050717122404068,0,4.339846153846154,4.042,13,-7.261906870471568e-4,7.24,33.4,3,178.82533333333333,3,185.69233333333332,3,5.5,2,0.003482886718267686,0.0057829036928975786,PARTIAL,20.76923076923077,3.1538461538461537,5.6923076923076925,0.23076923076923075,54.61538461538461,15.526627218934912,57.18343195266272,159.81065088757398,14.011834319526628,13,1,9800,7500
2026,1,Glenn,12,145,133,0.08275862068965517,2026-01-01,2026 Q1,2026-03-31,13,90,1,0,0,0,0,0,1,0,1,0.35555555555555557,1,0,War transition quarter,56856,90,7722,0,137,0.5655038040452774,0.500742252737057,0.8791983670439785,0.11940990907403971,0.0013917238819818147,0,4.591538461538462,5.711,13,0.057995675139139946,7.53,32.28666666666667,3,179.31433333333334,3,180.56266666666667,3,5.366666666666667,3,0.0027345118886958897,-0.02762454741445075,COMPLETE,33,7.307692307692308,5.307692307692308,0.6923076923076922,61.30769230769231,41.08875739644971,85.20710059171599,196.92307692307693,19.124260355029588,13,0,0,0
2026,2,Glenn,18,137,119,0.13138686131386862,2026-04-01,2026 Q2,2026-06-30,14,91,0,1,0,0,0,0,1,0,1,1,0,1,Full post-war quarter,75597,81,11179,0,148,0.5973611798703616,0.5192673014264826,0.870361628884258,0.12870580379244045,9.325673233015186e-4,0,5.728,5.245,13,0.247512146088122,7.14,35.25,1,178.852,3,179.806,3,5.3,2,-0.0025783400843584214,-0.004190604185435154,PARTIAL,49.84615384615385,17.46153846153846,8.076923076923077,0,79.15384615384616,38.81656804733728,153.37278106508876,234.98224852071007,23.479289940828405,13,0,0,0
2023,1,Humboldt,95,628,533,0.15127388535031847,2023-01-01,2023 Q1,2023-03-31,1,90,1,0,0,0,1,0,0,1,0,0,0,0,Pre-credit rolloff / pre-war,83811,790,14684,0,90,0.5995568313441104,0.5098252505413708,0.8441456413355491,0.147897466888251,0.007956891776199829,0,4.461384615384615,4.634,13,,7.48,28.036666666666665,3,178.34199999999998,3,188.251,3,4.466666666666667,3,,,COMPLETE,28.76923076923077,6.230769230769231,2.3846153846153846,9.923076923076923,65.53846153846153,26.698224852071007,53.58579881656805,187.83431952662724,17.79881656804734,13,0,0,0
2023,2,Humboldt,96,695,599,0.1381294964028777,2023-04-01,2023 Q2,2023-06-30,2,91,0,1,0,0,1,0,0,1,0,0,0,0,Pre-credit rolloff / pre-war,103367,972,15215,0,99,0.6270890141693294,0.5796125600147214,0.8646051156799438,0.12726466701239608,0.008130217307660137,0,4.6605384615384615,4.649,13,0.044639470326563124,7.81,30.253333333333334,3,178.84066666666666,3,196.347,3,4.566666666666666,3,0.0027961257957558328,0.04300641165252772,COMPLETE,27.923076923076923,5.769230769230769,4.076923076923077,9.153846153846153,64.07692307692308,24.236686390532547,56.426035502958584,176.85207100591717,17.988165680473376,13,0,0,0
2023,3,Humboldt,87,629,542,0.1383147853736089,2023-07-01,2023 Q3,2023-09-30,3,92,0,0,1,0,1,0,0,1,0,0,0,0,Pre-credit rolloff / pre-war,100380,1135,17422,0,104,0.5617007323204721,0.5060241976844885,0.8439762227061386,0.14648091006162928,0.00954286723223219,0,5.02476923076923,5.699,13,0.0781520788287915,7.88,29.813333333333333,3,179.192,3,191.143,3,4.8,3,0.001964504717420823,-0.026504097337876398,COMPLETE,31.692307692307693,6.153846153846154,4.076923076923077,7.153846153846154,57.69230769230769,35.40828402366864,57.94082840236687,177.23076923076923,17.230769230769234,13,0,0,0
2023,4,Humboldt,80,580,500,0.13793103448275862,2023-10-01,2023 Q4,2023-12-31,4,92,0,0,0,1,1,0,0,0.41304347826086957,0,0,0,0,Pre-credit rolloff / pre-war,86827,220,15454,0,107,0.4996243939083521,0.4510102340464971,0.8470844186885982,0.15076926078769964,0.0021463205237022076,0,4.944461538461539,4.371,13,-0.015982364287682405,8.15,30.14666666666667,3,179.22033333333334,3,188.96433333333331,3,5.033333333333333,3,1.581171778501922e-4,-0.011398098108048371,COMPLETE,28.571428571428573,5.928571428571429,4.071428571428571,6.285714285714286,56.92857142857143,30.24175824175824,52.57142857142858,156.65934065934067,15.296703296703297,14,0,0,0
2024,1,Humboldt,77,593,516,0.12984822934232715,2024-01-01,2024 Q1,2024-03-31,5,91,1,0,0,0,1,0,0,0,1,0,0,0,Pre-credit rolloff / pre-war,86431,197,16389,0,109,0.4961317064173874,0.4692720618926973,0.8389974470233068,0.15909024724074666,0.0019123057359464943,0,4.493692307692307,4.801,13,-0.09116649553501988,8.22,31.163333333333334,3,178.98266666666666,3,184.34766666666667,3,5.133333333333333,3,-0.0013261144103813294,-0.024431418274700745,COMPLETE,29.23076923076923,5.461538461538462,2.769230769230769,6.153846153846154,58.76923076923077,18.93491124260355,54.34319526627219,173.63313609467457,15.526627218934912,13,0,0,0
2024,2,Humboldt,99,609,510,0.1625615763546798,2024-04-01,2024 Q2,2024-06-30,6,91,0,1,0,0,1,0,0,0,1,0,0,0,Pre-credit rolloff / pre-war,100124,94,16596,0,111,0.5129350933963395,0.4688992757717397,0.8571232900166076,0.1420720119163799,8.046980670125156e-4,0,4.953461538461538,4.564,13,0.10231435516450404,8.2,34.093333333333334,3,177.66833333333332,3,180.175,3,5.233333333333333,3,-0.007343355408717445,-0.022634768001764782,COMPLETE,28.76923076923077,5.461538461538462,6.846153846153846,5.846153846153846,70.92307692307692,21.396449704142015,61.159763313609474,171.55029585798817,17.230769230769234,13,0,0,0
2024,3,Humboldt,101,649,548,0.15562403697996918,2024-07-01,2024 Q3,2024-09-30,7,92,0,0,1,0,1,0,0,0,1,0,0,0,Pre-credit rolloff / pre-war,99738,128,15374,0,126,0.5170079833391183,0.4686827490454703,0.8654807358556057,0.13340853870183964,0.0011107254425546686,0,4.425285714285715,4.412,14,-0.10662762193160502,8.4,31.926666666666666,3,177.11233333333334,3,175.28166666666667,3,5.4,3,-0.0031294265532216814,-0.02715878081494849,COMPLETE,27,5.3076923076923075,9,5.076923076923077,57.69230769230769,18.55621301775148,58.130177514792905,173.06508875739647,16.09467455621302,13,0,0,0
2024,4,Humboldt,97,599,502,0.16193656093489148,2024-10-01,2024 Q4,2024-12-31,8,92,0,0,0,1,1,0,0,0,1,0,0,0,Pre-credit rolloff / pre-war,92617,181,15505,0,138,0.4802083044791003,0.40662770191038106,0.8551656002142138,0.14316316260860734,0.001671237177178841,0,4.2403076923076926,4.105,13,-0.041800243853380104,7.82,31.083333333333336,3,177.79033333333334,3,179.781,3,5.4,3,0.0038280789781248714,0.025669161064572288,COMPLETE,24.846153846153847,5.384615384615385,8.692307692307692,6.153846153846154,57.30769230769231,15.905325443786984,54.72189349112426,160.18934911242604,15.147928994082841,13,2,6000,7500
2025,1,Humboldt,80,611,531,0.1309328968903437,2025-01-01,2025 Q1,2025-03-31,9,90,1,0,0,0,1,0,0,0,1,0,0,0,Pre-credit rolloff / pre-war,85610,68,15275,0,150,0.4294968945945143,0.3761453349578517,0.8480183847929235,0.15130803443186433,6.735807752122274e-4,0,4.388538461538461,4.585,13,0.03495755025034453,8.04,31.493333333333332,3,178.54733333333334,3,185.72533333333334,3,5.4,3,0.0042578242911595066,0.03306430230854951,COMPLETE,26.076923076923077,5.461538461538462,8,5,55,19.124260355029588,56.426035502958584,181.01775147928996,16.284023668639055,13,1,0,0
2025,2,Humboldt,77,673,596,0.11441307578008915,2025-04-01,2025 Q2,2025-06-30,10,91,0,1,0,0,1,0,0,0,1,0,0,0,Pre-credit rolloff / pre-war,84693,62,16868,0,152,0.47184200427068673,0.4086082874939728,0.833403855426429,0.1659860464658591,6.100981077118368e-4,0,4.5673076923076925,4.36,13,0.04073548228777768,7.67,33.56666666666667,3,178.27566666666667,3,183.76566666666668,3,5.466666666666667,3,-0.0015215386396137953,-0.01055142360762129,COMPLETE,24.46153846153846,5.769230769230769,8.384615384615385,4.384615384615385,55.23076923076923,21.396449704142015,57.18343195266272,168.71005917159766,14.958579881656807,13,0,0,0
2025,3,Humboldt,71,576,505,0.1232638888888889,2025-07-01,2025 Q3,2025-09-30,11,92,0,0,1,0,1,1,0,0,1,0,0,0,Credit-expiration pull-forward,110380,114,16595,0,149,0.5028759373352533,0.3980674960067354,0.8685252067448795,0.13057778407257906,8.970091825413687e-4,0,4.343,4.446,13,-0.049111578947368506,7.64,32.11666666666667,3,178.20466666666667,3,184.62466666666666,3,5.5,3,-3.9825962414008487e-4,0.00467443138634871,COMPLETE,27.46153846153846,5.384615384615385,12.307692307692308,8.692307692307692,68,16.09467455621302,65.13609467455622,184.4260355029586,15.905325443786984,13,0,0,0
2025,4,Humboldt,55,561,506,0.09803921568627451,2025-10-01,2025 Q4,2025-12-31,12,92,0,0,0,1,0,0,1,0,1,0,0,0,Post-credit / pre-war,70360,119,8587,0,151,0.5716490020995117,0.500379429843422,0.8898894594389497,0.10860546884880985,0.0015050717122404068,0,4.339846153846154,4.042,13,-7.261906870471568e-4,7.24,33.4,3,178.82533333333333,3,185.69233333333332,3,5.5,2,0.003482886718267686,0.0057829036928975786,PARTIAL,20.76923076923077,3.1538461538461537,5.6923076923076925,0.23076923076923075,54.61538461538461,15.526627218934912,57.18343195266272,159.81065088757398,14.011834319526628,13,1,9800,7500
2026,1,Humboldt,57,502,445,0.11354581673306773,2026-01-01,2026 Q1,2026-03-31,13,90,1,0,0,0,0,0,1,0,1,0.35555555555555557,1,0,War transition quarter,56856,90,7722,0,137,0.5655038040452774,0.500742252737057,0.8791983670439785,0.11940990907403971,0.0013917238819818147,0,4.591538461538462,5.711,13,0.057995675139139946,7.53,32.28666666666667,3,179.31433333333334,3,180.56266666666667,3,5.366666666666667,3,0.0027345118886958897,-0.02762454741445075,COMPLETE,33,7.307692307692308,5.307692307692308,0.6923076923076922,61.30769230769231,41.08875739644971,85.20710059171599,196.92307692307693,19.124260355029588,13,0,0,0
2026,2,Humboldt,83,528,445,0.1571969696969697,2026-04-01,2026 Q2,2026-06-30,14,91,0,1,0,0,0,0,1,0,1,1,0,1,Full post-war quarter,75597,81,11179,0,148,0.5973611798703616,0.5192673014264826,0.870361628884258,0.12870580379244045,9.325673233015186e-4,0,5.728,5.245,13,0.247512146088122,7.14,35.25,1,178.852,3,179.806,3,5.3,2,-0.0025783400843584214,-0.004190604185435154,PARTIAL,49.84615384615385,17.46153846153846,8.076923076923077,0,79.15384615384616,38.81656804733728,153.37278106508876,234.98224852071007,23.479289940828405,13,0,0,0
2023,1,Imperial,90,1926,1836,0.04672897196261682,2023-01-01,2023 Q1,2023-03-31,1,90,1,0,0,0,1,0,0,1,0,0,0,0,Pre-credit rolloff / pre-war,83811,790,14684,0,90,0.5995568313441104,0.5098252505413708,0.8441456413355491,0.147897466888251,0.007956891776199829,0,4.461384615384615,4.634,13,,7.48,28.036666666666665,3,178.34199999999998,3,188.251,3,4.466666666666667,3,,,COMPLETE,28.76923076923077,6.230769230769231,2.3846153846153846,9.923076923076923,65.53846153846153,26.698224852071007,53.58579881656805,187.83431952662724,17.79881656804734,13,0,0,0
2023,2,Imperial,103,2324,2221,0.04432013769363167,2023-04-01,2023 Q2,2023-06-30,2,91,0,1,0,0,1,0,0,1,0,0,0,0,Pre-credit rolloff / pre-war,103367,972,15215,0,99,0.6270890141693294,0.5796125600147214,0.8646051156799438,0.12726466701239608,0.008130217307660137,0,4.6605384615384615,4.649,13,0.044639470326563124,7.81,30.253333333333334,3,178.84066666666666,3,196.347,3,4.566666666666666,3,0.0027961257957558328,0.04300641165252772,COMPLETE,27.923076923076923,5.769230769230769,4.076923076923077,9.153846153846153,64.07692307692308,24.236686390532547,56.426035502958584,176.85207100591717,17.988165680473376,13,0,0,0
2023,3,Imperial,130,2242,2112,0.05798394290811775,2023-07-01,2023 Q3,2023-09-30,3,92,0,0,1,0,1,0,0,1,0,0,0,0,Pre-credit rolloff / pre-war,100380,1135,17422,0,104,0.5617007323204721,0.5060241976844885,0.8439762227061386,0.14648091006162928,0.00954286723223219,0,5.02476923076923,5.699,13,0.0781520788287915,7.88,29.813333333333333,3,179.192,3,191.143,3,4.8,3,0.001964504717420823,-0.026504097337876398,COMPLETE,31.692307692307693,6.153846153846154,4.076923076923077,7.153846153846154,57.69230769230769,35.40828402366864,57.94082840236687,177.23076923076923,17.230769230769234,13,0,0,0
2023,4,Imperial,102,1988,1886,0.05130784708249497,2023-10-01,2023 Q4,2023-12-31,4,92,0,0,0,1,1,0,0,0.41304347826086957,0,0,0,0,Pre-credit rolloff / pre-war,86827,220,15454,0,107,0.4996243939083521,0.4510102340464971,0.8470844186885982,0.15076926078769964,0.0021463205237022076,0,4.944461538461539,4.371,13,-0.015982364287682405,8.15,30.14666666666667,3,179.22033333333334,3,188.96433333333331,3,5.033333333333333,3,1.581171778501922e-4,-0.011398098108048371,COMPLETE,28.571428571428573,5.928571428571429,4.071428571428571,6.285714285714286,56.92857142857143,30.24175824175824,52.57142857142858,156.65934065934067,15.296703296703297,14,0,0,0
2024,1,Imperial,100,1972,1872,0.05070993914807302,2024-01-01,2024 Q1,2024-03-31,5,91,1,0,0,0,1,0,0,0,1,0,0,0,Pre-credit rolloff / pre-war,86431,197,16389,0,109,0.4961317064173874,0.4692720618926973,0.8389974470233068,0.15909024724074666,0.0019123057359464943,0,4.493692307692307,4.801,13,-0.09116649553501988,8.22,31.163333333333334,3,178.98266666666666,3,184.34766666666667,3,5.133333333333333,3,-0.0013261144103813294,-0.024431418274700745,COMPLETE,29.23076923076923,5.461538461538462,2.769230769230769,6.153846153846154,58.76923076923077,18.93491124260355,54.34319526627219,173.63313609467457,15.526627218934912,13,0,0,0
2024,2,Imperial,127,2376,2249,0.05345117845117845,2024-04-01,2024 Q2,2024-06-30,6,91,0,1,0,0,1,0,0,0,1,0,0,0,Pre-credit rolloff / pre-war,100124,94,16596,0,111,0.5129350933963395,0.4688992757717397,0.8571232900166076,0.1420720119163799,8.046980670125156e-4,0,4.953461538461538,4.564,13,0.10231435516450404,8.2,34.093333333333334,3,177.66833333333332,3,180.175,3,5.233333333333333,3,-0.007343355408717445,-0.022634768001764782,COMPLETE,28.76923076923077,5.461538461538462,6.846153846153846,5.846153846153846,70.92307692307692,21.396449704142015,61.159763313609474,171.55029585798817,17.230769230769234,13,0,0,0
2024,3,Imperial,198,2599,2401,0.07618314736437092,2024-07-01,2024 Q3,2024-09-30,7,92,0,0,1,0,1,0,0,0,1,0,0,0,Pre-credit rolloff / pre-war,99738,128,15374,0,126,0.5170079833391183,0.4686827490454703,0.8654807358556057,0.13340853870183964,0.0011107254425546686,0,4.425285714285715,4.412,14,-0.10662762193160502,8.4,31.926666666666666,3,177.11233333333334,3,175.28166666666667,3,5.4,3,-0.0031294265532216814,-0.02715878081494849,COMPLETE,27,5.3076923076923075,9,5.076923076923077,57.69230769230769,18.55621301775148,58.130177514792905,173.06508875739647,16.09467455621302,13,0,0,0
2024,4,Imperial,242,2247,2005,0.10769915442812639,2024-10-01,2024 Q4,2024-12-31,8,92,0,0,0,1,1,0,0,0,1,0,0,0,Pre-credit rolloff / pre-war,92617,181,15505,0,138,0.4802083044791003,0.40662770191038106,0.8551656002142138,0.14316316260860734,0.001671237177178841,0,4.2403076923076926,4.105,13,-0.041800243853380104,7.82,31.083333333333336,3,177.79033333333334,3,179.781,3,5.4,3,0.0038280789781248714,0.025669161064572288,COMPLETE,24.846153846153847,5.384615384615385,8.692307692307692,6.153846153846154,57.30769230769231,15.905325443786984,54.72189349112426,160.18934911242604,15.147928994082841,13,2,6000,7500
2025,1,Imperial,194,1959,1765,0.09903011740684023,2025-01-01,2025 Q1,2025-03-31,9,90,1,0,0,0,1,0,0,0,1,0,0,0,Pre-credit rolloff / pre-war,85610,68,15275,0,150,0.4294968945945143,0.3761453349578517,0.8480183847929235,0.15130803443186433,6.735807752122274e-4,0,4.388538461538461,4.585,13,0.03495755025034453,8.04,31.493333333333332,3,178.54733333333334,3,185.72533333333334,3,5.4,3,0.0042578242911595066,0.03306430230854951,COMPLETE,26.076923076923077,5.461538461538462,8,5,55,19.124260355029588,56.426035502958584,181.01775147928996,16.284023668639055,13,1,0,0
2025,2,Imperial,144,2343,2199,0.06145966709346991,2025-04-01,2025 Q2,2025-06-30,10,91,0,1,0,0,1,0,0,0,1,0,0,0,Pre-credit rolloff / pre-war,84693,62,16868,0,152,0.47184200427068673,0.4086082874939728,0.833403855426429,0.1659860464658591,6.100981077118368e-4,0,4.5673076923076925,4.36,13,0.04073548228777768,7.67,33.56666666666667,3,178.27566666666667,3,183.76566666666668,3,5.466666666666667,3,-0.0015215386396137953,-0.01055142360762129,COMPLETE,24.46153846153846,5.769230769230769,8.384615384615385,4.384615384615385,55.23076923076923,21.396449704142015,57.18343195266272,168.71005917159766,14.958579881656807,13,0,0,0
2025,3,Imperial,228,2234,2006,0.10205908683974933,2025-07-01,2025 Q3,2025-09-30,11,92,0,0,1,0,1,1,0,0,1,0,0,0,Credit-expiration pull-forward,110380,114,16595,0,149,0.5028759373352533,0.3980674960067354,0.8685252067448795,0.13057778407257906,8.970091825413687e-4,0,4.343,4.446,13,-0.049111578947368506,7.64,32.11666666666667,3,178.20466666666667,3,184.62466666666666,3,5.5,3,-3.9825962414008487e-4,0.00467443138634871,COMPLETE,27.46153846153846,5.384615384615385,12.307692307692308,8.692307692307692,68,16.09467455621302,65.13609467455622,184.4260355029586,15.905325443786984,13,0,0,0
2025,4,Imperial,82,1985,1903,0.04130982367758186,2025-10-01,2025 Q4,2025-12-31,12,92,0,0,0,1,0,0,1,0,1,0,0,0,Post-credit / pre-war,70360,119,8587,0,151,0.5716490020995117,0.500379429843422,0.8898894594389497,0.10860546884880985,0.0015050717122404068,0,4.339846153846154,4.042,13,-7.261906870471568e-4,7.24,33.4,3,178.82533333333333,3,185.69233333333332,3,5.5,2,0.003482886718267686,0.0057829036928975786,PARTIAL,20.76923076923077,3.1538461538461537,5.6923076923076925,0.23076923076923075,54.61538461538461,15.526627218934912,57.18343195266272,159.81065088757398,14.011834319526628,13,1,9800,7500
2026,1,Imperial,75,1924,1849,0.038981288981288983,2026-01-01,2026 Q1,2026-03-31,13,90,1,0,0,0,0,0,1,0,1,0.35555555555555557,1,0,War transition quarter,56856,90,7722,0,137,0.5655038040452774,0.500742252737057,0.8791983670439785,0.11940990907403971,0.0013917238819818147,0,4.591538461538462,5.711,13,0.057995675139139946,7.53,32.28666666666667,3,179.31433333333334,3,180.56266666666667,3,5.366666666666667,3,0.0027345118886958897,-0.02762454741445075,COMPLETE,33,7.307692307692308,5.307692307692308,0.6923076923076922,61.30769230769231,41.08875739644971,85.20710059171599,196.92307692307693,19.124260355029588,13,0,0,0
2026,2,Imperial,118,2346,2228,0.05029838022165388,2026-04-01,2026 Q2,2026-06-30,14,91,0,1,0,0,0,0,1,0,1,1,0,1,Full post-war quarter,75597,81,11179,0,148,0.5973611798703616,0.5192673014264826,0.870361628884258,0.12870580379244045,9.325673233015186e-4,0,5.728,5.245,13,0.247512146088122,7.14,35.25,1,178.852,3,179.806,3,5.3,2,-0.0025783400843584214,-0.004190604185435154,PARTIAL,49.84615384615385,17.46153846153846,8.076923076923077,0,79.15384615384616,38.81656804733728,153.37278106508876,234.98224852071007,23.479289940828405,13,0,0,0
2023,1,Inyo,9,158,149,0.056962025316455694,2023-01-01,2023 Q1,2023-03-31,1,90,1,0,0,0,1,0,0,1,0,0,0,0,Pre-credit rolloff / pre-war,83811,790,14684,0,90,0.5995568313441104,0.5098252505413708,0.8441456413355491,0.147897466888251,0.007956891776199829,0,4.461384615384615,4.634,13,,7.48,28.036666666666665,3,178.34199999999998,3,188.251,3,4.466666666666667,3,,,COMPLETE,28.76923076923077,6.230769230769231,2.3846153846153846,9.923076923076923,65.53846153846153,26.698224852071007,53.58579881656805,187.83431952662724,17.79881656804734,13,0,0,0
2023,2,Inyo,12,171,159,0.07017543859649122,2023-04-01,2023 Q2,2023-06-30,2,91,0,1,0,0,1,0,0,1,0,0,0,0,Pre-credit rolloff / pre-war,103367,972,15215,0,99,0.6270890141693294,0.5796125600147214,0.8646051156799438,0.12726466701239608,0.008130217307660137,0,4.6605384615384615,4.649,13,0.044639470326563124,7.81,30.253333333333334,3,178.84066666666666,3,196.347,3,4.566666666666666,3,0.0027961257957558328,0.04300641165252772,COMPLETE,27.923076923076923,5.769230769230769,4.076923076923077,9.153846153846153,64.07692307692308,24.236686390532547,56.426035502958584,176.85207100591717,17.988165680473376,13,0,0,0
2023,3,Inyo,19,160,141,0.11875,2023-07-01,2023 Q3,2023-09-30,3,92,0,0,1,0,1,0,0,1,0,0,0,0,Pre-credit rolloff / pre-war,100380,1135,17422,0,104,0.5617007323204721,0.5060241976844885,0.8439762227061386,0.14648091006162928,0.00954286723223219,0,5.02476923076923,5.699,13,0.0781520788287915,7.88,29.813333333333333,3,179.192,3,191.143,3,4.8,3,0.001964504717420823,-0.026504097337876398,COMPLETE,31.692307692307693,6.153846153846154,4.076923076923077,7.153846153846154,57.69230769230769,35.40828402366864,57.94082840236687,177.23076923076923,17.230769230769234,13,0,0,0
2023,4,Inyo,9,157,148,0.05732484076433121,2023-10-01,2023 Q4,2023-12-31,4,92,0,0,0,1,1,0,0,0.41304347826086957,0,0,0,0,Pre-credit rolloff / pre-war,86827,220,15454,0,107,0.4996243939083521,0.4510102340464971,0.8470844186885982,0.15076926078769964,0.0021463205237022076,0,4.944461538461539,4.371,13,-0.015982364287682405,8.15,30.14666666666667,3,179.22033333333334,3,188.96433333333331,3,5.033333333333333,3,1.581171778501922e-4,-0.011398098108048371,COMPLETE,28.571428571428573,5.928571428571429,4.071428571428571,6.285714285714286,56.92857142857143,30.24175824175824,52.57142857142858,156.65934065934067,15.296703296703297,14,0,0,0
2024,1,Inyo,15,125,110,0.12,2024-01-01,2024 Q1,2024-03-31,5,91,1,0,0,0,1,0,0,0,1,0,0,0,Pre-credit rolloff / pre-war,86431,197,16389,0,109,0.4961317064173874,0.4692720618926973,0.8389974470233068,0.15909024724074666,0.0019123057359464943,0,4.493692307692307,4.801,13,-0.09116649553501988,8.22,31.163333333333334,3,178.98266666666666,3,184.34766666666667,3,5.133333333333333,3,-0.0013261144103813294,-0.024431418274700745,COMPLETE,29.23076923076923,5.461538461538462,2.769230769230769,6.153846153846154,58.76923076923077,18.93491124260355,54.34319526627219,173.63313609467457,15.526627218934912,13,0,0,0
2024,2,Inyo,14,139,125,0.10071942446043165,2024-04-01,2024 Q2,2024-06-30,6,91,0,1,0,0,1,0,0,0,1,0,0,0,Pre-credit rolloff / pre-war,100124,94,16596,0,111,0.5129350933963395,0.4688992757717397,0.8571232900166076,0.1420720119163799,8.046980670125156e-4,0,4.953461538461538,4.564,13,0.10231435516450404,8.2,34.093333333333334,3,177.66833333333332,3,180.175,3,5.233333333333333,3,-0.007343355408717445,-0.022634768001764782,COMPLETE,28.76923076923077,5.461538461538462,6.846153846153846,5.846153846153846,70.92307692307692,21.396449704142015,61.159763313609474,171.55029585798817,17.230769230769234,13,0,0,0
2024,3,Inyo,13,141,128,0.09219858156028368,2024-07-01,2024 Q3,2024-09-30,7,92,0,0,1,0,1,0,0,0,1,0,0,0,Pre-credit rolloff / pre-war,99738,128,15374,0,126,0.5170079833391183,0.4686827490454703,0.8654807358556057,0.13340853870183964,0.0011107254425546686,0,4.425285714285715,4.412,14,-0.10662762193160502,8.4,31.926666666666666,3,177.11233333333334,3,175.28166666666667,3,5.4,3,-0.0031294265532216814,-0.02715878081494849,COMPLETE,27,5.3076923076923075,9,5.076923076923077,57.69230769230769,18.55621301775148,58.130177514792905,173.06508875739647,16.09467455621302,13,0,0,0
2024,4,Inyo,11,161,150,0.06832298136645963,2024-10-01,2024 Q4,2024-12-31,8,92,0,0,0,1,1,0,0,0,1,0,0,0,Pre-credit rolloff / pre-war,92617,181,15505,0,138,0.4802083044791003,0.40662770191038106,0.8551656002142138,0.14316316260860734,0.001671237177178841,0,4.2403076923076926,4.105,13,-0.041800243853380104,7.82,31.083333333333336,3,177.79033333333334,3,179.781,3,5.4,3,0.0038280789781248714,0.025669161064572288,COMPLETE,24.846153846153847,5.384615384615385,8.692307692307692,6.153846153846154,57.30769230769231,15.905325443786984,54.72189349112426,160.18934911242604,15.147928994082841,13,2,6000,7500
2025,1,Inyo,15,161,146,0.09316770186335403,2025-01-01,2025 Q1,2025-03-31,9,90,1,0,0,0,1,0,0,0,1,0,0,0,Pre-credit rolloff / pre-war,85610,68,15275,0,150,0.4294968945945143,0.3761453349578517,0.8480183847929235,0.15130803443186433,6.735807752122274e-4,0,4.388538461538461,4.585,13,0.03495755025034453,8.04,31.493333333333332,3,178.54733333333334,3,185.72533333333334,3,5.4,3,0.0042578242911595066,0.03306430230854951,COMPLETE,26.076923076923077,5.461538461538462,8,5,55,19.124260355029588,56.426035502958584,181.01775147928996,16.284023668639055,13,1,0,0
2025,2,Inyo,8,164,156,0.04878048780487805,2025-04-01,2025 Q2,2025-06-30,10,91,0,1,0,0,1,0,0,0,1,0,0,0,Pre-credit rolloff / pre-war,84693,62,16868,0,152,0.47184200427068673,0.4086082874939728,0.833403855426429,0.1659860464658591,6.100981077118368e-4,0,4.5673076923076925,4.36,13,0.04073548228777768,7.67,33.56666666666667,3,178.27566666666667,3,183.76566666666668,3,5.466666666666667,3,-0.0015215386396137953,-0.01055142360762129,COMPLETE,24.46153846153846,5.769230769230769,8.384615384615385,4.384615384615385,55.23076923076923,21.396449704142015,57.18343195266272,168.71005917159766,14.958579881656807,13,0,0,0
2025,3,Inyo,8,151,143,0.052980132450331126,2025-07-01,2025 Q3,2025-09-30,11,92,0,0,1,0,1,1,0,0,1,0,0,0,Credit-expiration pull-forward,110380,114,16595,0,149,0.5028759373352533,0.3980674960067354,0.8685252067448795,0.13057778407257906,8.970091825413687e-4,0,4.343,4.446,13,-0.049111578947368506,7.64,32.11666666666667,3,178.20466666666667,3,184.62466666666666,3,5.5,3,-3.9825962414008487e-4,0.00467443138634871,COMPLETE,27.46153846153846,5.384615384615385,12.307692307692308,8.692307692307692,68,16.09467455621302,65.13609467455622,184.4260355029586,15.905325443786984,13,0,0,0
2025,4,Inyo,6,148,142,0.04054054054054054,2025-10-01,2025 Q4,2025-12-31,12,92,0,0,0,1,0,0,1,0,1,0,0,0,Post-credit / pre-war,70360,119,8587,0,151,0.5716490020995117,0.500379429843422,0.8898894594389497,0.10860546884880985,0.0015050717122404068,0,4.339846153846154,4.042,13,-7.261906870471568e-4,7.24,33.4,3,178.82533333333333,3,185.69233333333332,3,5.5,2,0.003482886718267686,0.0057829036928975786,PARTIAL,20.76923076923077,3.1538461538461537,5.6923076923076925,0.23076923076923075,54.61538461538461,15.526627218934912,57.18343195266272,159.81065088757398,14.011834319526628,13,1,9800,7500
2026,1,Inyo,4,137,133,0.029197080291970802,2026-01-01,2026 Q1,2026-03-31,13,90,1,0,0,0,0,0,1,0,1,0.35555555555555557,1,0,War transition quarter,56856,90,7722,0,137,0.5655038040452774,0.500742252737057,0.8791983670439785,0.11940990907403971,0.0013917238819818147,0,4.591538461538462,5.711,13,0.057995675139139946,7.53,32.28666666666667,3,179.31433333333334,3,180.56266666666667,3,5.366666666666667,3,0.0027345118886958897,-0.02762454741445075,COMPLETE,33,7.307692307692308,5.307692307692308,0.6923076923076922,61.30769230769231,41.08875739644971,85.20710059171599,196.92307692307693,19.124260355029588,13,0,0,0
2026,2,Inyo,12,133,121,0.09022556390977443,2026-04-01,2026 Q2,2026-06-30,14,91,0,1,0,0,0,0,1,0,1,1,0,1,Full post-war quarter,75597,81,11179,0,148,0.5973611798703616,0.5192673014264826,0.870361628884258,0.12870580379244045,9.325673233015186e-4,0,5.728,5.245,13,0.247512146088122,7.14,35.25,1,178.852,3,179.806,3,5.3,2,-0.0025783400843584214,-0.004190604185435154,PARTIAL,49.84615384615385,17.46153846153846,8.076923076923077,0,79.15384615384616,38.81656804733728,153.37278106508876,234.98224852071007,23.479289940828405,13,0,0,0
2023,1,Kern,623,6481,5858,0.09612714087332201,2023-01-01,2023 Q1,2023-03-31,1,90,1,0,0,0,1,0,0,1,0,0,0,0,Pre-credit rolloff / pre-war,83811,790,14684,0,90,0.5995568313441104,0.5098252505413708,0.8441456413355491,0.147897466888251,0.007956891776199829,0,4.461384615384615,4.634,13,,7.48,28.036666666666665,3,178.34199999999998,3,188.251,3,4.466666666666667,3,,,COMPLETE,28.76923076923077,6.230769230769231,2.3846153846153846,9.923076923076923,65.53846153846153,26.698224852071007,53.58579881656805,187.83431952662724,17.79881656804734,13,0,0,0
2023,2,Kern,763,7265,6502,0.10502408809359945,2023-04-01,2023 Q2,2023-06-30,2,91,0,1,0,0,1,0,0,1,0,0,0,0,Pre-credit rolloff / pre-war,103367,972,15215,0,99,0.6270890141693294,0.5796125600147214,0.8646051156799438,0.12726466701239608,0.008130217307660137,0,4.6605384615384615,4.649,13,0.044639470326563124,7.81,30.253333333333334,3,178.84066666666666,3,196.347,3,4.566666666666666,3,0.0027961257957558328,0.04300641165252772,COMPLETE,27.923076923076923,5.769230769230769,4.076923076923077,9.153846153846153,64.07692307692308,24.236686390532547,56.426035502958584,176.85207100591717,17.988165680473376,13,0,0,0
2023,3,Kern,811,6877,6066,0.11792932964955649,2023-07-01,2023 Q3,2023-09-30,3,92,0,0,1,0,1,0,0,1,0,0,0,0,Pre-credit rolloff / pre-war,100380,1135,17422,0,104,0.5617007323204721,0.5060241976844885,0.8439762227061386,0.14648091006162928,0.00954286723223219,0,5.02476923076923,5.699,13,0.0781520788287915,7.88,29.813333333333333,3,179.192,3,191.143,3,4.8,3,0.001964504717420823,-0.026504097337876398,COMPLETE,31.692307692307693,6.153846153846154,4.076923076923077,7.153846153846154,57.69230769230769,35.40828402366864,57.94082840236687,177.23076923076923,17.230769230769234,13,0,0,0
2023,4,Kern,709,6238,5529,0.11365822378967617,2023-10-01,2023 Q4,2023-12-31,4,92,0,0,0,1,1,0,0,0.41304347826086957,0,0,0,0,Pre-credit rolloff / pre-war,86827,220,15454,0,107,0.4996243939083521,0.4510102340464971,0.8470844186885982,0.15076926078769964,0.0021463205237022076,0,4.944461538461539,4.371,13,-0.015982364287682405,8.15,30.14666666666667,3,179.22033333333334,3,188.96433333333331,3,5.033333333333333,3,1.581171778501922e-4,-0.011398098108048371,COMPLETE,28.571428571428573,5.928571428571429,4.071428571428571,6.285714285714286,56.92857142857143,30.24175824175824,52.57142857142858,156.65934065934067,15.296703296703297,14,0,0,0
2024,1,Kern,647,5926,5279,0.10917988525143436,2024-01-01,2024 Q1,2024-03-31,5,91,1,0,0,0,1,0,0,0,1,0,0,0,Pre-credit rolloff / pre-war,86431,197,16389,0,109,0.4961317064173874,0.4692720618926973,0.8389974470233068,0.15909024724074666,0.0019123057359464943,0,4.493692307692307,4.801,13,-0.09116649553501988,8.22,31.163333333333334,3,178.98266666666666,3,184.34766666666667,3,5.133333333333333,3,-0.0013261144103813294,-0.024431418274700745,COMPLETE,29.23076923076923,5.461538461538462,2.769230769230769,6.153846153846154,58.76923076923077,18.93491124260355,54.34319526627219,173.63313609467457,15.526627218934912,13,0,0,0
2024,2,Kern,766,6661,5895,0.11499774808587299,2024-04-01,2024 Q2,2024-06-30,6,91,0,1,0,0,1,0,0,0,1,0,0,0,Pre-credit rolloff / pre-war,100124,94,16596,0,111,0.5129350933963395,0.4688992757717397,0.8571232900166076,0.1420720119163799,8.046980670125156e-4,0,4.953461538461538,4.564,13,0.10231435516450404,8.2,34.093333333333334,3,177.66833333333332,3,180.175,3,5.233333333333333,3,-0.007343355408717445,-0.022634768001764782,COMPLETE,28.76923076923077,5.461538461538462,6.846153846153846,5.846153846153846,70.92307692307692,21.396449704142015,61.159763313609474,171.55029585798817,17.230769230769234,13,0,0,0
2024,3,Kern,872,6719,5847,0.1297812174430719,2024-07-01,2024 Q3,2024-09-30,7,92,0,0,1,0,1,0,0,0,1,0,0,0,Pre-credit rolloff / pre-war,99738,128,15374,0,126,0.5170079833391183,0.4686827490454703,0.8654807358556057,0.13340853870183964,0.0011107254425546686,0,4.425285714285715,4.412,14,-0.10662762193160502,8.4,31.926666666666666,3,177.11233333333334,3,175.28166666666667,3,5.4,3,-0.0031294265532216814,-0.02715878081494849,COMPLETE,27,5.3076923076923075,9,5.076923076923077,57.69230769230769,18.55621301775148,58.130177514792905,173.06508875739647,16.09467455621302,13,0,0,0
2024,4,Kern,779,6661,5882,0.11694940699594655,2024-10-01,2024 Q4,2024-12-31,8,92,0,0,0,1,1,0,0,0,1,0,0,0,Pre-credit rolloff / pre-war,92617,181,15505,0,138,0.4802083044791003,0.40662770191038106,0.8551656002142138,0.14316316260860734,0.001671237177178841,0,4.2403076923076926,4.105,13,-0.041800243853380104,7.82,31.083333333333336,3,177.79033333333334,3,179.781,3,5.4,3,0.0038280789781248714,0.025669161064572288,COMPLETE,24.846153846153847,5.384615384615385,8.692307692307692,6.153846153846154,57.30769230769231,15.905325443786984,54.72189349112426,160.18934911242604,15.147928994082841,13,2,6000,7500
2025,1,Kern,806,6085,5279,0.1324568611339359,2025-01-01,2025 Q1,2025-03-31,9,90,1,0,0,0,1,0,0,0,1,0,0,0,Pre-credit rolloff / pre-war,85610,68,15275,0,150,0.4294968945945143,0.3761453349578517,0.8480183847929235,0.15130803443186433,6.735807752122274e-4,0,4.388538461538461,4.585,13,0.03495755025034453,8.04,31.493333333333332,3,178.54733333333334,3,185.72533333333334,3,5.4,3,0.0042578242911595066,0.03306430230854951,COMPLETE,26.076923076923077,5.461538461538462,8,5,55,19.124260355029588,56.426035502958584,181.01775147928996,16.284023668639055,13,1,0,0
2025,2,Kern,874,7225,6351,0.12096885813148789,2025-04-01,2025 Q2,2025-06-30,10,91,0,1,0,0,1,0,0,0,1,0,0,0,Pre-credit rolloff / pre-war,84693,62,16868,0,152,0.47184200427068673,0.4086082874939728,0.833403855426429,0.1659860464658591,6.100981077118368e-4,0,4.5673076923076925,4.36,13,0.04073548228777768,7.67,33.56666666666667,3,178.27566666666667,3,183.76566666666668,3,5.466666666666667,3,-0.0015215386396137953,-0.01055142360762129,COMPLETE,24.46153846153846,5.769230769230769,8.384615384615385,4.384615384615385,55.23076923076923,21.396449704142015,57.18343195266272,168.71005917159766,14.958579881656807,13,0,0,0
2025,3,Kern,1015,7417,6402,0.13684778212215182,2025-07-01,2025 Q3,2025-09-30,11,92,0,0,1,0,1,1,0,0,1,0,0,0,Credit-expiration pull-forward,110380,114,16595,0,149,0.5028759373352533,0.3980674960067354,0.8685252067448795,0.13057778407257906,8.970091825413687e-4,0,4.343,4.446,13,-0.049111578947368506,7.64,32.11666666666667,3,178.20466666666667,3,184.62466666666666,3,5.5,3,-3.9825962414008487e-4,0.00467443138634871,COMPLETE,27.46153846153846,5.384615384615385,12.307692307692308,8.692307692307692,68,16.09467455621302,65.13609467455622,184.4260355029586,15.905325443786984,13,0,0,0
2025,4,Kern,554,6842,6288,0.08097047646886875,2025-10-01,2025 Q4,2025-12-31,12,92,0,0,0,1,0,0,1,0,1,0,0,0,Post-credit / pre-war,70360,119,8587,0,151,0.5716490020995117,0.500379429843422,0.8898894594389497,0.10860546884880985,0.0015050717122404068,0,4.339846153846154,4.042,13,-7.261906870471568e-4,7.24,33.4,3,178.82533333333333,3,185.69233333333332,3,5.5,2,0.003482886718267686,0.0057829036928975786,PARTIAL,20.76923076923077,3.1538461538461537,5.6923076923076925,0.23076923076923075,54.61538461538461,15.526627218934912,57.18343195266272,159.81065088757398,14.011834319526628,13,1,9800,7500
2026,1,Kern,460,6434,5974,0.07149518184644078,2026-01-01,2026 Q1,2026-03-31,13,90,1,0,0,0,0,0,1,0,1,0.35555555555555557,1,0,War transition quarter,56856,90,7722,0,137,0.5655038040452774,0.500742252737057,0.8791983670439785,0.11940990907403971,0.0013917238819818147,0,4.591538461538462,5.711,13,0.057995675139139946,7.53,32.28666666666667,3,179.31433333333334,3,180.56266666666667,3,5.366666666666667,3,0.0027345118886958897,-0.02762454741445075,COMPLETE,33,7.307692307692308,5.307692307692308,0.6923076923076922,61.30769230769231,41.08875739644971,85.20710059171599,196.92307692307693,19.124260355029588,13,0,0,0
2026,2,Kern,843,7582,6739,0.11118438406752836,2026-04-01,2026 Q2,2026-06-30,14,91,0,1,0,0,0,0,1,0,1,1,0,1,Full post-war quarter,75597,81,11179,0,148,0.5973611798703616,0.5192673014264826,0.870361628884258,0.12870580379244045,9.325673233015186e-4,0,5.728,5.245,13,0.247512146088122,7.14,35.25,1,178.852,3,179.806,3,5.3,2,-0.0025783400843584214,-0.004190604185435154,PARTIAL,49.84615384615385,17.46153846153846,8.076923076923077,0,79.15384615384616,38.81656804733728,153.37278106508876,234.98224852071007,23.479289940828405,13,0,0,0
2023,1,Kings,55,926,871,0.05939524838012959,2023-01-01,2023 Q1,2023-03-31,1,90,1,0,0,0,1,0,0,1,0,0,0,0,Pre-credit rolloff / pre-war,83811,790,14684,0,90,0.5995568313441104,0.5098252505413708,0.8441456413355491,0.147897466888251,0.007956891776199829,0,4.461384615384615,4.634,13,,7.48,28.036666666666665,3,178.34199999999998,3,188.251,3,4.466666666666667,3,,,COMPLETE,28.76923076923077,6.230769230769231,2.3846153846153846,9.923076923076923,65.53846153846153,26.698224852071007,53.58579881656805,187.83431952662724,17.79881656804734,13,0,0,0
2023,2,Kings,90,1049,959,0.08579599618684461,2023-04-01,2023 Q2,2023-06-30,2,91,0,1,0,0,1,0,0,1,0,0,0,0,Pre-credit rolloff / pre-war,103367,972,15215,0,99,0.6270890141693294,0.5796125600147214,0.8646051156799438,0.12726466701239608,0.008130217307660137,0,4.6605384615384615,4.649,13,0.044639470326563124,7.81,30.253333333333334,3,178.84066666666666,3,196.347,3,4.566666666666666,3,0.0027961257957558328,0.04300641165252772,COMPLETE,27.923076923076923,5.769230769230769,4.076923076923077,9.153846153846153,64.07692307692308,24.236686390532547,56.426035502958584,176.85207100591717,17.988165680473376,13,0,0,0
2023,3,Kings,86,994,908,0.08651911468812877,2023-07-01,2023 Q3,2023-09-30,3,92,0,0,1,0,1,0,0,1,0,0,0,0,Pre-credit rolloff / pre-war,100380,1135,17422,0,104,0.5617007323204721,0.5060241976844885,0.8439762227061386,0.14648091006162928,0.00954286723223219,0,5.02476923076923,5.699,13,0.0781520788287915,7.88,29.813333333333333,3,179.192,3,191.143,3,4.8,3,0.001964504717420823,-0.026504097337876398,COMPLETE,31.692307692307693,6.153846153846154,4.076923076923077,7.153846153846154,57.69230769230769,35.40828402366864,57.94082840236687,177.23076923076923,17.230769230769234,13,0,0,0
2023,4,Kings,80,861,781,0.09291521486643438,2023-10-01,2023 Q4,2023-12-31,4,92,0,0,0,1,1,0,0,0.41304347826086957,0,0,0,0,Pre-credit rolloff / pre-war,86827,220,15454,0,107,0.4996243939083521,0.4510102340464971,0.8470844186885982,0.15076926078769964,0.0021463205237022076,0,4.944461538461539,4.371,13,-0.015982364287682405,8.15,30.14666666666667,3,179.22033333333334,3,188.96433333333331,3,5.033333333333333,3,1.581171778501922e-4,-0.011398098108048371,COMPLETE,28.571428571428573,5.928571428571429,4.071428571428571,6.285714285714286,56.92857142857143,30.24175824175824,52.57142857142858,156.65934065934067,15.296703296703297,14,0,0,0
2024,1,Kings,71,861,790,0.08246225319396051,2024-01-01,2024 Q1,2024-03-31,5,91,1,0,0,0,1,0,0,0,1,0,0,0,Pre-credit rolloff / pre-war,86431,197,16389,0,109,0.4961317064173874,0.4692720618926973,0.8389974470233068,0.15909024724074666,0.0019123057359464943,0,4.493692307692307,4.801,13,-0.09116649553501988,8.22,31.163333333333334,3,178.98266666666666,3,184.34766666666667,3,5.133333333333333,3,-0.0013261144103813294,-0.024431418274700745,COMPLETE,29.23076923076923,5.461538461538462,2.769230769230769,6.153846153846154,58.76923076923077,18.93491124260355,54.34319526627219,173.63313609467457,15.526627218934912,13,0,0,0
2024,2,Kings,83,904,821,0.0918141592920354,2024-04-01,2024 Q2,2024-06-30,6,91,0,1,0,0,1,0,0,0,1,0,0,0,Pre-credit rolloff / pre-war,100124,94,16596,0,111,0.5129350933963395,0.4688992757717397,0.8571232900166076,0.1420720119163799,8.046980670125156e-4,0,4.953461538461538,4.564,13,0.10231435516450404,8.2,34.093333333333334,3,177.66833333333332,3,180.175,3,5.233333333333333,3,-0.007343355408717445,-0.022634768001764782,COMPLETE,28.76923076923077,5.461538461538462,6.846153846153846,5.846153846153846,70.92307692307692,21.396449704142015,61.159763313609474,171.55029585798817,17.230769230769234,13,0,0,0
2024,3,Kings,90,1027,937,0.08763388510223953,2024-07-01,2024 Q3,2024-09-30,7,92,0,0,1,0,1,0,0,0,1,0,0,0,Pre-credit rolloff / pre-war,99738,128,15374,0,126,0.5170079833391183,0.4686827490454703,0.8654807358556057,0.13340853870183964,0.0011107254425546686,0,4.425285714285715,4.412,14,-0.10662762193160502,8.4,31.926666666666666,3,177.11233333333334,3,175.28166666666667,3,5.4,3,-0.0031294265532216814,-0.02715878081494849,COMPLETE,27,5.3076923076923075,9,5.076923076923077,57.69230769230769,18.55621301775148,58.130177514792905,173.06508875739647,16.09467455621302,13,0,0,0
2024,4,Kings,88,996,908,0.08835341365461848,2024-10-01,2024 Q4,2024-12-31,8,92,0,0,0,1,1,0,0,0,1,0,0,0,Pre-credit rolloff / pre-war,92617,181,15505,0,138,0.4802083044791003,0.40662770191038106,0.8551656002142138,0.14316316260860734,0.001671237177178841,0,4.2403076923076926,4.105,13,-0.041800243853380104,7.82,31.083333333333336,3,177.79033333333334,3,179.781,3,5.4,3,0.0038280789781248714,0.025669161064572288,COMPLETE,24.846153846153847,5.384615384615385,8.692307692307692,6.153846153846154,57.30769230769231,15.905325443786984,54.72189349112426,160.18934911242604,15.147928994082841,13,2,6000,7500
2025,1,Kings,89,893,804,0.09966405375139978,2025-01-01,2025 Q1,2025-03-31,9,90,1,0,0,0,1,0,0,0,1,0,0,0,Pre-credit rolloff / pre-war,85610,68,15275,0,150,0.4294968945945143,0.3761453349578517,0.8480183847929235,0.15130803443186433,6.735807752122274e-4,0,4.388538461538461,4.585,13,0.03495755025034453,8.04,31.493333333333332,3,178.54733333333334,3,185.72533333333334,3,5.4,3,0.0042578242911595066,0.03306430230854951,COMPLETE,26.076923076923077,5.461538461538462,8,5,55,19.124260355029588,56.426035502958584,181.01775147928996,16.284023668639055,13,1,0,0
2025,2,Kings,99,1039,940,0.09528392685274302,2025-04-01,2025 Q2,2025-06-30,10,91,0,1,0,0,1,0,0,0,1,0,0,0,Pre-credit rolloff / pre-war,84693,62,16868,0,152,0.47184200427068673,0.4086082874939728,0.833403855426429,0.1659860464658591,6.100981077118368e-4,0,4.5673076923076925,4.36,13,0.04073548228777768,7.67,33.56666666666667,3,178.27566666666667,3,183.76566666666668,3,5.466666666666667,3,-0.0015215386396137953,-0.01055142360762129,COMPLETE,24.46153846153846,5.769230769230769,8.384615384615385,4.384615384615385,55.23076923076923,21.396449704142015,57.18343195266272,168.71005917159766,14.958579881656807,13,0,0,0
2025,3,Kings,112,1049,937,0.10676835081029552,2025-07-01,2025 Q3,2025-09-30,11,92,0,0,1,0,1,1,0,0,1,0,0,0,Credit-expiration pull-forward,110380,114,16595,0,149,0.5028759373352533,0.3980674960067354,0.8685252067448795,0.13057778407257906,8.970091825413687e-4,0,4.343,4.446,13,-0.049111578947368506,7.64,32.11666666666667,3,178.20466666666667,3,184.62466666666666,3,5.5,3,-3.9825962414008487e-4,0.00467443138634871,COMPLETE,27.46153846153846,5.384615384615385,12.307692307692308,8.692307692307692,68,16.09467455621302,65.13609467455622,184.4260355029586,15.905325443786984,13,0,0,0
2025,4,Kings,67,919,852,0.07290533188248095,2025-10-01,2025 Q4,2025-12-31,12,92,0,0,0,1,0,0,1,0,1,0,0,0,Post-credit / pre-war,70360,119,8587,0,151,0.5716490020995117,0.500379429843422,0.8898894594389497,0.10860546884880985,0.0015050717122404068,0,4.339846153846154,4.042,13,-7.261906870471568e-4,7.24,33.4,3,178.82533333333333,3,185.69233333333332,3,5.5,2,0.003482886718267686,0.0057829036928975786,PARTIAL,20.76923076923077,3.1538461538461537,5.6923076923076925,0.23076923076923075,54.61538461538461,15.526627218934912,57.18343195266272,159.81065088757398,14.011834319526628,13,1,9800,7500
2026,1,Kings,38,874,836,0.043478260869565216,2026-01-01,2026 Q1,2026-03-31,13,90,1,0,0,0,0,0,1,0,1,0.35555555555555557,1,0,War transition quarter,56856,90,7722,0,137,0.5655038040452774,0.500742252737057,0.8791983670439785,0.11940990907403971,0.0013917238819818147,0,4.591538461538462,5.711,13,0.057995675139139946,7.53,32.28666666666667,3,179.31433333333334,3,180.56266666666667,3,5.366666666666667,3,0.0027345118886958897,-0.02762454741445075,COMPLETE,33,7.307692307692308,5.307692307692308,0.6923076923076922,61.30769230769231,41.08875739644971,85.20710059171599,196.92307692307693,19.124260355029588,13,0,0,0
2026,2,Kings,96,1023,927,0.093841642228739,2026-04-01,2026 Q2,2026-06-30,14,91,0,1,0,0,0,0,1,0,1,1,0,1,Full post-war quarter,75597,81,11179,0,148,0.5973611798703616,0.5192673014264826,0.870361628884258,0.12870580379244045,9.325673233015186e-4,0,5.728,5.245,13,0.247512146088122,7.14,35.25,1,178.852,3,179.806,3,5.3,2,-0.0025783400843584214,-0.004190604185435154,PARTIAL,49.84615384615385,17.46153846153846,8.076923076923077,0,79.15384615384616,38.81656804733728,153.37278106508876,234.98224852071007,23.479289940828405,13,0,0,0
2023,1,Lake,28,275,247,0.10181818181818182,2023-01-01,2023 Q1,2023-03-31,1,90,1,0,0,0,1,0,0,1,0,0,0,0,Pre-credit rolloff / pre-war,83811,790,14684,0,90,0.5995568313441104,0.5098252505413708,0.8441456413355491,0.147897466888251,0.007956891776199829,0,4.461384615384615,4.634,13,,7.48,28.036666666666665,3,178.34199999999998,3,188.251,3,4.466666666666667,3,,,COMPLETE,28.76923076923077,6.230769230769231,2.3846153846153846,9.923076923076923,65.53846153846153,26.698224852071007,53.58579881656805,187.83431952662724,17.79881656804734,13,0,0,0
2023,2,Lake,40,280,240,0.14285714285714285,2023-04-01,2023 Q2,2023-06-30,2,91,0,1,0,0,1,0,0,1,0,0,0,0,Pre-credit rolloff / pre-war,103367,972,15215,0,99,0.6270890141693294,0.5796125600147214,0.8646051156799438,0.12726466701239608,0.008130217307660137,0,4.6605384615384615,4.649,13,0.044639470326563124,7.81,30.253333333333334,3,178.84066666666666,3,196.347,3,4.566666666666666,3,0.0027961257957558328,0.04300641165252772,COMPLETE,27.923076923076923,5.769230769230769,4.076923076923077,9.153846153846153,64.07692307692308,24.236686390532547,56.426035502958584,176.85207100591717,17.988165680473376,13,0,0,0
2023,3,Lake,37,290,253,0.12758620689655173,2023-07-01,2023 Q3,2023-09-30,3,92,0,0,1,0,1,0,0,1,0,0,0,0,Pre-credit rolloff / pre-war,100380,1135,17422,0,104,0.5617007323204721,0.5060241976844885,0.8439762227061386,0.14648091006162928,0.00954286723223219,0,5.02476923076923,5.699,13,0.0781520788287915,7.88,29.813333333333333,3,179.192,3,191.143,3,4.8,3,0.001964504717420823,-0.026504097337876398,COMPLETE,31.692307692307693,6.153846153846154,4.076923076923077,7.153846153846154,57.69230769230769,35.40828402366864,57.94082840236687,177.23076923076923,17.230769230769234,13,0,0,0
2023,4,Lake,39,300,261,0.13,2023-10-01,2023 Q4,2023-12-31,4,92,0,0,0,1,1,0,0,0.41304347826086957,0,0,0,0,Pre-credit rolloff / pre-war,86827,220,15454,0,107,0.4996243939083521,0.4510102340464971,0.8470844186885982,0.15076926078769964,0.0021463205237022076,0,4.944461538461539,4.371,13,-0.015982364287682405,8.15,30.14666666666667,3,179.22033333333334,3,188.96433333333331,3,5.033333333333333,3,1.581171778501922e-4,-0.011398098108048371,COMPLETE,28.571428571428573,5.928571428571429,4.071428571428571,6.285714285714286,56.92857142857143,30.24175824175824,52.57142857142858,156.65934065934067,15.296703296703297,14,0,0,0
2024,1,Lake,26,248,222,0.10483870967741936,2024-01-01,2024 Q1,2024-03-31,5,91,1,0,0,0,1,0,0,0,1,0,0,0,Pre-credit rolloff / pre-war,86431,197,16389,0,109,0.4961317064173874,0.4692720618926973,0.8389974470233068,0.15909024724074666,0.0019123057359464943,0,4.493692307692307,4.801,13,-0.09116649553501988,8.22,31.163333333333334,3,178.98266666666666,3,184.34766666666667,3,5.133333333333333,3,-0.0013261144103813294,-0.024431418274700745,COMPLETE,29.23076923076923,5.461538461538462,2.769230769230769,6.153846153846154,58.76923076923077,18.93491124260355,54.34319526627219,173.63313609467457,15.526627218934912,13,0,0,0
2024,2,Lake,33,267,234,0.12359550561797752,2024-04-01,2024 Q2,2024-06-30,6,91,0,1,0,0,1,0,0,0,1,0,0,0,Pre-credit rolloff / pre-war,100124,94,16596,0,111,0.5129350933963395,0.4688992757717397,0.8571232900166076,0.1420720119163799,8.046980670125156e-4,0,4.953461538461538,4.564,13,0.10231435516450404,8.2,34.093333333333334,3,177.66833333333332,3,180.175,3,5.233333333333333,3,-0.007343355408717445,-0.022634768001764782,COMPLETE,28.76923076923077,5.461538461538462,6.846153846153846,5.846153846153846,70.92307692307692,21.396449704142015,61.159763313609474,171.55029585798817,17.230769230769234,13,0,0,0
2024,3,Lake,32,281,249,0.11387900355871886,2024-07-01,2024 Q3,2024-09-30,7,92,0,0,1,0,1,0,0,0,1,0,0,0,Pre-credit rolloff / pre-war,99738,128,15374,0,126,0.5170079833391183,0.4686827490454703,0.8654807358556057,0.13340853870183964,0.0011107254425546686,0,4.425285714285715,4.412,14,-0.10662762193160502,8.4,31.926666666666666,3,177.11233333333334,3,175.28166666666667,3,5.4,3,-0.0031294265532216814,-0.02715878081494849,COMPLETE,27,5.3076923076923075,9,5.076923076923077,57.69230769230769,18.55621301775148,58.130177514792905,173.06508875739647,16.09467455621302,13,0,0,0
2024,4,Lake,33,273,240,0.12087912087912088,2024-10-01,2024 Q4,2024-12-31,8,92,0,0,0,1,1,0,0,0,1,0,0,0,Pre-credit rolloff / pre-war,92617,181,15505,0,138,0.4802083044791003,0.40662770191038106,0.8551656002142138,0.14316316260860734,0.001671237177178841,0,4.2403076923076926,4.105,13,-0.041800243853380104,7.82,31.083333333333336,3,177.79033333333334,3,179.781,3,5.4,3,0.0038280789781248714,0.025669161064572288,COMPLETE,24.846153846153847,5.384615384615385,8.692307692307692,6.153846153846154,57.30769230769231,15.905325443786984,54.72189349112426,160.18934911242604,15.147928994082841,13,2,6000,7500
2025,1,Lake,31,276,245,0.11231884057971014,2025-01-01,2025 Q1,2025-03-31,9,90,1,0,0,0,1,0,0,0,1,0,0,0,Pre-credit rolloff / pre-war,85610,68,15275,0,150,0.4294968945945143,0.3761453349578517,0.8480183847929235,0.15130803443186433,6.735807752122274e-4,0,4.388538461538461,4.585,13,0.03495755025034453,8.04,31.493333333333332,3,178.54733333333334,3,185.72533333333334,3,5.4,3,0.0042578242911595066,0.03306430230854951,COMPLETE,26.076923076923077,5.461538461538462,8,5,55,19.124260355029588,56.426035502958584,181.01775147928996,16.284023668639055,13,1,0,0
2025,2,Lake,32,271,239,0.11808118081180811,2025-04-01,2025 Q2,2025-06-30,10,91,0,1,0,0,1,0,0,0,1,0,0,0,Pre-credit rolloff / pre-war,84693,62,16868,0,152,0.47184200427068673,0.4086082874939728,0.833403855426429,0.1659860464658591,6.100981077118368e-4,0,4.5673076923076925,4.36,13,0.04073548228777768,7.67,33.56666666666667,3,178.27566666666667,3,183.76566666666668,3,5.466666666666667,3,-0.0015215386396137953,-0.01055142360762129,COMPLETE,24.46153846153846,5.769230769230769,8.384615384615385,4.384615384615385,55.23076923076923,21.396449704142015,57.18343195266272,168.71005917159766,14.958579881656807,13,0,0,0
2025,3,Lake,46,287,241,0.1602787456445993,2025-07-01,2025 Q3,2025-09-30,11,92,0,0,1,0,1,1,0,0,1,0,0,0,Credit-expiration pull-forward,110380,114,16595,0,149,0.5028759373352533,0.3980674960067354,0.8685252067448795,0.13057778407257906,8.970091825413687e-4,0,4.343,4.446,13,-0.049111578947368506,7.64,32.11666666666667,3,178.20466666666667,3,184.62466666666666,3,5.5,3,-3.9825962414008487e-4,0.00467443138634871,COMPLETE,27.46153846153846,5.384615384615385,12.307692307692308,8.692307692307692,68,16.09467455621302,65.13609467455622,184.4260355029586,15.905325443786984,13,0,0,0
2025,4,Lake,33,273,240,0.12087912087912088,2025-10-01,2025 Q4,2025-12-31,12,92,0,0,0,1,0,0,1,0,1,0,0,0,Post-credit / pre-war,70360,119,8587,0,151,0.5716490020995117,0.500379429843422,0.8898894594389497,0.10860546884880985,0.0015050717122404068,0,4.339846153846154,4.042,13,-7.261906870471568e-4,7.24,33.4,3,178.82533333333333,3,185.69233333333332,3,5.5,2,0.003482886718267686,0.0057829036928975786,PARTIAL,20.76923076923077,3.1538461538461537,5.6923076923076925,0.23076923076923075,54.61538461538461,15.526627218934912,57.18343195266272,159.81065088757398,14.011834319526628,13,1,9800,7500
2026,1,Lake,33,277,244,0.11913357400722022,2026-01-01,2026 Q1,2026-03-31,13,90,1,0,0,0,0,0,1,0,1,0.35555555555555557,1,0,War transition quarter,56856,90,7722,0,137,0.5655038040452774,0.500742252737057,0.8791983670439785,0.11940990907403971,0.0013917238819818147,0,4.591538461538462,5.711,13,0.057995675139139946,7.53,32.28666666666667,3,179.31433333333334,3,180.56266666666667,3,5.366666666666667,3,0.0027345118886958897,-0.02762454741445075,COMPLETE,33,7.307692307692308,5.307692307692308,0.6923076923076922,61.30769230769231,41.08875739644971,85.20710059171599,196.92307692307693,19.124260355029588,13,0,0,0
2026,2,Lake,39,245,206,0.15918367346938775,2026-04-01,2026 Q2,2026-06-30,14,91,0,1,0,0,0,0,1,0,1,1,0,1,Full post-war quarter,75597,81,11179,0,148,0.5973611798703616,0.5192673014264826,0.870361628884258,0.12870580379244045,9.325673233015186e-4,0,5.728,5.245,13,0.247512146088122,7.14,35.25,1,178.852,3,179.806,3,5.3,2,-0.0025783400843584214,-0.004190604185435154,PARTIAL,49.84615384615385,17.46153846153846,8.076923076923077,0,79.15384615384616,38.81656804733728,153.37278106508876,234.98224852071007,23.479289940828405,13,0,0,0
2023,1,Lassen,4,106,102,0.03773584905660377,2023-01-01,2023 Q1,2023-03-31,1,90,1,0,0,0,1,0,0,1,0,0,0,0,Pre-credit rolloff / pre-war,83811,790,14684,0,90,0.5995568313441104,0.5098252505413708,0.8441456413355491,0.147897466888251,0.007956891776199829,0,4.461384615384615,4.634,13,,7.48,28.036666666666665,3,178.34199999999998,3,188.251,3,4.466666666666667,3,,,COMPLETE,28.76923076923077,6.230769230769231,2.3846153846153846,9.923076923076923,65.53846153846153,26.698224852071007,53.58579881656805,187.83431952662724,17.79881656804734,13,0,0,0
2023,2,Lassen,6,106,100,0.05660377358490566,2023-04-01,2023 Q2,2023-06-30,2,91,0,1,0,0,1,0,0,1,0,0,0,0,Pre-credit rolloff / pre-war,103367,972,15215,0,99,0.6270890141693294,0.5796125600147214,0.8646051156799438,0.12726466701239608,0.008130217307660137,0,4.6605384615384615,4.649,13,0.044639470326563124,7.81,30.253333333333334,3,178.84066666666666,3,196.347,3,4.566666666666666,3,0.0027961257957558328,0.04300641165252772,COMPLETE,27.923076923076923,5.769230769230769,4.076923076923077,9.153846153846153,64.07692307692308,24.236686390532547,56.426035502958584,176.85207100591717,17.988165680473376,13,0,0,0
2023,3,Lassen,3,99,96,0.030303030303030304,2023-07-01,2023 Q3,2023-09-30,3,92,0,0,1,0,1,0,0,1,0,0,0,0,Pre-credit rolloff / pre-war,100380,1135,17422,0,104,0.5617007323204721,0.5060241976844885,0.8439762227061386,0.14648091006162928,0.00954286723223219,0,5.02476923076923,5.699,13,0.0781520788287915,7.88,29.813333333333333,3,179.192,3,191.143,3,4.8,3,0.001964504717420823,-0.026504097337876398,COMPLETE,31.692307692307693,6.153846153846154,4.076923076923077,7.153846153846154,57.69230769230769,35.40828402366864,57.94082840236687,177.23076923076923,17.230769230769234,13,0,0,0
2023,4,Lassen,7,100,93,0.07,2023-10-01,2023 Q4,2023-12-31,4,92,0,0,0,1,1,0,0,0.41304347826086957,0,0,0,0,Pre-credit rolloff / pre-war,86827,220,15454,0,107,0.4996243939083521,0.4510102340464971,0.8470844186885982,0.15076926078769964,0.0021463205237022076,0,4.944461538461539,4.371,13,-0.015982364287682405,8.15,30.14666666666667,3,179.22033333333334,3,188.96433333333331,3,5.033333333333333,3,1.581171778501922e-4,-0.011398098108048371,COMPLETE,28.571428571428573,5.928571428571429,4.071428571428571,6.285714285714286,56.92857142857143,30.24175824175824,52.57142857142858,156.65934065934067,15.296703296703297,14,0,0,0
2024,1,Lassen,3,72,69,0.041666666666666664,2024-01-01,2024 Q1,2024-03-31,5,91,1,0,0,0,1,0,0,0,1,0,0,0,Pre-credit rolloff / pre-war,86431,197,16389,0,109,0.4961317064173874,0.4692720618926973,0.8389974470233068,0.15909024724074666,0.0019123057359464943,0,4.493692307692307,4.801,13,-0.09116649553501988,8.22,31.163333333333334,3,178.98266666666666,3,184.34766666666667,3,5.133333333333333,3,-0.0013261144103813294,-0.024431418274700745,COMPLETE,29.23076923076923,5.461538461538462,2.769230769230769,6.153846153846154,58.76923076923077,18.93491124260355,54.34319526627219,173.63313609467457,15.526627218934912,13,0,0,0
2024,2,Lassen,3,97,94,0.030927835051546393,2024-04-01,2024 Q2,2024-06-30,6,91,0,1,0,0,1,0,0,0,1,0,0,0,Pre-credit rolloff / pre-war,100124,94,16596,0,111,0.5129350933963395,0.4688992757717397,0.8571232900166076,0.1420720119163799,8.046980670125156e-4,0,4.953461538461538,4.564,13,0.10231435516450404,8.2,34.093333333333334,3,177.66833333333332,3,180.175,3,5.233333333333333,3,-0.007343355408717445,-0.022634768001764782,COMPLETE,28.76923076923077,5.461538461538462,6.846153846153846,5.846153846153846,70.92307692307692,21.396449704142015,61.159763313609474,171.55029585798817,17.230769230769234,13,0,0,0
2024,3,Lassen,3,100,97,0.03,2024-07-01,2024 Q3,2024-09-30,7,92,0,0,1,0,1,0,0,0,1,0,0,0,Pre-credit rolloff / pre-war,99738,128,15374,0,126,0.5170079833391183,0.4686827490454703,0.8654807358556057,0.13340853870183964,0.0011107254425546686,0,4.425285714285715,4.412,14,-0.10662762193160502,8.4,31.926666666666666,3,177.11233333333334,3,175.28166666666667,3,5.4,3,-0.0031294265532216814,-0.02715878081494849,COMPLETE,27,5.3076923076923075,9,5.076923076923077,57.69230769230769,18.55621301775148,58.130177514792905,173.06508875739647,16.09467455621302,13,0,0,0
2024,4,Lassen,6,120,114,0.05,2024-10-01,2024 Q4,2024-12-31,8,92,0,0,0,1,1,0,0,0,1,0,0,0,Pre-credit rolloff / pre-war,92617,181,15505,0,138,0.4802083044791003,0.40662770191038106,0.8551656002142138,0.14316316260860734,0.001671237177178841,0,4.2403076923076926,4.105,13,-0.041800243853380104,7.82,31.083333333333336,3,177.79033333333334,3,179.781,3,5.4,3,0.0038280789781248714,0.025669161064572288,COMPLETE,24.846153846153847,5.384615384615385,8.692307692307692,6.153846153846154,57.30769230769231,15.905325443786984,54.72189349112426,160.18934911242604,15.147928994082841,13,2,6000,7500
2025,1,Lassen,5,115,110,0.043478260869565216,2025-01-01,2025 Q1,2025-03-31,9,90,1,0,0,0,1,0,0,0,1,0,0,0,Pre-credit rolloff / pre-war,85610,68,15275,0,150,0.4294968945945143,0.3761453349578517,0.8480183847929235,0.15130803443186433,6.735807752122274e-4,0,4.388538461538461,4.585,13,0.03495755025034453,8.04,31.493333333333332,3,178.54733333333334,3,185.72533333333334,3,5.4,3,0.0042578242911595066,0.03306430230854951,COMPLETE,26.076923076923077,5.461538461538462,8,5,55,19.124260355029588,56.426035502958584,181.01775147928996,16.284023668639055,13,1,0,0
2025,2,Lassen,4,122,118,0.03278688524590164,2025-04-01,2025 Q2,2025-06-30,10,91,0,1,0,0,1,0,0,0,1,0,0,0,Pre-credit rolloff / pre-war,84693,62,16868,0,152,0.47184200427068673,0.4086082874939728,0.833403855426429,0.1659860464658591,6.100981077118368e-4,0,4.5673076923076925,4.36,13,0.04073548228777768,7.67,33.56666666666667,3,178.27566666666667,3,183.76566666666668,3,5.466666666666667,3,-0.0015215386396137953,-0.01055142360762129,COMPLETE,24.46153846153846,5.769230769230769,8.384615384615385,4.384615384615385,55.23076923076923,21.396449704142015,57.18343195266272,168.71005917159766,14.958579881656807,13,0,0,0
2025,3,Lassen,10,112,102,0.08928571428571429,2025-07-01,2025 Q3,2025-09-30,11,92,0,0,1,0,1,1,0,0,1,0,0,0,Credit-expiration pull-forward,110380,114,16595,0,149,0.5028759373352533,0.3980674960067354,0.8685252067448795,0.13057778407257906,8.970091825413687e-4,0,4.343,4.446,13,-0.049111578947368506,7.64,32.11666666666667,3,178.20466666666667,3,184.62466666666666,3,5.5,3,-3.9825962414008487e-4,0.00467443138634871,COMPLETE,27.46153846153846,5.384615384615385,12.307692307692308,8.692307692307692,68,16.09467455621302,65.13609467455622,184.4260355029586,15.905325443786984,13,0,0,0
2025,4,Lassen,3,115,112,0.02608695652173913,2025-10-01,2025 Q4,2025-12-31,12,92,0,0,0,1,0,0,1,0,1,0,0,0,Post-credit / pre-war,70360,119,8587,0,151,0.5716490020995117,0.500379429843422,0.8898894594389497,0.10860546884880985,0.0015050717122404068,0,4.339846153846154,4.042,13,-7.261906870471568e-4,7.24,33.4,3,178.82533333333333,3,185.69233333333332,3,5.5,2,0.003482886718267686,0.0057829036928975786,PARTIAL,20.76923076923077,3.1538461538461537,5.6923076923076925,0.23076923076923075,54.61538461538461,15.526627218934912,57.18343195266272,159.81065088757398,14.011834319526628,13,1,9800,7500
2026,1,Lassen,4,105,101,0.0380952380952381,2026-01-01,2026 Q1,2026-03-31,13,90,1,0,0,0,0,0,1,0,1,0.35555555555555557,1,0,War transition quarter,56856,90,7722,0,137,0.5655038040452774,0.500742252737057,0.8791983670439785,0.11940990907403971,0.0013917238819818147,0,4.591538461538462,5.711,13,0.057995675139139946,7.53,32.28666666666667,3,179.31433333333334,3,180.56266666666667,3,5.366666666666667,3,0.0027345118886958897,-0.02762454741445075,COMPLETE,33,7.307692307692308,5.307692307692308,0.6923076923076922,61.30769230769231,41.08875739644971,85.20710059171599,196.92307692307693,19.124260355029588,13,0,0,0
2026,2,Lassen,9,102,93,0.08823529411764706,2026-04-01,2026 Q2,2026-06-30,14,91,0,1,0,0,0,0,1,0,1,1,0,1,Full post-war quarter,75597,81,11179,0,148,0.5973611798703616,0.5192673014264826,0.870361628884258,0.12870580379244045,9.325673233015186e-4,0,5.728,5.245,13,0.247512146088122,7.14,35.25,1,178.852,3,179.806,3,5.3,2,-0.0025783400843584214,-0.004190604185435154,PARTIAL,49.84615384615385,17.46153846153846,8.076923076923077,0,79.15384615384616,38.81656804733728,153.37278106508876,234.98224852071007,23.479289940828405,13,0,0,0
2023,1,Los Angeles,28589,123218,94629,0.23201967245045366,2023-01-01,2023 Q1,2023-03-31,1,90,1,0,0,0,1,0,0,1,0,0,0,0,Pre-credit rolloff / pre-war,83811,790,14684,0,90,0.5995568313441104,0.5098252505413708,0.8441456413355491,0.147897466888251,0.007956891776199829,0,4.461384615384615,4.634,13,,7.48,28.036666666666665,3,178.34199999999998,3,188.251,3,4.466666666666667,3,,,COMPLETE,28.76923076923077,6.230769230769231,2.3846153846153846,9.923076923076923,65.53846153846153,26.698224852071007,53.58579881656805,187.83431952662724,17.79881656804734,13,0,0,0
2023,2,Los Angeles,33128,130925,97797,0.2530303608936414,2023-04-01,2023 Q2,2023-06-30,2,91,0,1,0,0,1,0,0,1,0,0,0,0,Pre-credit rolloff / pre-war,103367,972,15215,0,99,0.6270890141693294,0.5796125600147214,0.8646051156799438,0.12726466701239608,0.008130217307660137,0,4.6605384615384615,4.649,13,0.044639470326563124,7.81,30.253333333333334,3,178.84066666666666,3,196.347,3,4.566666666666666,3,0.0027961257957558328,0.04300641165252772,COMPLETE,27.923076923076923,5.769230769230769,4.076923076923077,9.153846153846153,64.07692307692308,24.236686390532547,56.426035502958584,176.85207100591717,17.988165680473376,13,0,0,0
2023,3,Los Angeles,33508,119302,85794,0.28086704330187257,2023-07-01,2023 Q3,2023-09-30,3,92,0,0,1,0,1,0,0,1,0,0,0,0,Pre-credit rolloff / pre-war,100380,1135,17422,0,104,0.5617007323204721,0.5060241976844885,0.8439762227061386,0.14648091006162928,0.00954286723223219,0,5.02476923076923,5.699,13,0.0781520788287915,7.88,29.813333333333333,3,179.192,3,191.143,3,4.8,3,0.001964504717420823,-0.026504097337876398,COMPLETE,31.692307692307693,6.153846153846154,4.076923076923077,7.153846153846154,57.69230769230769,35.40828402366864,57.94082840236687,177.23076923076923,17.230769230769234,13,0,0,0
2023,4,Los Angeles,29526,116899,87373,0.25257701092396,2023-10-01,2023 Q4,2023-12-31,4,92,0,0,0,1,1,0,0,0.41304347826086957,0,0,0,0,Pre-credit rolloff / pre-war,86827,220,15454,0,107,0.4996243939083521,0.4510102340464971,0.8470844186885982,0.15076926078769964,0.0021463205237022076,0,4.944461538461539,4.371,13,-0.015982364287682405,8.15,30.14666666666667,3,179.22033333333334,3,188.96433333333331,3,5.033333333333333,3,1.581171778501922e-4,-0.011398098108048371,COMPLETE,28.571428571428573,5.928571428571429,4.071428571428571,6.285714285714286,56.92857142857143,30.24175824175824,52.57142857142858,156.65934065934067,15.296703296703297,14,0,0,0
2024,1,Los Angeles,30214,121983,91769,0.24769025192034955,2024-01-01,2024 Q1,2024-03-31,5,91,1,0,0,0,1,0,0,0,1,0,0,0,Pre-credit rolloff / pre-war,86431,197,16389,0,109,0.4961317064173874,0.4692720618926973,0.8389974470233068,0.15909024724074666,0.0019123057359464943,0,4.493692307692307,4.801,13,-0.09116649553501988,8.22,31.163333333333334,3,178.98266666666666,3,184.34766666666667,3,5.133333333333333,3,-0.0013261144103813294,-0.024431418274700745,COMPLETE,29.23076923076923,5.461538461538462,2.769230769230769,6.153846153846154,58.76923076923077,18.93491124260355,54.34319526627219,173.63313609467457,15.526627218934912,13,0,0,0
2024,2,Los Angeles,33435,122941,89506,0.27195972051634526,2024-04-01,2024 Q2,2024-06-30,6,91,0,1,0,0,1,0,0,0,1,0,0,0,Pre-credit rolloff / pre-war,100124,94,16596,0,111,0.5129350933963395,0.4688992757717397,0.8571232900166076,0.1420720119163799,8.046980670125156e-4,0,4.953461538461538,4.564,13,0.10231435516450404,8.2,34.093333333333334,3,177.66833333333332,3,180.175,3,5.233333333333333,3,-0.007343355408717445,-0.022634768001764782,COMPLETE,28.76923076923077,5.461538461538462,6.846153846153846,5.846153846153846,70.92307692307692,21.396449704142015,61.159763313609474,171.55029585798817,17.230769230769234,13,0,0,0
2024,3,Los Angeles,33169,117466,84297,0.2823710690753069,2024-07-01,2024 Q3,2024-09-30,7,92,0,0,1,0,1,0,0,0,1,0,0,0,Pre-credit rolloff / pre-war,99738,128,15374,0,126,0.5170079833391183,0.4686827490454703,0.8654807358556057,0.13340853870183964,0.0011107254425546686,0,4.425285714285715,4.412,14,-0.10662762193160502,8.4,31.926666666666666,3,177.11233333333334,3,175.28166666666667,3,5.4,3,-0.0031294265532216814,-0.02715878081494849,COMPLETE,27,5.3076923076923075,9,5.076923076923077,57.69230769230769,18.55621301775148,58.130177514792905,173.06508875739647,16.09467455621302,13,0,0,0
2024,4,Los Angeles,31482,121547,90065,0.25901091758743533,2024-10-01,2024 Q4,2024-12-31,8,92,0,0,0,1,1,0,0,0,1,0,0,0,Pre-credit rolloff / pre-war,92617,181,15505,0,138,0.4802083044791003,0.40662770191038106,0.8551656002142138,0.14316316260860734,0.001671237177178841,0,4.2403076923076926,4.105,13,-0.041800243853380104,7.82,31.083333333333336,3,177.79033333333334,3,179.781,3,5.4,3,0.0038280789781248714,0.025669161064572288,COMPLETE,24.846153846153847,5.384615384615385,8.692307692307692,6.153846153846154,57.30769230769231,15.905325443786984,54.72189349112426,160.18934911242604,15.147928994082841,13,2,6000,7500
2025,1,Los Angeles,29255,128840,99585,0.22706457621856566,2025-01-01,2025 Q1,2025-03-31,9,90,1,0,0,0,1,0,0,0,1,0,0,0,Pre-credit rolloff / pre-war,85610,68,15275,0,150,0.4294968945945143,0.3761453349578517,0.8480183847929235,0.15130803443186433,6.735807752122274e-4,0,4.388538461538461,4.585,13,0.03495755025034453,8.04,31.493333333333332,3,178.54733333333334,3,185.72533333333334,3,5.4,3,0.0042578242911595066,0.03306430230854951,COMPLETE,26.076923076923077,5.461538461538462,8,5,55,19.124260355029588,56.426035502958584,181.01775147928996,16.284023668639055,13,1,0,0
2025,2,Los Angeles,29648,133571,103923,0.22196434854871191,2025-04-01,2025 Q2,2025-06-30,10,91,0,1,0,0,1,0,0,0,1,0,0,0,Pre-credit rolloff / pre-war,84693,62,16868,0,152,0.47184200427068673,0.4086082874939728,0.833403855426429,0.1659860464658591,6.100981077118368e-4,0,4.5673076923076925,4.36,13,0.04073548228777768,7.67,33.56666666666667,3,178.27566666666667,3,183.76566666666668,3,5.466666666666667,3,-0.0015215386396137953,-0.01055142360762129,COMPLETE,24.46153846153846,5.769230769230769,8.384615384615385,4.384615384615385,55.23076923076923,21.396449704142015,57.18343195266272,168.71005917159766,14.958579881656807,13,0,0,0
2025,3,Los Angeles,36259,118980,82721,0.3047486972600437,2025-07-01,2025 Q3,2025-09-30,11,92,0,0,1,0,1,1,0,0,1,0,0,0,Credit-expiration pull-forward,110380,114,16595,0,149,0.5028759373352533,0.3980674960067354,0.8685252067448795,0.13057778407257906,8.970091825413687e-4,0,4.343,4.446,13,-0.049111578947368506,7.64,32.11666666666667,3,178.20466666666667,3,184.62466666666666,3,5.5,3,-3.9825962414008487e-4,0.00467443138634871,COMPLETE,27.46153846153846,5.384615384615385,12.307692307692308,8.692307692307692,68,16.09467455621302,65.13609467455622,184.4260355029586,15.905325443786984,13,0,0,0
2025,4,Los Angeles,21121,118911,97790,0.1776202369839628,2025-10-01,2025 Q4,2025-12-31,12,92,0,0,0,1,0,0,1,0,1,0,0,0,Post-credit / pre-war,70360,119,8587,0,151,0.5716490020995117,0.500379429843422,0.8898894594389497,0.10860546884880985,0.0015050717122404068,0,4.339846153846154,4.042,13,-7.261906870471568e-4,7.24,33.4,3,178.82533333333333,3,185.69233333333332,3,5.5,2,0.003482886718267686,0.0057829036928975786,PARTIAL,20.76923076923077,3.1538461538461537,5.6923076923076925,0.23076923076923075,54.61538461538461,15.526627218934912,57.18343195266272,159.81065088757398,14.011834319526628,13,1,9800,7500
2026,1,Los Angeles,17259,114329,97070,0.15095907425062757,2026-01-01,2026 Q1,2026-03-31,13,90,1,0,0,0,0,0,1,0,1,0.35555555555555557,1,0,War transition quarter,56856,90,7722,0,137,0.5655038040452774,0.500742252737057,0.8791983670439785,0.11940990907403971,0.0013917238819818147,0,4.591538461538462,5.711,13,0.057995675139139946,7.53,32.28666666666667,3,179.31433333333334,3,180.56266666666667,3,5.366666666666667,3,0.0027345118886958897,-0.02762454741445075,COMPLETE,33,7.307692307692308,5.307692307692308,0.6923076923076922,61.30769230769231,41.08875739644971,85.20710059171599,196.92307692307693,19.124260355029588,13,0,0,0
2026,2,Los Angeles,22953,119039,96086,0.19281916010719177,2026-04-01,2026 Q2,2026-06-30,14,91,0,1,0,0,0,0,1,0,1,1,0,1,Full post-war quarter,75597,81,11179,0,148,0.5973611798703616,0.5192673014264826,0.870361628884258,0.12870580379244045,9.325673233015186e-4,0,5.728,5.245,13,0.247512146088122,7.14,35.25,1,178.852,3,179.806,3,5.3,2,-0.0025783400843584214,-0.004190604185435154,PARTIAL,49.84615384615385,17.46153846153846,8.076923076923077,0,79.15384615384616,38.81656804733728,153.37278106508876,234.98224852071007,23.479289940828405,13,0,0,0
2023,1,Madera,80,917,837,0.08724100327153762,2023-01-01,2023 Q1,2023-03-31,1,90,1,0,0,0,1,0,0,1,0,0,0,0,Pre-credit rolloff / pre-war,83811,790,14684,0,90,0.5995568313441104,0.5098252505413708,0.8441456413355491,0.147897466888251,0.007956891776199829,0,4.461384615384615,4.634,13,,7.48,28.036666666666665,3,178.34199999999998,3,188.251,3,4.466666666666667,3,,,COMPLETE,28.76923076923077,6.230769230769231,2.3846153846153846,9.923076923076923,65.53846153846153,26.698224852071007,53.58579881656805,187.83431952662724,17.79881656804734,13,0,0,0
2023,2,Madera,122,991,869,0.1231079717457114,2023-04-01,2023 Q2,2023-06-30,2,91,0,1,0,0,1,0,0,1,0,0,0,0,Pre-credit rolloff / pre-war,103367,972,15215,0,99,0.6270890141693294,0.5796125600147214,0.8646051156799438,0.12726466701239608,0.008130217307660137,0,4.6605384615384615,4.649,13,0.044639470326563124,7.81,30.253333333333334,3,178.84066666666666,3,196.347,3,4.566666666666666,3,0.0027961257957558328,0.04300641165252772,COMPLETE,27.923076923076923,5.769230769230769,4.076923076923077,9.153846153846153,64.07692307692308,24.236686390532547,56.426035502958584,176.85207100591717,17.988165680473376,13,0,0,0
2023,3,Madera,155,914,759,0.16958424507658643,2023-07-01,2023 Q3,2023-09-30,3,92,0,0,1,0,1,0,0,1,0,0,0,0,Pre-credit rolloff / pre-war,100380,1135,17422,0,104,0.5617007323204721,0.5060241976844885,0.8439762227061386,0.14648091006162928,0.00954286723223219,0,5.02476923076923,5.699,13,0.0781520788287915,7.88,29.813333333333333,3,179.192,3,191.143,3,4.8,3,0.001964504717420823,-0.026504097337876398,COMPLETE,31.692307692307693,6.153846153846154,4.076923076923077,7.153846153846154,57.69230769230769,35.40828402366864,57.94082840236687,177.23076923076923,17.230769230769234,13,0,0,0
2023,4,Madera,90,843,753,0.10676156583629894,2023-10-01,2023 Q4,2023-12-31,4,92,0,0,0,1,1,0,0,0.41304347826086957,0,0,0,0,Pre-credit rolloff / pre-war,86827,220,15454,0,107,0.4996243939083521,0.4510102340464971,0.8470844186885982,0.15076926078769964,0.0021463205237022076,0,4.944461538461539,4.371,13,-0.015982364287682405,8.15,30.14666666666667,3,179.22033333333334,3,188.96433333333331,3,5.033333333333333,3,1.581171778501922e-4,-0.011398098108048371,COMPLETE,28.571428571428573,5.928571428571429,4.071428571428571,6.285714285714286,56.92857142857143,30.24175824175824,52.57142857142858,156.65934065934067,15.296703296703297,14,0,0,0
2024,1,Madera,94,788,694,0.11928934010152284,2024-01-01,2024 Q1,2024-03-31,5,91,1,0,0,0,1,0,0,0,1,0,0,0,Pre-credit rolloff / pre-war,86431,197,16389,0,109,0.4961317064173874,0.4692720618926973,0.8389974470233068,0.15909024724074666,0.0019123057359464943,0,4.493692307692307,4.801,13,-0.09116649553501988,8.22,31.163333333333334,3,178.98266666666666,3,184.34766666666667,3,5.133333333333333,3,-0.0013261144103813294,-0.024431418274700745,COMPLETE,29.23076923076923,5.461538461538462,2.769230769230769,6.153846153846154,58.76923076923077,18.93491124260355,54.34319526627219,173.63313609467457,15.526627218934912,13,0,0,0
2024,2,Madera,122,907,785,0.1345093715545755,2024-04-01,2024 Q2,2024-06-30,6,91,0,1,0,0,1,0,0,0,1,0,0,0,Pre-credit rolloff / pre-war,100124,94,16596,0,111,0.5129350933963395,0.4688992757717397,0.8571232900166076,0.1420720119163799,8.046980670125156e-4,0,4.953461538461538,4.564,13,0.10231435516450404,8.2,34.093333333333334,3,177.66833333333332,3,180.175,3,5.233333333333333,3,-0.007343355408717445,-0.022634768001764782,COMPLETE,28.76923076923077,5.461538461538462,6.846153846153846,5.846153846153846,70.92307692307692,21.396449704142015,61.159763313609474,171.55029585798817,17.230769230769234,13,0,0,0
2024,3,Madera,138,1044,906,0.13218390804597702,2024-07-01,2024 Q3,2024-09-30,7,92,0,0,1,0,1,0,0,0,1,0,0,0,Pre-credit rolloff / pre-war,99738,128,15374,0,126,0.5170079833391183,0.4686827490454703,0.8654807358556057,0.13340853870183964,0.0011107254425546686,0,4.425285714285715,4.412,14,-0.10662762193160502,8.4,31.926666666666666,3,177.11233333333334,3,175.28166666666667,3,5.4,3,-0.0031294265532216814,-0.02715878081494849,COMPLETE,27,5.3076923076923075,9,5.076923076923077,57.69230769230769,18.55621301775148,58.130177514792905,173.06508875739647,16.09467455621302,13,0,0,0
2024,4,Madera,137,966,829,0.14182194616977226,2024-10-01,2024 Q4,2024-12-31,8,92,0,0,0,1,1,0,0,0,1,0,0,0,Pre-credit rolloff / pre-war,92617,181,15505,0,138,0.4802083044791003,0.40662770191038106,0.8551656002142138,0.14316316260860734,0.001671237177178841,0,4.2403076923076926,4.105,13,-0.041800243853380104,7.82,31.083333333333336,3,177.79033333333334,3,179.781,3,5.4,3,0.0038280789781248714,0.025669161064572288,COMPLETE,24.846153846153847,5.384615384615385,8.692307692307692,6.153846153846154,57.30769230769231,15.905325443786984,54.72189349112426,160.18934911242604,15.147928994082841,13,2,6000,7500
2025,1,Madera,111,921,810,0.12052117263843648,2025-01-01,2025 Q1,2025-03-31,9,90,1,0,0,0,1,0,0,0,1,0,0,0,Pre-credit rolloff / pre-war,85610,68,15275,0,150,0.4294968945945143,0.3761453349578517,0.8480183847929235,0.15130803443186433,6.735807752122274e-4,0,4.388538461538461,4.585,13,0.03495755025034453,8.04,31.493333333333332,3,178.54733333333334,3,185.72533333333334,3,5.4,3,0.0042578242911595066,0.03306430230854951,COMPLETE,26.076923076923077,5.461538461538462,8,5,55,19.124260355029588,56.426035502958584,181.01775147928996,16.284023668639055,13,1,0,0
2025,2,Madera,159,1080,921,0.14722222222222223,2025-04-01,2025 Q2,2025-06-30,10,91,0,1,0,0,1,0,0,0,1,0,0,0,Pre-credit rolloff / pre-war,84693,62,16868,0,152,0.47184200427068673,0.4086082874939728,0.833403855426429,0.1659860464658591,6.100981077118368e-4,0,4.5673076923076925,4.36,13,0.04073548228777768,7.67,33.56666666666667,3,178.27566666666667,3,183.76566666666668,3,5.466666666666667,3,-0.0015215386396137953,-0.01055142360762129,COMPLETE,24.46153846153846,5.769230769230769,8.384615384615385,4.384615384615385,55.23076923076923,21.396449704142015,57.18343195266272,168.71005917159766,14.958579881656807,13,0,0,0
2025,3,Madera,194,1090,896,0.1779816513761468,2025-07-01,2025 Q3,2025-09-30,11,92,0,0,1,0,1,1,0,0,1,0,0,0,Credit-expiration pull-forward,110380,114,16595,0,149,0.5028759373352533,0.3980674960067354,0.8685252067448795,0.13057778407257906,8.970091825413687e-4,0,4.343,4.446,13,-0.049111578947368506,7.64,32.11666666666667,3,178.20466666666667,3,184.62466666666666,3,5.5,3,-3.9825962414008487e-4,0.00467443138634871,COMPLETE,27.46153846153846,5.384615384615385,12.307692307692308,8.692307692307692,68,16.09467455621302,65.13609467455622,184.4260355029586,15.905325443786984,13,0,0,0
2025,4,Madera,102,993,891,0.1027190332326284,2025-10-01,2025 Q4,2025-12-31,12,92,0,0,0,1,0,0,1,0,1,0,0,0,Post-credit / pre-war,70360,119,8587,0,151,0.5716490020995117,0.500379429843422,0.8898894594389497,0.10860546884880985,0.0015050717122404068,0,4.339846153846154,4.042,13,-7.261906870471568e-4,7.24,33.4,3,178.82533333333333,3,185.69233333333332,3,5.5,2,0.003482886718267686,0.0057829036928975786,PARTIAL,20.76923076923077,3.1538461538461537,5.6923076923076925,0.23076923076923075,54.61538461538461,15.526627218934912,57.18343195266272,159.81065088757398,14.011834319526628,13,1,9800,7500
2026,1,Madera,100,975,875,0.10256410256410256,2026-01-01,2026 Q1,2026-03-31,13,90,1,0,0,0,0,0,1,0,1,0.35555555555555557,1,0,War transition quarter,56856,90,7722,0,137,0.5655038040452774,0.500742252737057,0.8791983670439785,0.11940990907403971,0.0013917238819818147,0,4.591538461538462,5.711,13,0.057995675139139946,7.53,32.28666666666667,3,179.31433333333334,3,180.56266666666667,3,5.366666666666667,3,0.0027345118886958897,-0.02762454741445075,COMPLETE,33,7.307692307692308,5.307692307692308,0.6923076923076922,61.30769230769231,41.08875739644971,85.20710059171599,196.92307692307693,19.124260355029588,13,0,0,0
2026,2,Madera,143,1091,948,0.1310724106324473,2026-04-01,2026 Q2,2026-06-30,14,91,0,1,0,0,0,0,1,0,1,1,0,1,Full post-war quarter,75597,81,11179,0,148,0.5973611798703616,0.5192673014264826,0.870361628884258,0.12870580379244045,9.325673233015186e-4,0,5.728,5.245,13,0.247512146088122,7.14,35.25,1,178.852,3,179.806,3,5.3,2,-0.0025783400843584214,-0.004190604185435154,PARTIAL,49.84615384615385,17.46153846153846,8.076923076923077,0,79.15384615384616,38.81656804733728,153.37278106508876,234.98224852071007,23.479289940828405,13,0,0,0
2023,1,Marin,1034,2816,1782,0.3671875,2023-01-01,2023 Q1,2023-03-31,1,90,1,0,0,0,1,0,0,1,0,0,0,0,Pre-credit rolloff / pre-war,83811,790,14684,0,90,0.5995568313441104,0.5098252505413708,0.8441456413355491,0.147897466888251,0.007956891776199829,0,4.461384615384615,4.634,13,,7.48,28.036666666666665,3,178.34199999999998,3,188.251,3,4.466666666666667,3,,,COMPLETE,28.76923076923077,6.230769230769231,2.3846153846153846,9.923076923076923,65.53846153846153,26.698224852071007,53.58579881656805,187.83431952662724,17.79881656804734,13,0,0,0
2023,2,Marin,1157,3048,1891,0.3795931758530184,2023-04-01,2023 Q2,2023-06-30,2,91,0,1,0,0,1,0,0,1,0,0,0,0,Pre-credit rolloff / pre-war,103367,972,15215,0,99,0.6270890141693294,0.5796125600147214,0.8646051156799438,0.12726466701239608,0.008130217307660137,0,4.6605384615384615,4.649,13,0.044639470326563124,7.81,30.253333333333334,3,178.84066666666666,3,196.347,3,4.566666666666666,3,0.0027961257957558328,0.04300641165252772,COMPLETE,27.923076923076923,5.769230769230769,4.076923076923077,9.153846153846153,64.07692307692308,24.236686390532547,56.426035502958584,176.85207100591717,17.988165680473376,13,0,0,0
2023,3,Marin,1101,2895,1794,0.38031088082901554,2023-07-01,2023 Q3,2023-09-30,3,92,0,0,1,0,1,0,0,1,0,0,0,0,Pre-credit rolloff / pre-war,100380,1135,17422,0,104,0.5617007323204721,0.5060241976844885,0.8439762227061386,0.14648091006162928,0.00954286723223219,0,5.02476923076923,5.699,13,0.0781520788287915,7.88,29.813333333333333,3,179.192,3,191.143,3,4.8,3,0.001964504717420823,-0.026504097337876398,COMPLETE,31.692307692307693,6.153846153846154,4.076923076923077,7.153846153846154,57.69230769230769,35.40828402366864,57.94082840236687,177.23076923076923,17.230769230769234,13,0,0,0
2023,4,Marin,1112,2928,1816,0.3797814207650273,2023-10-01,2023 Q4,2023-12-31,4,92,0,0,0,1,1,0,0,0.41304347826086957,0,0,0,0,Pre-credit rolloff / pre-war,86827,220,15454,0,107,0.4996243939083521,0.4510102340464971,0.8470844186885982,0.15076926078769964,0.0021463205237022076,0,4.944461538461539,4.371,13,-0.015982364287682405,8.15,30.14666666666667,3,179.22033333333334,3,188.96433333333331,3,5.033333333333333,3,1.581171778501922e-4,-0.011398098108048371,COMPLETE,28.571428571428573,5.928571428571429,4.071428571428571,6.285714285714286,56.92857142857143,30.24175824175824,52.57142857142858,156.65934065934067,15.296703296703297,14,0,0,0
2024,1,Marin,1205,3042,1837,0.39612097304405,2024-01-01,2024 Q1,2024-03-31,5,91,1,0,0,0,1,0,0,0,1,0,0,0,Pre-credit rolloff / pre-war,86431,197,16389,0,109,0.4961317064173874,0.4692720618926973,0.8389974470233068,0.15909024724074666,0.0019123057359464943,0,4.493692307692307,4.801,13,-0.09116649553501988,8.22,31.163333333333334,3,178.98266666666666,3,184.34766666666667,3,5.133333333333333,3,-0.0013261144103813294,-0.024431418274700745,COMPLETE,29.23076923076923,5.461538461538462,2.769230769230769,6.153846153846154,58.76923076923077,18.93491124260355,54.34319526627219,173.63313609467457,15.526627218934912,13,0,0,0
2024,2,Marin,1213,2939,1726,0.4127254168084382,2024-04-01,2024 Q2,2024-06-30,6,91,0,1,0,0,1,0,0,0,1,0,0,0,Pre-credit rolloff / pre-war,100124,94,16596,0,111,0.5129350933963395,0.4688992757717397,0.8571232900166076,0.1420720119163799,8.046980670125156e-4,0,4.953461538461538,4.564,13,0.10231435516450404,8.2,34.093333333333334,3,177.66833333333332,3,180.175,3,5.233333333333333,3,-0.007343355408717445,-0.022634768001764782,COMPLETE,28.76923076923077,5.461538461538462,6.846153846153846,5.846153846153846,70.92307692307692,21.396449704142015,61.159763313609474,171.55029585798817,17.230769230769234,13,0,0,0
2024,3,Marin,1234,3119,1885,0.39563962808592495,2024-07-01,2024 Q3,2024-09-30,7,92,0,0,1,0,1,0,0,0,1,0,0,0,Pre-credit rolloff / pre-war,99738,128,15374,0,126,0.5170079833391183,0.4686827490454703,0.8654807358556057,0.13340853870183964,0.0011107254425546686,0,4.425285714285715,4.412,14,-0.10662762193160502,8.4,31.926666666666666,3,177.11233333333334,3,175.28166666666667,3,5.4,3,-0.0031294265532216814,-0.02715878081494849,COMPLETE,27,5.3076923076923075,9,5.076923076923077,57.69230769230769,18.55621301775148,58.130177514792905,173.06508875739647,16.09467455621302,13,0,0,0
2024,4,Marin,1279,3194,1915,0.4004383218534753,2024-10-01,2024 Q4,2024-12-31,8,92,0,0,0,1,1,0,0,0,1,0,0,0,Pre-credit rolloff / pre-war,92617,181,15505,0,138,0.4802083044791003,0.40662770191038106,0.8551656002142138,0.14316316260860734,0.001671237177178841,0,4.2403076923076926,4.105,13,-0.041800243853380104,7.82,31.083333333333336,3,177.79033333333334,3,179.781,3,5.4,3,0.0038280789781248714,0.025669161064572288,COMPLETE,24.846153846153847,5.384615384615385,8.692307692307692,6.153846153846154,57.30769230769231,15.905325443786984,54.72189349112426,160.18934911242604,15.147928994082841,13,2,6000,7500
2025,1,Marin,1320,3366,2046,0.39215686274509803,2025-01-01,2025 Q1,2025-03-31,9,90,1,0,0,0,1,0,0,0,1,0,0,0,Pre-credit rolloff / pre-war,85610,68,15275,0,150,0.4294968945945143,0.3761453349578517,0.8480183847929235,0.15130803443186433,6.735807752122274e-4,0,4.388538461538461,4.585,13,0.03495755025034453,8.04,31.493333333333332,3,178.54733333333334,3,185.72533333333334,3,5.4,3,0.0042578242911595066,0.03306430230854951,COMPLETE,26.076923076923077,5.461538461538462,8,5,55,19.124260355029588,56.426035502958584,181.01775147928996,16.284023668639055,13,1,0,0
2025,2,Marin,1102,3235,2133,0.3406491499227203,2025-04-01,2025 Q2,2025-06-30,10,91,0,1,0,0,1,0,0,0,1,0,0,0,Pre-credit rolloff / pre-war,84693,62,16868,0,152,0.47184200427068673,0.4086082874939728,0.833403855426429,0.1659860464658591,6.100981077118368e-4,0,4.5673076923076925,4.36,13,0.04073548228777768,7.67,33.56666666666667,3,178.27566666666667,3,183.76566666666668,3,5.466666666666667,3,-0.0015215386396137953,-0.01055142360762129,COMPLETE,24.46153846153846,5.769230769230769,8.384615384615385,4.384615384615385,55.23076923076923,21.396449704142015,57.18343195266272,168.71005917159766,14.958579881656807,13,0,0,0
2025,3,Marin,1382,3351,1969,0.41241420471501045,2025-07-01,2025 Q3,2025-09-30,11,92,0,0,1,0,1,1,0,0,1,0,0,0,Credit-expiration pull-forward,110380,114,16595,0,149,0.5028759373352533,0.3980674960067354,0.8685252067448795,0.13057778407257906,8.970091825413687e-4,0,4.343,4.446,13,-0.049111578947368506,7.64,32.11666666666667,3,178.20466666666667,3,184.62466666666666,3,5.5,3,-3.9825962414008487e-4,0.00467443138634871,COMPLETE,27.46153846153846,5.384615384615385,12.307692307692308,8.692307692307692,68,16.09467455621302,65.13609467455622,184.4260355029586,15.905325443786984,13,0,0,0
2025,4,Marin,887,2802,1915,0.31655960028551033,2025-10-01,2025 Q4,2025-12-31,12,92,0,0,0,1,0,0,1,0,1,0,0,0,Post-credit / pre-war,70360,119,8587,0,151,0.5716490020995117,0.500379429843422,0.8898894594389497,0.10860546884880985,0.0015050717122404068,0,4.339846153846154,4.042,13,-7.261906870471568e-4,7.24,33.4,3,178.82533333333333,3,185.69233333333332,3,5.5,2,0.003482886718267686,0.0057829036928975786,PARTIAL,20.76923076923077,3.1538461538461537,5.6923076923076925,0.23076923076923075,54.61538461538461,15.526627218934912,57.18343195266272,159.81065088757398,14.011834319526628,13,1,9800,7500
2026,1,Marin,803,2770,1967,0.28989169675090254,2026-01-01,2026 Q1,2026-03-31,13,90,1,0,0,0,0,0,1,0,1,0.35555555555555557,1,0,War transition quarter,56856,90,7722,0,137,0.5655038040452774,0.500742252737057,0.8791983670439785,0.11940990907403971,0.0013917238819818147,0,4.591538461538462,5.711,13,0.057995675139139946,7.53,32.28666666666667,3,179.31433333333334,3,180.56266666666667,3,5.366666666666667,3,0.0027345118886958897,-0.02762454741445075,COMPLETE,33,7.307692307692308,5.307692307692308,0.6923076923076922,61.30769230769231,41.08875739644971,85.20710059171599,196.92307692307693,19.124260355029588,13,0,0,0
2026,2,Marin,986,2889,1903,0.341294565593631,2026-04-01,2026 Q2,2026-06-30,14,91,0,1,0,0,0,0,1,0,1,1,0,1,Full post-war quarter,75597,81,11179,0,148,0.5973611798703616,0.5192673014264826,0.870361628884258,0.12870580379244045,9.325673233015186e-4,0,5.728,5.245,13,0.247512146088122,7.14,35.25,1,178.852,3,179.806,3,5.3,2,-0.0025783400843584214,-0.004190604185435154,PARTIAL,49.84615384615385,17.46153846153846,8.076923076923077,0,79.15384615384616,38.81656804733728,153.37278106508876,234.98224852071007,23.479289940828405,13,0,0,0
2023,1,Mariposa,9,71,62,0.1267605633802817,2023-01-01,2023 Q1,2023-03-31,1,90,1,0,0,0,1,0,0,1,0,0,0,0,Pre-credit rolloff / pre-war,83811,790,14684,0,90,0.5995568313441104,0.5098252505413708,0.8441456413355491,0.147897466888251,0.007956891776199829,0,4.461384615384615,4.634,13,,7.48,28.036666666666665,3,178.34199999999998,3,188.251,3,4.466666666666667,3,,,COMPLETE,28.76923076923077,6.230769230769231,2.3846153846153846,9.923076923076923,65.53846153846153,26.698224852071007,53.58579881656805,187.83431952662724,17.79881656804734,13,0,0,0
2023,2,Mariposa,8,108,100,0.07407407407407407,2023-04-01,2023 Q2,2023-06-30,2,91,0,1,0,0,1,0,0,1,0,0,0,0,Pre-credit rolloff / pre-war,103367,972,15215,0,99,0.6270890141693294,0.5796125600147214,0.8646051156799438,0.12726466701239608,0.008130217307660137,0,4.6605384615384615,4.649,13,0.044639470326563124,7.81,30.253333333333334,3,178.84066666666666,3,196.347,3,4.566666666666666,3,0.0027961257957558328,0.04300641165252772,COMPLETE,27.923076923076923,5.769230769230769,4.076923076923077,9.153846153846153,64.07692307692308,24.236686390532547,56.426035502958584,176.85207100591717,17.988165680473376,13,0,0,0
2023,3,Mariposa,15,81,66,0.18518518518518517,2023-07-01,2023 Q3,2023-09-30,3,92,0,0,1,0,1,0,0,1,0,0,0,0,Pre-credit rolloff / pre-war,100380,1135,17422,0,104,0.5617007323204721,0.5060241976844885,0.8439762227061386,0.14648091006162928,0.00954286723223219,0,5.02476923076923,5.699,13,0.0781520788287915,7.88,29.813333333333333,3,179.192,3,191.143,3,4.8,3,0.001964504717420823,-0.026504097337876398,COMPLETE,31.692307692307693,6.153846153846154,4.076923076923077,7.153846153846154,57.69230769230769,35.40828402366864,57.94082840236687,177.23076923076923,17.230769230769234,13,0,0,0
2023,4,Mariposa,9,83,74,0.10843373493975904,2023-10-01,2023 Q4,2023-12-31,4,92,0,0,0,1,1,0,0,0.41304347826086957,0,0,0,0,Pre-credit rolloff / pre-war,86827,220,15454,0,107,0.4996243939083521,0.4510102340464971,0.8470844186885982,0.15076926078769964,0.0021463205237022076,0,4.944461538461539,4.371,13,-0.015982364287682405,8.15,30.14666666666667,3,179.22033333333334,3,188.96433333333331,3,5.033333333333333,3,1.581171778501922e-4,-0.011398098108048371,COMPLETE,28.571428571428573,5.928571428571429,4.071428571428571,6.285714285714286,56.92857142857143,30.24175824175824,52.57142857142858,156.65934065934067,15.296703296703297,14,0,0,0
2024,1,Mariposa,6,57,51,0.10526315789473684,2024-01-01,2024 Q1,2024-03-31,5,91,1,0,0,0,1,0,0,0,1,0,0,0,Pre-credit rolloff / pre-war,86431,197,16389,0,109,0.4961317064173874,0.4692720618926973,0.8389974470233068,0.15909024724074666,0.0019123057359464943,0,4.493692307692307,4.801,13,-0.09116649553501988,8.22,31.163333333333334,3,178.98266666666666,3,184.34766666666667,3,5.133333333333333,3,-0.0013261144103813294,-0.024431418274700745,COMPLETE,29.23076923076923,5.461538461538462,2.769230769230769,6.153846153846154,58.76923076923077,18.93491124260355,54.34319526627219,173.63313609467457,15.526627218934912,13,0,0,0
2024,2,Mariposa,15,85,70,0.17647058823529413,2024-04-01,2024 Q2,2024-06-30,6,91,0,1,0,0,1,0,0,0,1,0,0,0,Pre-credit rolloff / pre-war,100124,94,16596,0,111,0.5129350933963395,0.4688992757717397,0.8571232900166076,0.1420720119163799,8.046980670125156e-4,0,4.953461538461538,4.564,13,0.10231435516450404,8.2,34.093333333333334,3,177.66833333333332,3,180.175,3,5.233333333333333,3,-0.007343355408717445,-0.022634768001764782,COMPLETE,28.76923076923077,5.461538461538462,6.846153846153846,5.846153846153846,70.92307692307692,21.396449704142015,61.159763313609474,171.55029585798817,17.230769230769234,13,0,0,0
2024,3,Mariposa,7,67,60,0.1044776119402985,2024-07-01,2024 Q3,2024-09-30,7,92,0,0,1,0,1,0,0,0,1,0,0,0,Pre-credit rolloff / pre-war,99738,128,15374,0,126,0.5170079833391183,0.4686827490454703,0.8654807358556057,0.13340853870183964,0.0011107254425546686,0,4.425285714285715,4.412,14,-0.10662762193160502,8.4,31.926666666666666,3,177.11233333333334,3,175.28166666666667,3,5.4,3,-0.0031294265532216814,-0.02715878081494849,COMPLETE,27,5.3076923076923075,9,5.076923076923077,57.69230769230769,18.55621301775148,58.130177514792905,173.06508875739647,16.09467455621302,13,0,0,0
2024,4,Mariposa,12,88,76,0.13636363636363635,2024-10-01,2024 Q4,2024-12-31,8,92,0,0,0,1,1,0,0,0,1,0,0,0,Pre-credit rolloff / pre-war,92617,181,15505,0,138,0.4802083044791003,0.40662770191038106,0.8551656002142138,0.14316316260860734,0.001671237177178841,0,4.2403076923076926,4.105,13,-0.041800243853380104,7.82,31.083333333333336,3,177.79033333333334,3,179.781,3,5.4,3,0.0038280789781248714,0.025669161064572288,COMPLETE,24.846153846153847,5.384615384615385,8.692307692307692,6.153846153846154,57.30769230769231,15.905325443786984,54.72189349112426,160.18934911242604,15.147928994082841,13,2,6000,7500
2025,1,Mariposa,8,91,83,0.08791208791208792,2025-01-01,2025 Q1,2025-03-31,9,90,1,0,0,0,1,0,0,0,1,0,0,0,Pre-credit rolloff / pre-war,85610,68,15275,0,150,0.4294968945945143,0.3761453349578517,0.8480183847929235,0.15130803443186433,6.735807752122274e-4,0,4.388538461538461,4.585,13,0.03495755025034453,8.04,31.493333333333332,3,178.54733333333334,3,185.72533333333334,3,5.4,3,0.0042578242911595066,0.03306430230854951,COMPLETE,26.076923076923077,5.461538461538462,8,5,55,19.124260355029588,56.426035502958584,181.01775147928996,16.284023668639055,13,1,0,0
2025,2,Mariposa,8,79,71,0.10126582278481013,2025-04-01,2025 Q2,2025-06-30,10,91,0,1,0,0,1,0,0,0,1,0,0,0,Pre-credit rolloff / pre-war,84693,62,16868,0,152,0.47184200427068673,0.4086082874939728,0.833403855426429,0.1659860464658591,6.100981077118368e-4,0,4.5673076923076925,4.36,13,0.04073548228777768,7.67,33.56666666666667,3,178.27566666666667,3,183.76566666666668,3,5.466666666666667,3,-0.0015215386396137953,-0.01055142360762129,COMPLETE,24.46153846153846,5.769230769230769,8.384615384615385,4.384615384615385,55.23076923076923,21.396449704142015,57.18343195266272,168.71005917159766,14.958579881656807,13,0,0,0
2025,3,Mariposa,13,78,65,0.16666666666666666,2025-07-01,2025 Q3,2025-09-30,11,92,0,0,1,0,1,1,0,0,1,0,0,0,Credit-expiration pull-forward,110380,114,16595,0,149,0.5028759373352533,0.3980674960067354,0.8685252067448795,0.13057778407257906,8.970091825413687e-4,0,4.343,4.446,13,-0.049111578947368506,7.64,32.11666666666667,3,178.20466666666667,3,184.62466666666666,3,5.5,3,-3.9825962414008487e-4,0.00467443138634871,COMPLETE,27.46153846153846,5.384615384615385,12.307692307692308,8.692307692307692,68,16.09467455621302,65.13609467455622,184.4260355029586,15.905325443786984,13,0,0,0
2025,4,Mariposa,7,95,88,0.07368421052631578,2025-10-01,2025 Q4,2025-12-31,12,92,0,0,0,1,0,0,1,0,1,0,0,0,Post-credit / pre-war,70360,119,8587,0,151,0.5716490020995117,0.500379429843422,0.8898894594389497,0.10860546884880985,0.0015050717122404068,0,4.339846153846154,4.042,13,-7.261906870471568e-4,7.24,33.4,3,178.82533333333333,3,185.69233333333332,3,5.5,2,0.003482886718267686,0.0057829036928975786,PARTIAL,20.76923076923077,3.1538461538461537,5.6923076923076925,0.23076923076923075,54.61538461538461,15.526627218934912,57.18343195266272,159.81065088757398,14.011834319526628,13,1,9800,7500
2026,1,Mariposa,2,59,57,0.03389830508474576,2026-01-01,2026 Q1,2026-03-31,13,90,1,0,0,0,0,0,1,0,1,0.35555555555555557,1,0,War transition quarter,56856,90,7722,0,137,0.5655038040452774,0.500742252737057,0.8791983670439785,0.11940990907403971,0.0013917238819818147,0,4.591538461538462,5.711,13,0.057995675139139946,7.53,32.28666666666667,3,179.31433333333334,3,180.56266666666667,3,5.366666666666667,3,0.0027345118886958897,-0.02762454741445075,COMPLETE,33,7.307692307692308,5.307692307692308,0.6923076923076922,61.30769230769231,41.08875739644971,85.20710059171599,196.92307692307693,19.124260355029588,13,0,0,0
2026,2,Mariposa,9,68,59,0.1323529411764706,2026-04-01,2026 Q2,2026-06-30,14,91,0,1,0,0,0,0,1,0,1,1,0,1,Full post-war quarter,75597,81,11179,0,148,0.5973611798703616,0.5192673014264826,0.870361628884258,0.12870580379244045,9.325673233015186e-4,0,5.728,5.245,13,0.247512146088122,7.14,35.25,1,178.852,3,179.806,3,5.3,2,-0.0025783400843584214,-0.004190604185435154,PARTIAL,49.84615384615385,17.46153846153846,8.076923076923077,0,79.15384615384616,38.81656804733728,153.37278106508876,234.98224852071007,23.479289940828405,13,0,0,0
2023,1,Mendocino,60,445,385,0.1348314606741573,2023-01-01,2023 Q1,2023-03-31,1,90,1,0,0,0,1,0,0,1,0,0,0,0,Pre-credit rolloff / pre-war,83811,790,14684,0,90,0.5995568313441104,0.5098252505413708,0.8441456413355491,0.147897466888251,0.007956891776199829,0,4.461384615384615,4.634,13,,7.48,28.036666666666665,3,178.34199999999998,3,188.251,3,4.466666666666667,3,,,COMPLETE,28.76923076923077,6.230769230769231,2.3846153846153846,9.923076923076923,65.53846153846153,26.698224852071007,53.58579881656805,187.83431952662724,17.79881656804734,13,0,0,0
2023,2,Mendocino,77,518,441,0.14864864864864866,2023-04-01,2023 Q2,2023-06-30,2,91,0,1,0,0,1,0,0,1,0,0,0,0,Pre-credit rolloff / pre-war,103367,972,15215,0,99,0.6270890141693294,0.5796125600147214,0.8646051156799438,0.12726466701239608,0.008130217307660137,0,4.6605384615384615,4.649,13,0.044639470326563124,7.81,30.253333333333334,3,178.84066666666666,3,196.347,3,4.566666666666666,3,0.0027961257957558328,0.04300641165252772,COMPLETE,27.923076923076923,5.769230769230769,4.076923076923077,9.153846153846153,64.07692307692308,24.236686390532547,56.426035502958584,176.85207100591717,17.988165680473376,13,0,0,0
2023,3,Mendocino,76,479,403,0.15866388308977036,2023-07-01,2023 Q3,2023-09-30,3,92,0,0,1,0,1,0,0,1,0,0,0,0,Pre-credit rolloff / pre-war,100380,1135,17422,0,104,0.5617007323204721,0.5060241976844885,0.8439762227061386,0.14648091006162928,0.00954286723223219,0,5.02476923076923,5.699,13,0.0781520788287915,7.88,29.813333333333333,3,179.192,3,191.143,3,4.8,3,0.001964504717420823,-0.026504097337876398,COMPLETE,31.692307692307693,6.153846153846154,4.076923076923077,7.153846153846154,57.69230769230769,35.40828402366864,57.94082840236687,177.23076923076923,17.230769230769234,13,0,0,0
2023,4,Mendocino,70,447,377,0.15659955257270694,2023-10-01,2023 Q4,2023-12-31,4,92,0,0,0,1,1,0,0,0.41304347826086957,0,0,0,0,Pre-credit rolloff / pre-war,86827,220,15454,0,107,0.4996243939083521,0.4510102340464971,0.8470844186885982,0.15076926078769964,0.0021463205237022076,0,4.944461538461539,4.371,13,-0.015982364287682405,8.15,30.14666666666667,3,179.22033333333334,3,188.96433333333331,3,5.033333333333333,3,1.581171778501922e-4,-0.011398098108048371,COMPLETE,28.571428571428573,5.928571428571429,4.071428571428571,6.285714285714286,56.92857142857143,30.24175824175824,52.57142857142858,156.65934065934067,15.296703296703297,14,0,0,0
2024,1,Mendocino,68,420,352,0.1619047619047619,2024-01-01,2024 Q1,2024-03-31,5,91,1,0,0,0,1,0,0,0,1,0,0,0,Pre-credit rolloff / pre-war,86431,197,16389,0,109,0.4961317064173874,0.4692720618926973,0.8389974470233068,0.15909024724074666,0.0019123057359464943,0,4.493692307692307,4.801,13,-0.09116649553501988,8.22,31.163333333333334,3,178.98266666666666,3,184.34766666666667,3,5.133333333333333,3,-0.0013261144103813294,-0.024431418274700745,COMPLETE,29.23076923076923,5.461538461538462,2.769230769230769,6.153846153846154,58.76923076923077,18.93491124260355,54.34319526627219,173.63313609467457,15.526627218934912,13,0,0,0
2024,2,Mendocino,54,430,376,0.12558139534883722,2024-04-01,2024 Q2,2024-06-30,6,91,0,1,0,0,1,0,0,0,1,0,0,0,Pre-credit rolloff / pre-war,100124,94,16596,0,111,0.5129350933963395,0.4688992757717397,0.8571232900166076,0.1420720119163799,8.046980670125156e-4,0,4.953461538461538,4.564,13,0.10231435516450404,8.2,34.093333333333334,3,177.66833333333332,3,180.175,3,5.233333333333333,3,-0.007343355408717445,-0.022634768001764782,COMPLETE,28.76923076923077,5.461538461538462,6.846153846153846,5.846153846153846,70.92307692307692,21.396449704142015,61.159763313609474,171.55029585798817,17.230769230769234,13,0,0,0
2024,3,Mendocino,73,485,412,0.15051546391752577,2024-07-01,2024 Q3,2024-09-30,7,92,0,0,1,0,1,0,0,0,1,0,0,0,Pre-credit rolloff / pre-war,99738,128,15374,0,126,0.5170079833391183,0.4686827490454703,0.8654807358556057,0.13340853870183964,0.0011107254425546686,0,4.425285714285715,4.412,14,-0.10662762193160502,8.4,31.926666666666666,3,177.11233333333334,3,175.28166666666667,3,5.4,3,-0.0031294265532216814,-0.02715878081494849,COMPLETE,27,5.3076923076923075,9,5.076923076923077,57.69230769230769,18.55621301775148,58.130177514792905,173.06508875739647,16.09467455621302,13,0,0,0
2024,4,Mendocino,71,410,339,0.17317073170731706,2024-10-01,2024 Q4,2024-12-31,8,92,0,0,0,1,1,0,0,0,1,0,0,0,Pre-credit rolloff / pre-war,92617,181,15505,0,138,0.4802083044791003,0.40662770191038106,0.8551656002142138,0.14316316260860734,0.001671237177178841,0,4.2403076923076926,4.105,13,-0.041800243853380104,7.82,31.083333333333336,3,177.79033333333334,3,179.781,3,5.4,3,0.0038280789781248714,0.025669161064572288,COMPLETE,24.846153846153847,5.384615384615385,8.692307692307692,6.153846153846154,57.30769230769231,15.905325443786984,54.72189349112426,160.18934911242604,15.147928994082841,13,2,6000,7500
2025,1,Mendocino,59,459,400,0.12854030501089325,2025-01-01,2025 Q1,2025-03-31,9,90,1,0,0,0,1,0,0,0,1,0,0,0,Pre-credit rolloff / pre-war,85610,68,15275,0,150,0.4294968945945143,0.3761453349578517,0.8480183847929235,0.15130803443186433,6.735807752122274e-4,0,4.388538461538461,4.585,13,0.03495755025034453,8.04,31.493333333333332,3,178.54733333333334,3,185.72533333333334,3,5.4,3,0.0042578242911595066,0.03306430230854951,COMPLETE,26.076923076923077,5.461538461538462,8,5,55,19.124260355029588,56.426035502958584,181.01775147928996,16.284023668639055,13,1,0,0
2025,2,Mendocino,55,442,387,0.1244343891402715,2025-04-01,2025 Q2,2025-06-30,10,91,0,1,0,0,1,0,0,0,1,0,0,0,Pre-credit rolloff / pre-war,84693,62,16868,0,152,0.47184200427068673,0.4086082874939728,0.833403855426429,0.1659860464658591,6.100981077118368e-4,0,4.5673076923076925,4.36,13,0.04073548228777768,7.67,33.56666666666667,3,178.27566666666667,3,183.76566666666668,3,5.466666666666667,3,-0.0015215386396137953,-0.01055142360762129,COMPLETE,24.46153846153846,5.769230769230769,8.384615384615385,4.384615384615385,55.23076923076923,21.396449704142015,57.18343195266272,168.71005917159766,14.958579881656807,13,0,0,0
2025,3,Mendocino,84,434,350,0.1935483870967742,2025-07-01,2025 Q3,2025-09-30,11,92,0,0,1,0,1,1,0,0,1,0,0,0,Credit-expiration pull-forward,110380,114,16595,0,149,0.5028759373352533,0.3980674960067354,0.8685252067448795,0.13057778407257906,8.970091825413687e-4,0,4.343,4.446,13,-0.049111578947368506,7.64,32.11666666666667,3,178.20466666666667,3,184.62466666666666,3,5.5,3,-3.9825962414008487e-4,0.00467443138634871,COMPLETE,27.46153846153846,5.384615384615385,12.307692307692308,8.692307692307692,68,16.09467455621302,65.13609467455622,184.4260355029586,15.905325443786984,13,0,0,0
2025,4,Mendocino,42,392,350,0.10714285714285714,2025-10-01,2025 Q4,2025-12-31,12,92,0,0,0,1,0,0,1,0,1,0,0,0,Post-credit / pre-war,70360,119,8587,0,151,0.5716490020995117,0.500379429843422,0.8898894594389497,0.10860546884880985,0.0015050717122404068,0,4.339846153846154,4.042,13,-7.261906870471568e-4,7.24,33.4,3,178.82533333333333,3,185.69233333333332,3,5.5,2,0.003482886718267686,0.0057829036928975786,PARTIAL,20.76923076923077,3.1538461538461537,5.6923076923076925,0.23076923076923075,54.61538461538461,15.526627218934912,57.18343195266272,159.81065088757398,14.011834319526628,13,1,9800,7500
2026,1,Mendocino,46,361,315,0.12742382271468145,2026-01-01,2026 Q1,2026-03-31,13,90,1,0,0,0,0,0,1,0,1,0.35555555555555557,1,0,War transition quarter,56856,90,7722,0,137,0.5655038040452774,0.500742252737057,0.8791983670439785,0.11940990907403971,0.0013917238819818147,0,4.591538461538462,5.711,13,0.057995675139139946,7.53,32.28666666666667,3,179.31433333333334,3,180.56266666666667,3,5.366666666666667,3,0.0027345118886958897,-0.02762454741445075,COMPLETE,33,7.307692307692308,5.307692307692308,0.6923076923076922,61.30769230769231,41.08875739644971,85.20710059171599,196.92307692307693,19.124260355029588,13,0,0,0
2026,2,Mendocino,76,409,333,0.18581907090464547,2026-04-01,2026 Q2,2026-06-30,14,91,0,1,0,0,0,0,1,0,1,1,0,1,Full post-war quarter,75597,81,11179,0,148,0.5973611798703616,0.5192673014264826,0.870361628884258,0.12870580379244045,9.325673233015186e-4,0,5.728,5.245,13,0.247512146088122,7.14,35.25,1,178.852,3,179.806,3,5.3,2,-0.0025783400843584214,-0.004190604185435154,PARTIAL,49.84615384615385,17.46153846153846,8.076923076923077,0,79.15384615384616,38.81656804733728,153.37278106508876,234.98224852071007,23.479289940828405,13,0,0,0
2023,1,Merced,131,1454,1323,0.09009628610729023,2023-01-01,2023 Q1,2023-03-31,1,90,1,0,0,0,1,0,0,1,0,0,0,0,Pre-credit rolloff / pre-war,83811,790,14684,0,90,0.5995568313441104,0.5098252505413708,0.8441456413355491,0.147897466888251,0.007956891776199829,0,4.461384615384615,4.634,13,,7.48,28.036666666666665,3,178.34199999999998,3,188.251,3,4.466666666666667,3,,,COMPLETE,28.76923076923077,6.230769230769231,2.3846153846153846,9.923076923076923,65.53846153846153,26.698224852071007,53.58579881656805,187.83431952662724,17.79881656804734,13,0,0,0
2023,2,Merced,217,1635,1418,0.1327217125382263,2023-04-01,2023 Q2,2023-06-30,2,91,0,1,0,0,1,0,0,1,0,0,0,0,Pre-credit rolloff / pre-war,103367,972,15215,0,99,0.6270890141693294,0.5796125600147214,0.8646051156799438,0.12726466701239608,0.008130217307660137,0,4.6605384615384615,4.649,13,0.044639470326563124,7.81,30.253333333333334,3,178.84066666666666,3,196.347,3,4.566666666666666,3,0.0027961257957558328,0.04300641165252772,COMPLETE,27.923076923076923,5.769230769230769,4.076923076923077,9.153846153846153,64.07692307692308,24.236686390532547,56.426035502958584,176.85207100591717,17.988165680473376,13,0,0,0
2023,3,Merced,218,1531,1313,0.14239059438275636,2023-07-01,2023 Q3,2023-09-30,3,92,0,0,1,0,1,0,0,1,0,0,0,0,Pre-credit rolloff / pre-war,100380,1135,17422,0,104,0.5617007323204721,0.5060241976844885,0.8439762227061386,0.14648091006162928,0.00954286723223219,0,5.02476923076923,5.699,13,0.0781520788287915,7.88,29.813333333333333,3,179.192,3,191.143,3,4.8,3,0.001964504717420823,-0.026504097337876398,COMPLETE,31.692307692307693,6.153846153846154,4.076923076923077,7.153846153846154,57.69230769230769,35.40828402366864,57.94082840236687,177.23076923076923,17.230769230769234,13,0,0,0
2023,4,Merced,163,1373,1210,0.11871813546977422,2023-10-01,2023 Q4,2023-12-31,4,92,0,0,0,1,1,0,0,0.41304347826086957,0,0,0,0,Pre-credit rolloff / pre-war,86827,220,15454,0,107,0.4996243939083521,0.4510102340464971,0.8470844186885982,0.15076926078769964,0.0021463205237022076,0,4.944461538461539,4.371,13,-0.015982364287682405,8.15,30.14666666666667,3,179.22033333333334,3,188.96433333333331,3,5.033333333333333,3,1.581171778501922e-4,-0.011398098108048371,COMPLETE,28.571428571428573,5.928571428571429,4.071428571428571,6.285714285714286,56.92857142857143,30.24175824175824,52.57142857142858,156.65934065934067,15.296703296703297,14,0,0,0
2024,1,Merced,137,1320,1183,0.10378787878787879,2024-01-01,2024 Q1,2024-03-31,5,91,1,0,0,0,1,0,0,0,1,0,0,0,Pre-credit rolloff / pre-war,86431,197,16389,0,109,0.4961317064173874,0.4692720618926973,0.8389974470233068,0.15909024724074666,0.0019123057359464943,0,4.493692307692307,4.801,13,-0.09116649553501988,8.22,31.163333333333334,3,178.98266666666666,3,184.34766666666667,3,5.133333333333333,3,-0.0013261144103813294,-0.024431418274700745,COMPLETE,29.23076923076923,5.461538461538462,2.769230769230769,6.153846153846154,58.76923076923077,18.93491124260355,54.34319526627219,173.63313609467457,15.526627218934912,13,0,0,0
2024,2,Merced,157,1402,1245,0.11198288159771755,2024-04-01,2024 Q2,2024-06-30,6,91,0,1,0,0,1,0,0,0,1,0,0,0,Pre-credit rolloff / pre-war,100124,94,16596,0,111,0.5129350933963395,0.4688992757717397,0.8571232900166076,0.1420720119163799,8.046980670125156e-4,0,4.953461538461538,4.564,13,0.10231435516450404,8.2,34.093333333333334,3,177.66833333333332,3,180.175,3,5.233333333333333,3,-0.007343355408717445,-0.022634768001764782,COMPLETE,28.76923076923077,5.461538461538462,6.846153846153846,5.846153846153846,70.92307692307692,21.396449704142015,61.159763313609474,171.55029585798817,17.230769230769234,13,0,0,0
2024,3,Merced,215,1514,1299,0.14200792602377807,2024-07-01,2024 Q3,2024-09-30,7,92,0,0,1,0,1,0,0,0,1,0,0,0,Pre-credit rolloff / pre-war,99738,128,15374,0,126,0.5170079833391183,0.4686827490454703,0.8654807358556057,0.13340853870183964,0.0011107254425546686,0,4.425285714285715,4.412,14,-0.10662762193160502,8.4,31.926666666666666,3,177.11233333333334,3,175.28166666666667,3,5.4,3,-0.0031294265532216814,-0.02715878081494849,COMPLETE,27,5.3076923076923075,9,5.076923076923077,57.69230769230769,18.55621301775148,58.130177514792905,173.06508875739647,16.09467455621302,13,0,0,0
2024,4,Merced,191,1416,1225,0.1348870056497175,2024-10-01,2024 Q4,2024-12-31,8,92,0,0,0,1,1,0,0,0,1,0,0,0,Pre-credit rolloff / pre-war,92617,181,15505,0,138,0.4802083044791003,0.40662770191038106,0.8551656002142138,0.14316316260860734,0.001671237177178841,0,4.2403076923076926,4.105,13,-0.041800243853380104,7.82,31.083333333333336,3,177.79033333333334,3,179.781,3,5.4,3,0.0038280789781248714,0.025669161064572288,COMPLETE,24.846153846153847,5.384615384615385,8.692307692307692,6.153846153846154,57.30769230769231,15.905325443786984,54.72189349112426,160.18934911242604,15.147928994082841,13,2,6000,7500
2025,1,Merced,163,1248,1085,0.13060897435897437,2025-01-01,2025 Q1,2025-03-31,9,90,1,0,0,0,1,0,0,0,1,0,0,0,Pre-credit rolloff / pre-war,85610,68,15275,0,150,0.4294968945945143,0.3761453349578517,0.8480183847929235,0.15130803443186433,6.735807752122274e-4,0,4.388538461538461,4.585,13,0.03495755025034453,8.04,31.493333333333332,3,178.54733333333334,3,185.72533333333334,3,5.4,3,0.0042578242911595066,0.03306430230854951,COMPLETE,26.076923076923077,5.461538461538462,8,5,55,19.124260355029588,56.426035502958584,181.01775147928996,16.284023668639055,13,1,0,0
2025,2,Merced,167,1639,1472,0.10189139719341062,2025-04-01,2025 Q2,2025-06-30,10,91,0,1,0,0,1,0,0,0,1,0,0,0,Pre-credit rolloff / pre-war,84693,62,16868,0,152,0.47184200427068673,0.4086082874939728,0.833403855426429,0.1659860464658591,6.100981077118368e-4,0,4.5673076923076925,4.36,13,0.04073548228777768,7.67,33.56666666666667,3,178.27566666666667,3,183.76566666666668,3,5.466666666666667,3,-0.0015215386396137953,-0.01055142360762129,COMPLETE,24.46153846153846,5.769230769230769,8.384615384615385,4.384615384615385,55.23076923076923,21.396449704142015,57.18343195266272,168.71005917159766,14.958579881656807,13,0,0,0
2025,3,Merced,204,1624,1420,0.12561576354679804,2025-07-01,2025 Q3,2025-09-30,11,92,0,0,1,0,1,1,0,0,1,0,0,0,Credit-expiration pull-forward,110380,114,16595,0,149,0.5028759373352533,0.3980674960067354,0.8685252067448795,0.13057778407257906,8.970091825413687e-4,0,4.343,4.446,13,-0.049111578947368506,7.64,32.11666666666667,3,178.20466666666667,3,184.62466666666666,3,5.5,3,-3.9825962414008487e-4,0.00467443138634871,COMPLETE,27.46153846153846,5.384615384615385,12.307692307692308,8.692307692307692,68,16.09467455621302,65.13609467455622,184.4260355029586,15.905325443786984,13,0,0,0
2025,4,Merced,141,1452,1311,0.09710743801652892,2025-10-01,2025 Q4,2025-12-31,12,92,0,0,0,1,0,0,1,0,1,0,0,0,Post-credit / pre-war,70360,119,8587,0,151,0.5716490020995117,0.500379429843422,0.8898894594389497,0.10860546884880985,0.0015050717122404068,0,4.339846153846154,4.042,13,-7.261906870471568e-4,7.24,33.4,3,178.82533333333333,3,185.69233333333332,3,5.5,2,0.003482886718267686,0.0057829036928975786,PARTIAL,20.76923076923077,3.1538461538461537,5.6923076923076925,0.23076923076923075,54.61538461538461,15.526627218934912,57.18343195266272,159.81065088757398,14.011834319526628,13,1,9800,7500
2026,1,Merced,127,1373,1246,0.09249817916970138,2026-01-01,2026 Q1,2026-03-31,13,90,1,0,0,0,0,0,1,0,1,0.35555555555555557,1,0,War transition quarter,56856,90,7722,0,137,0.5655038040452774,0.500742252737057,0.8791983670439785,0.11940990907403971,0.0013917238819818147,0,4.591538461538462,5.711,13,0.057995675139139946,7.53,32.28666666666667,3,179.31433333333334,3,180.56266666666667,3,5.366666666666667,3,0.0027345118886958897,-0.02762454741445075,COMPLETE,33,7.307692307692308,5.307692307692308,0.6923076923076922,61.30769230769231,41.08875739644971,85.20710059171599,196.92307692307693,19.124260355029588,13,0,0,0
2026,2,Merced,179,1572,1393,0.1138676844783715,2026-04-01,2026 Q2,2026-06-30,14,91,0,1,0,0,0,0,1,0,1,1,0,1,Full post-war quarter,75597,81,11179,0,148,0.5973611798703616,0.5192673014264826,0.870361628884258,0.12870580379244045,9.325673233015186e-4,0,5.728,5.245,13,0.247512146088122,7.14,35.25,1,178.852,3,179.806,3,5.3,2,-0.0025783400843584214,-0.004190604185435154,PARTIAL,49.84615384615385,17.46153846153846,8.076923076923077,0,79.15384615384616,38.81656804733728,153.37278106508876,234.98224852071007,23.479289940828405,13,0,0,0
2023,1,Modoc,1,37,36,0.02702702702702703,2023-01-01,2023 Q1,2023-03-31,1,90,1,0,0,0,1,0,0,1,0,0,0,0,Pre-credit rolloff / pre-war,83811,790,14684,0,90,0.5995568313441104,0.5098252505413708,0.8441456413355491,0.147897466888251,0.007956891776199829,0,4.461384615384615,4.634,13,,7.48,28.036666666666665,3,178.34199999999998,3,188.251,3,4.466666666666667,3,,,COMPLETE,28.76923076923077,6.230769230769231,2.3846153846153846,9.923076923076923,65.53846153846153,26.698224852071007,53.58579881656805,187.83431952662724,17.79881656804734,13,0,0,0
2023,2,Modoc,0,41,41,0,2023-04-01,2023 Q2,2023-06-30,2,91,0,1,0,0,1,0,0,1,0,0,0,0,Pre-credit rolloff / pre-war,103367,972,15215,0,99,0.6270890141693294,0.5796125600147214,0.8646051156799438,0.12726466701239608,0.008130217307660137,0,4.6605384615384615,4.649,13,0.044639470326563124,7.81,30.253333333333334,3,178.84066666666666,3,196.347,3,4.566666666666666,3,0.0027961257957558328,0.04300641165252772,COMPLETE,27.923076923076923,5.769230769230769,4.076923076923077,9.153846153846153,64.07692307692308,24.236686390532547,56.426035502958584,176.85207100591717,17.988165680473376,13,0,0,0
2023,3,Modoc,0,46,46,0,2023-07-01,2023 Q3,2023-09-30,3,92,0,0,1,0,1,0,0,1,0,0,0,0,Pre-credit rolloff / pre-war,100380,1135,17422,0,104,0.5617007323204721,0.5060241976844885,0.8439762227061386,0.14648091006162928,0.00954286723223219,0,5.02476923076923,5.699,13,0.0781520788287915,7.88,29.813333333333333,3,179.192,3,191.143,3,4.8,3,0.001964504717420823,-0.026504097337876398,COMPLETE,31.692307692307693,6.153846153846154,4.076923076923077,7.153846153846154,57.69230769230769,35.40828402366864,57.94082840236687,177.23076923076923,17.230769230769234,13,0,0,0
2023,4,Modoc,2,35,33,0.05714285714285714,2023-10-01,2023 Q4,2023-12-31,4,92,0,0,0,1,1,0,0,0.41304347826086957,0,0,0,0,Pre-credit rolloff / pre-war,86827,220,15454,0,107,0.4996243939083521,0.4510102340464971,0.8470844186885982,0.15076926078769964,0.0021463205237022076,0,4.944461538461539,4.371,13,-0.015982364287682405,8.15,30.14666666666667,3,179.22033333333334,3,188.96433333333331,3,5.033333333333333,3,1.581171778501922e-4,-0.011398098108048371,COMPLETE,28.571428571428573,5.928571428571429,4.071428571428571,6.285714285714286,56.92857142857143,30.24175824175824,52.57142857142858,156.65934065934067,15.296703296703297,14,0,0,0
2024,1,Modoc,2,37,35,0.05405405405405406,2024-01-01,2024 Q1,2024-03-31,5,91,1,0,0,0,1,0,0,0,1,0,0,0,Pre-credit rolloff / pre-war,86431,197,16389,0,109,0.4961317064173874,0.4692720618926973,0.8389974470233068,0.15909024724074666,0.0019123057359464943,0,4.493692307692307,4.801,13,-0.09116649553501988,8.22,31.163333333333334,3,178.98266666666666,3,184.34766666666667,3,5.133333333333333,3,-0.0013261144103813294,-0.024431418274700745,COMPLETE,29.23076923076923,5.461538461538462,2.769230769230769,6.153846153846154,58.76923076923077,18.93491124260355,54.34319526627219,173.63313609467457,15.526627218934912,13,0,0,0
2024,2,Modoc,0,26,26,0,2024-04-01,2024 Q2,2024-06-30,6,91,0,1,0,0,1,0,0,0,1,0,0,0,Pre-credit rolloff / pre-war,100124,94,16596,0,111,0.5129350933963395,0.4688992757717397,0.8571232900166076,0.1420720119163799,8.046980670125156e-4,0,4.953461538461538,4.564,13,0.10231435516450404,8.2,34.093333333333334,3,177.66833333333332,3,180.175,3,5.233333333333333,3,-0.007343355408717445,-0.022634768001764782,COMPLETE,28.76923076923077,5.461538461538462,6.846153846153846,5.846153846153846,70.92307692307692,21.396449704142015,61.159763313609474,171.55029585798817,17.230769230769234,13,0,0,0
2024,3,Modoc,1,32,31,0.03125,2024-07-01,2024 Q3,2024-09-30,7,92,0,0,1,0,1,0,0,0,1,0,0,0,Pre-credit rolloff / pre-war,99738,128,15374,0,126,0.5170079833391183,0.4686827490454703,0.8654807358556057,0.13340853870183964,0.0011107254425546686,0,4.425285714285715,4.412,14,-0.10662762193160502,8.4,31.926666666666666,3,177.11233333333334,3,175.28166666666667,3,5.4,3,-0.0031294265532216814,-0.02715878081494849,COMPLETE,27,5.3076923076923075,9,5.076923076923077,57.69230769230769,18.55621301775148,58.130177514792905,173.06508875739647,16.09467455621302,13,0,0,0
2024,4,Modoc,3,28,25,0.10714285714285714,2024-10-01,2024 Q4,2024-12-31,8,92,0,0,0,1,1,0,0,0,1,0,0,0,Pre-credit rolloff / pre-war,92617,181,15505,0,138,0.4802083044791003,0.40662770191038106,0.8551656002142138,0.14316316260860734,0.001671237177178841,0,4.2403076923076926,4.105,13,-0.041800243853380104,7.82,31.083333333333336,3,177.79033333333334,3,179.781,3,5.4,3,0.0038280789781248714,0.025669161064572288,COMPLETE,24.846153846153847,5.384615384615385,8.692307692307692,6.153846153846154,57.30769230769231,15.905325443786984,54.72189349112426,160.18934911242604,15.147928994082841,13,2,6000,7500
2025,1,Modoc,2,38,36,0.05263157894736842,2025-01-01,2025 Q1,2025-03-31,9,90,1,0,0,0,1,0,0,0,1,0,0,0,Pre-credit rolloff / pre-war,85610,68,15275,0,150,0.4294968945945143,0.3761453349578517,0.8480183847929235,0.15130803443186433,6.735807752122274e-4,0,4.388538461538461,4.585,13,0.03495755025034453,8.04,31.493333333333332,3,178.54733333333334,3,185.72533333333334,3,5.4,3,0.0042578242911595066,0.03306430230854951,COMPLETE,26.076923076923077,5.461538461538462,8,5,55,19.124260355029588,56.426035502958584,181.01775147928996,16.284023668639055,13,1,0,0
2025,2,Modoc,4,49,45,0.08163265306122448,2025-04-01,2025 Q2,2025-06-30,10,91,0,1,0,0,1,0,0,0,1,0,0,0,Pre-credit rolloff / pre-war,84693,62,16868,0,152,0.47184200427068673,0.4086082874939728,0.833403855426429,0.1659860464658591,6.100981077118368e-4,0,4.5673076923076925,4.36,13,0.04073548228777768,7.67,33.56666666666667,3,178.27566666666667,3,183.76566666666668,3,5.466666666666667,3,-0.0015215386396137953,-0.01055142360762129,COMPLETE,24.46153846153846,5.769230769230769,8.384615384615385,4.384615384615385,55.23076923076923,21.396449704142015,57.18343195266272,168.71005917159766,14.958579881656807,13,0,0,0
2025,3,Modoc,0,39,39,0,2025-07-01,2025 Q3,2025-09-30,11,92,0,0,1,0,1,1,0,0,1,0,0,0,Credit-expiration pull-forward,110380,114,16595,0,149,0.5028759373352533,0.3980674960067354,0.8685252067448795,0.13057778407257906,8.970091825413687e-4,0,4.343,4.446,13,-0.049111578947368506,7.64,32.11666666666667,3,178.20466666666667,3,184.62466666666666,3,5.5,3,-3.9825962414008487e-4,0.00467443138634871,COMPLETE,27.46153846153846,5.384615384615385,12.307692307692308,8.692307692307692,68,16.09467455621302,65.13609467455622,184.4260355029586,15.905325443786984,13,0,0,0
2025,4,Modoc,0,35,35,0,2025-10-01,2025 Q4,2025-12-31,12,92,0,0,0,1,0,0,1,0,1,0,0,0,Post-credit / pre-war,70360,119,8587,0,151,0.5716490020995117,0.500379429843422,0.8898894594389497,0.10860546884880985,0.0015050717122404068,0,4.339846153846154,4.042,13,-7.261906870471568e-4,7.24,33.4,3,178.82533333333333,3,185.69233333333332,3,5.5,2,0.003482886718267686,0.0057829036928975786,PARTIAL,20.76923076923077,3.1538461538461537,5.6923076923076925,0.23076923076923075,54.61538461538461,15.526627218934912,57.18343195266272,159.81065088757398,14.011834319526628,13,1,9800,7500
2026,1,Modoc,0,31,31,0,2026-01-01,2026 Q1,2026-03-31,13,90,1,0,0,0,0,0,1,0,1,0.35555555555555557,1,0,War transition quarter,56856,90,7722,0,137,0.5655038040452774,0.500742252737057,0.8791983670439785,0.11940990907403971,0.0013917238819818147,0,4.591538461538462,5.711,13,0.057995675139139946,7.53,32.28666666666667,3,179.31433333333334,3,180.56266666666667,3,5.366666666666667,3,0.0027345118886958897,-0.02762454741445075,COMPLETE,33,7.307692307692308,5.307692307692308,0.6923076923076922,61.30769230769231,41.08875739644971,85.20710059171599,196.92307692307693,19.124260355029588,13,0,0,0
2026,2,Modoc,0,23,23,0,2026-04-01,2026 Q2,2026-06-30,14,91,0,1,0,0,0,0,1,0,1,1,0,1,Full post-war quarter,75597,81,11179,0,148,0.5973611798703616,0.5192673014264826,0.870361628884258,0.12870580379244045,9.325673233015186e-4,0,5.728,5.245,13,0.247512146088122,7.14,35.25,1,178.852,3,179.806,3,5.3,2,-0.0025783400843584214,-0.004190604185435154,PARTIAL,49.84615384615385,17.46153846153846,8.076923076923077,0,79.15384615384616,38.81656804733728,153.37278106508876,234.98224852071007,23.479289940828405,13,0,0,0
2023,1,Mono,14,90,76,0.15555555555555556,2023-01-01,2023 Q1,2023-03-31,1,90,1,0,0,0,1,0,0,1,0,0,0,0,Pre-credit rolloff / pre-war,83811,790,14684,0,90,0.5995568313441104,0.5098252505413708,0.8441456413355491,0.147897466888251,0.007956891776199829,0,4.461384615384615,4.634,13,,7.48,28.036666666666665,3,178.34199999999998,3,188.251,3,4.466666666666667,3,,,COMPLETE,28.76923076923077,6.230769230769231,2.3846153846153846,9.923076923076923,65.53846153846153,26.698224852071007,53.58579881656805,187.83431952662724,17.79881656804734,13,0,0,0
2023,2,Mono,16,101,85,0.15841584158415842,2023-04-01,2023 Q2,2023-06-30,2,91,0,1,0,0,1,0,0,1,0,0,0,0,Pre-credit rolloff / pre-war,103367,972,15215,0,99,0.6270890141693294,0.5796125600147214,0.8646051156799438,0.12726466701239608,0.008130217307660137,0,4.6605384615384615,4.649,13,0.044639470326563124,7.81,30.253333333333334,3,178.84066666666666,3,196.347,3,4.566666666666666,3,0.0027961257957558328,0.04300641165252772,COMPLETE,27.923076923076923,5.769230769230769,4.076923076923077,9.153846153846153,64.07692307692308,24.236686390532547,56.426035502958584,176.85207100591717,17.988165680473376,13,0,0,0
2023,3,Mono,10,98,88,0.10204081632653061,2023-07-01,2023 Q3,2023-09-30,3,92,0,0,1,0,1,0,0,1,0,0,0,0,Pre-credit rolloff / pre-war,100380,1135,17422,0,104,0.5617007323204721,0.5060241976844885,0.8439762227061386,0.14648091006162928,0.00954286723223219,0,5.02476923076923,5.699,13,0.0781520788287915,7.88,29.813333333333333,3,179.192,3,191.143,3,4.8,3,0.001964504717420823,-0.026504097337876398,COMPLETE,31.692307692307693,6.153846153846154,4.076923076923077,7.153846153846154,57.69230769230769,35.40828402366864,57.94082840236687,177.23076923076923,17.230769230769234,13,0,0,0
2023,4,Mono,15,123,108,0.12195121951219512,2023-10-01,2023 Q4,2023-12-31,4,92,0,0,0,1,1,0,0,0.41304347826086957,0,0,0,0,Pre-credit rolloff / pre-war,86827,220,15454,0,107,0.4996243939083521,0.4510102340464971,0.8470844186885982,0.15076926078769964,0.0021463205237022076,0,4.944461538461539,4.371,13,-0.015982364287682405,8.15,30.14666666666667,3,179.22033333333334,3,188.96433333333331,3,5.033333333333333,3,1.581171778501922e-4,-0.011398098108048371,COMPLETE,28.571428571428573,5.928571428571429,4.071428571428571,6.285714285714286,56.92857142857143,30.24175824175824,52.57142857142858,156.65934065934067,15.296703296703297,14,0,0,0
2024,1,Mono,11,100,89,0.11,2024-01-01,2024 Q1,2024-03-31,5,91,1,0,0,0,1,0,0,0,1,0,0,0,Pre-credit rolloff / pre-war,86431,197,16389,0,109,0.4961317064173874,0.4692720618926973,0.8389974470233068,0.15909024724074666,0.0019123057359464943,0,4.493692307692307,4.801,13,-0.09116649553501988,8.22,31.163333333333334,3,178.98266666666666,3,184.34766666666667,3,5.133333333333333,3,-0.0013261144103813294,-0.024431418274700745,COMPLETE,29.23076923076923,5.461538461538462,2.769230769230769,6.153846153846154,58.76923076923077,18.93491124260355,54.34319526627219,173.63313609467457,15.526627218934912,13,0,0,0
2024,2,Mono,7,84,77,0.08333333333333333,2024-04-01,2024 Q2,2024-06-30,6,91,0,1,0,0,1,0,0,0,1,0,0,0,Pre-credit rolloff / pre-war,100124,94,16596,0,111,0.5129350933963395,0.4688992757717397,0.8571232900166076,0.1420720119163799,8.046980670125156e-4,0,4.953461538461538,4.564,13,0.10231435516450404,8.2,34.093333333333334,3,177.66833333333332,3,180.175,3,5.233333333333333,3,-0.007343355408717445,-0.022634768001764782,COMPLETE,28.76923076923077,5.461538461538462,6.846153846153846,5.846153846153846,70.92307692307692,21.396449704142015,61.159763313609474,171.55029585798817,17.230769230769234,13,0,0,0
2024,3,Mono,11,109,98,0.10091743119266056,2024-07-01,2024 Q3,2024-09-30,7,92,0,0,1,0,1,0,0,0,1,0,0,0,Pre-credit rolloff / pre-war,99738,128,15374,0,126,0.5170079833391183,0.4686827490454703,0.8654807358556057,0.13340853870183964,0.0011107254425546686,0,4.425285714285715,4.412,14,-0.10662762193160502,8.4,31.926666666666666,3,177.11233333333334,3,175.28166666666667,3,5.4,3,-0.0031294265532216814,-0.02715878081494849,COMPLETE,27,5.3076923076923075,9,5.076923076923077,57.69230769230769,18.55621301775148,58.130177514792905,173.06508875739647,16.09467455621302,13,0,0,0
2024,4,Mono,9,110,101,0.08181818181818182,2024-10-01,2024 Q4,2024-12-31,8,92,0,0,0,1,1,0,0,0,1,0,0,0,Pre-credit rolloff / pre-war,92617,181,15505,0,138,0.4802083044791003,0.40662770191038106,0.8551656002142138,0.14316316260860734,0.001671237177178841,0,4.2403076923076926,4.105,13,-0.041800243853380104,7.82,31.083333333333336,3,177.79033333333334,3,179.781,3,5.4,3,0.0038280789781248714,0.025669161064572288,COMPLETE,24.846153846153847,5.384615384615385,8.692307692307692,6.153846153846154,57.30769230769231,15.905325443786984,54.72189349112426,160.18934911242604,15.147928994082841,13,2,6000,7500
2025,1,Mono,11,88,77,0.125,2025-01-01,2025 Q1,2025-03-31,9,90,1,0,0,0,1,0,0,0,1,0,0,0,Pre-credit rolloff / pre-war,85610,68,15275,0,150,0.4294968945945143,0.3761453349578517,0.8480183847929235,0.15130803443186433,6.735807752122274e-4,0,4.388538461538461,4.585,13,0.03495755025034453,8.04,31.493333333333332,3,178.54733333333334,3,185.72533333333334,3,5.4,3,0.0042578242911595066,0.03306430230854951,COMPLETE,26.076923076923077,5.461538461538462,8,5,55,19.124260355029588,56.426035502958584,181.01775147928996,16.284023668639055,13,1,0,0
2025,2,Mono,12,125,113,0.096,2025-04-01,2025 Q2,2025-06-30,10,91,0,1,0,0,1,0,0,0,1,0,0,0,Pre-credit rolloff / pre-war,84693,62,16868,0,152,0.47184200427068673,0.4086082874939728,0.833403855426429,0.1659860464658591,6.100981077118368e-4,0,4.5673076923076925,4.36,13,0.04073548228777768,7.67,33.56666666666667,3,178.27566666666667,3,183.76566666666668,3,5.466666666666667,3,-0.0015215386396137953,-0.01055142360762129,COMPLETE,24.46153846153846,5.769230769230769,8.384615384615385,4.384615384615385,55.23076923076923,21.396449704142015,57.18343195266272,168.71005917159766,14.958579881656807,13,0,0,0
2025,3,Mono,17,101,84,0.16831683168316833,2025-07-01,2025 Q3,2025-09-30,11,92,0,0,1,0,1,1,0,0,1,0,0,0,Credit-expiration pull-forward,110380,114,16595,0,149,0.5028759373352533,0.3980674960067354,0.8685252067448795,0.13057778407257906,8.970091825413687e-4,0,4.343,4.446,13,-0.049111578947368506,7.64,32.11666666666667,3,178.20466666666667,3,184.62466666666666,3,5.5,3,-3.9825962414008487e-4,0.00467443138634871,COMPLETE,27.46153846153846,5.384615384615385,12.307692307692308,8.692307692307692,68,16.09467455621302,65.13609467455622,184.4260355029586,15.905325443786984,13,0,0,0
2025,4,Mono,14,134,120,0.1044776119402985,2025-10-01,2025 Q4,2025-12-31,12,92,0,0,0,1,0,0,1,0,1,0,0,0,Post-credit / pre-war,70360,119,8587,0,151,0.5716490020995117,0.500379429843422,0.8898894594389497,0.10860546884880985,0.0015050717122404068,0,4.339846153846154,4.042,13,-7.261906870471568e-4,7.24,33.4,3,178.82533333333333,3,185.69233333333332,3,5.5,2,0.003482886718267686,0.0057829036928975786,PARTIAL,20.76923076923077,3.1538461538461537,5.6923076923076925,0.23076923076923075,54.61538461538461,15.526627218934912,57.18343195266272,159.81065088757398,14.011834319526628,13,1,9800,7500
2026,1,Mono,9,81,72,0.1111111111111111,2026-01-01,2026 Q1,2026-03-31,13,90,1,0,0,0,0,0,1,0,1,0.35555555555555557,1,0,War transition quarter,56856,90,7722,0,137,0.5655038040452774,0.500742252737057,0.8791983670439785,0.11940990907403971,0.0013917238819818147,0,4.591538461538462,5.711,13,0.057995675139139946,7.53,32.28666666666667,3,179.31433333333334,3,180.56266666666667,3,5.366666666666667,3,0.0027345118886958897,-0.02762454741445075,COMPLETE,33,7.307692307692308,5.307692307692308,0.6923076923076922,61.30769230769231,41.08875739644971,85.20710059171599,196.92307692307693,19.124260355029588,13,0,0,0
2026,2,Mono,13,79,66,0.16455696202531644,2026-04-01,2026 Q2,2026-06-30,14,91,0,1,0,0,0,0,1,0,1,1,0,1,Full post-war quarter,75597,81,11179,0,148,0.5973611798703616,0.5192673014264826,0.870361628884258,0.12870580379244045,9.325673233015186e-4,0,5.728,5.245,13,0.247512146088122,7.14,35.25,1,178.852,3,179.806,3,5.3,2,-0.0025783400843584214,-0.004190604185435154,PARTIAL,49.84615384615385,17.46153846153846,8.076923076923077,0,79.15384615384616,38.81656804733728,153.37278106508876,234.98224852071007,23.479289940828405,13,0,0,0
2023,1,Monterey,470,2723,2253,0.17260374586852736,2023-01-01,2023 Q1,2023-03-31,1,90,1,0,0,0,1,0,0,1,0,0,0,0,Pre-credit rolloff / pre-war,83811,790,14684,0,90,0.5995568313441104,0.5098252505413708,0.8441456413355491,0.147897466888251,0.007956891776199829,0,4.461384615384615,4.634,13,,7.48,28.036666666666665,3,178.34199999999998,3,188.251,3,4.466666666666667,3,,,COMPLETE,28.76923076923077,6.230769230769231,2.3846153846153846,9.923076923076923,65.53846153846153,26.698224852071007,53.58579881656805,187.83431952662724,17.79881656804734,13,0,0,0
2023,2,Monterey,525,3016,2491,0.17407161803713528,2023-04-01,2023 Q2,2023-06-30,2,91,0,1,0,0,1,0,0,1,0,0,0,0,Pre-credit rolloff / pre-war,103367,972,15215,0,99,0.6270890141693294,0.5796125600147214,0.8646051156799438,0.12726466701239608,0.008130217307660137,0,4.6605384615384615,4.649,13,0.044639470326563124,7.81,30.253333333333334,3,178.84066666666666,3,196.347,3,4.566666666666666,3,0.0027961257957558328,0.04300641165252772,COMPLETE,27.923076923076923,5.769230769230769,4.076923076923077,9.153846153846153,64.07692307692308,24.236686390532547,56.426035502958584,176.85207100591717,17.988165680473376,13,0,0,0
2023,3,Monterey,587,3064,2477,0.19157963446475196,2023-07-01,2023 Q3,2023-09-30,3,92,0,0,1,0,1,0,0,1,0,0,0,0,Pre-credit rolloff / pre-war,100380,1135,17422,0,104,0.5617007323204721,0.5060241976844885,0.8439762227061386,0.14648091006162928,0.00954286723223219,0,5.02476923076923,5.699,13,0.0781520788287915,7.88,29.813333333333333,3,179.192,3,191.143,3,4.8,3,0.001964504717420823,-0.026504097337876398,COMPLETE,31.692307692307693,6.153846153846154,4.076923076923077,7.153846153846154,57.69230769230769,35.40828402366864,57.94082840236687,177.23076923076923,17.230769230769234,13,0,0,0
2023,4,Monterey,494,2855,2361,0.17302977232924693,2023-10-01,2023 Q4,2023-12-31,4,92,0,0,0,1,1,0,0,0.41304347826086957,0,0,0,0,Pre-credit rolloff / pre-war,86827,220,15454,0,107,0.4996243939083521,0.4510102340464971,0.8470844186885982,0.15076926078769964,0.0021463205237022076,0,4.944461538461539,4.371,13,-0.015982364287682405,8.15,30.14666666666667,3,179.22033333333334,3,188.96433333333331,3,5.033333333333333,3,1.581171778501922e-4,-0.011398098108048371,COMPLETE,28.571428571428573,5.928571428571429,4.071428571428571,6.285714285714286,56.92857142857143,30.24175824175824,52.57142857142858,156.65934065934067,15.296703296703297,14,0,0,0
2024,1,Monterey,497,2826,2329,0.17586694975230008,2024-01-01,2024 Q1,2024-03-31,5,91,1,0,0,0,1,0,0,0,1,0,0,0,Pre-credit rolloff / pre-war,86431,197,16389,0,109,0.4961317064173874,0.4692720618926973,0.8389974470233068,0.15909024724074666,0.0019123057359464943,0,4.493692307692307,4.801,13,-0.09116649553501988,8.22,31.163333333333334,3,178.98266666666666,3,184.34766666666667,3,5.133333333333333,3,-0.0013261144103813294,-0.024431418274700745,COMPLETE,29.23076923076923,5.461538461538462,2.769230769230769,6.153846153846154,58.76923076923077,18.93491124260355,54.34319526627219,173.63313609467457,15.526627218934912,13,0,0,0
2024,2,Monterey,543,2853,2310,0.19032597266035753,2024-04-01,2024 Q2,2024-06-30,6,91,0,1,0,0,1,0,0,0,1,0,0,0,Pre-credit rolloff / pre-war,100124,94,16596,0,111,0.5129350933963395,0.4688992757717397,0.8571232900166076,0.1420720119163799,8.046980670125156e-4,0,4.953461538461538,4.564,13,0.10231435516450404,8.2,34.093333333333334,3,177.66833333333332,3,180.175,3,5.233333333333333,3,-0.007343355408717445,-0.022634768001764782,COMPLETE,28.76923076923077,5.461538461538462,6.846153846153846,5.846153846153846,70.92307692307692,21.396449704142015,61.159763313609474,171.55029585798817,17.230769230769234,13,0,0,0
2024,3,Monterey,525,2830,2305,0.1855123674911661,2024-07-01,2024 Q3,2024-09-30,7,92,0,0,1,0,1,0,0,0,1,0,0,0,Pre-credit rolloff / pre-war,99738,128,15374,0,126,0.5170079833391183,0.4686827490454703,0.8654807358556057,0.13340853870183964,0.0011107254425546686,0,4.425285714285715,4.412,14,-0.10662762193160502,8.4,31.926666666666666,3,177.11233333333334,3,175.28166666666667,3,5.4,3,-0.0031294265532216814,-0.02715878081494849,COMPLETE,27,5.3076923076923075,9,5.076923076923077,57.69230769230769,18.55621301775148,58.130177514792905,173.06508875739647,16.09467455621302,13,0,0,0
2024,4,Monterey,489,2909,2420,0.16809900309384668,2024-10-01,2024 Q4,2024-12-31,8,92,0,0,0,1,1,0,0,0,1,0,0,0,Pre-credit rolloff / pre-war,92617,181,15505,0,138,0.4802083044791003,0.40662770191038106,0.8551656002142138,0.14316316260860734,0.001671237177178841,0,4.2403076923076926,4.105,13,-0.041800243853380104,7.82,31.083333333333336,3,177.79033333333334,3,179.781,3,5.4,3,0.0038280789781248714,0.025669161064572288,COMPLETE,24.846153846153847,5.384615384615385,8.692307692307692,6.153846153846154,57.30769230769231,15.905325443786984,54.72189349112426,160.18934911242604,15.147928994082841,13,2,6000,7500
2025,1,Monterey,511,2949,2438,0.17327907765344183,2025-01-01,2025 Q1,2025-03-31,9,90,1,0,0,0,1,0,0,0,1,0,0,0,Pre-credit rolloff / pre-war,85610,68,15275,0,150,0.4294968945945143,0.3761453349578517,0.8480183847929235,0.15130803443186433,6.735807752122274e-4,0,4.388538461538461,4.585,13,0.03495755025034453,8.04,31.493333333333332,3,178.54733333333334,3,185.72533333333334,3,5.4,3,0.0042578242911595066,0.03306430230854951,COMPLETE,26.076923076923077,5.461538461538462,8,5,55,19.124260355029588,56.426035502958584,181.01775147928996,16.284023668639055,13,1,0,0
2025,2,Monterey,498,3257,2759,0.15290144304574763,2025-04-01,2025 Q2,2025-06-30,10,91,0,1,0,0,1,0,0,0,1,0,0,0,Pre-credit rolloff / pre-war,84693,62,16868,0,152,0.47184200427068673,0.4086082874939728,0.833403855426429,0.1659860464658591,6.100981077118368e-4,0,4.5673076923076925,4.36,13,0.04073548228777768,7.67,33.56666666666667,3,178.27566666666667,3,183.76566666666668,3,5.466666666666667,3,-0.0015215386396137953,-0.01055142360762129,COMPLETE,24.46153846153846,5.769230769230769,8.384615384615385,4.384615384615385,55.23076923076923,21.396449704142015,57.18343195266272,168.71005917159766,14.958579881656807,13,0,0,0
2025,3,Monterey,558,2997,2439,0.18618618618618618,2025-07-01,2025 Q3,2025-09-30,11,92,0,0,1,0,1,1,0,0,1,0,0,0,Credit-expiration pull-forward,110380,114,16595,0,149,0.5028759373352533,0.3980674960067354,0.8685252067448795,0.13057778407257906,8.970091825413687e-4,0,4.343,4.446,13,-0.049111578947368506,7.64,32.11666666666667,3,178.20466666666667,3,184.62466666666666,3,5.5,3,-3.9825962414008487e-4,0.00467443138634871,COMPLETE,27.46153846153846,5.384615384615385,12.307692307692308,8.692307692307692,68,16.09467455621302,65.13609467455622,184.4260355029586,15.905325443786984,13,0,0,0
2025,4,Monterey,357,2804,2447,0.12731811697574894,2025-10-01,2025 Q4,2025-12-31,12,92,0,0,0,1,0,0,1,0,1,0,0,0,Post-credit / pre-war,70360,119,8587,0,151,0.5716490020995117,0.500379429843422,0.8898894594389497,0.10860546884880985,0.0015050717122404068,0,4.339846153846154,4.042,13,-7.261906870471568e-4,7.24,33.4,3,178.82533333333333,3,185.69233333333332,3,5.5,2,0.003482886718267686,0.0057829036928975786,PARTIAL,20.76923076923077,3.1538461538461537,5.6923076923076925,0.23076923076923075,54.61538461538461,15.526627218934912,57.18343195266272,159.81065088757398,14.011834319526628,13,1,9800,7500
2026,1,Monterey,323,2776,2453,0.11635446685878963,2026-01-01,2026 Q1,2026-03-31,13,90,1,0,0,0,0,0,1,0,1,0.35555555555555557,1,0,War transition quarter,56856,90,7722,0,137,0.5655038040452774,0.500742252737057,0.8791983670439785,0.11940990907403971,0.0013917238819818147,0,4.591538461538462,5.711,13,0.057995675139139946,7.53,32.28666666666667,3,179.31433333333334,3,180.56266666666667,3,5.366666666666667,3,0.0027345118886958897,-0.02762454741445075,COMPLETE,33,7.307692307692308,5.307692307692308,0.6923076923076922,61.30769230769231,41.08875739644971,85.20710059171599,196.92307692307693,19.124260355029588,13,0,0,0
2026,2,Monterey,442,2867,2425,0.15416811998604812,2026-04-01,2026 Q2,2026-06-30,14,91,0,1,0,0,0,0,1,0,1,1,0,1,Full post-war quarter,75597,81,11179,0,148,0.5973611798703616,0.5192673014264826,0.870361628884258,0.12870580379244045,9.325673233015186e-4,0,5.728,5.245,13,0.247512146088122,7.14,35.25,1,178.852,3,179.806,3,5.3,2,-0.0025783400843584214,-0.004190604185435154,PARTIAL,49.84615384615385,17.46153846153846,8.076923076923077,0,79.15384615384616,38.81656804733728,153.37278106508876,234.98224852071007,23.479289940828405,13,0,0,0
2023,1,Napa,298,1202,904,0.24792013311148087,2023-01-01,2023 Q1,2023-03-31,1,90,1,0,0,0,1,0,0,1,0,0,0,0,Pre-credit rolloff / pre-war,83811,790,14684,0,90,0.5995568313441104,0.5098252505413708,0.8441456413355491,0.147897466888251,0.007956891776199829,0,4.461384615384615,4.634,13,,7.48,28.036666666666665,3,178.34199999999998,3,188.251,3,4.466666666666667,3,,,COMPLETE,28.76923076923077,6.230769230769231,2.3846153846153846,9.923076923076923,65.53846153846153,26.698224852071007,53.58579881656805,187.83431952662724,17.79881656804734,13,0,0,0
2023,2,Napa,332,1314,982,0.2526636225266362,2023-04-01,2023 Q2,2023-06-30,2,91,0,1,0,0,1,0,0,1,0,0,0,0,Pre-credit rolloff / pre-war,103367,972,15215,0,99,0.6270890141693294,0.5796125600147214,0.8646051156799438,0.12726466701239608,0.008130217307660137,0,4.6605384615384615,4.649,13,0.044639470326563124,7.81,30.253333333333334,3,178.84066666666666,3,196.347,3,4.566666666666666,3,0.0027961257957558328,0.04300641165252772,COMPLETE,27.923076923076923,5.769230769230769,4.076923076923077,9.153846153846153,64.07692307692308,24.236686390532547,56.426035502958584,176.85207100591717,17.988165680473376,13,0,0,0
2023,3,Napa,306,1193,887,0.2564962279966471,2023-07-01,2023 Q3,2023-09-30,3,92,0,0,1,0,1,0,0,1,0,0,0,0,Pre-credit rolloff / pre-war,100380,1135,17422,0,104,0.5617007323204721,0.5060241976844885,0.8439762227061386,0.14648091006162928,0.00954286723223219,0,5.02476923076923,5.699,13,0.0781520788287915,7.88,29.813333333333333,3,179.192,3,191.143,3,4.8,3,0.001964504717420823,-0.026504097337876398,COMPLETE,31.692307692307693,6.153846153846154,4.076923076923077,7.153846153846154,57.69230769230769,35.40828402366864,57.94082840236687,177.23076923076923,17.230769230769234,13,0,0,0
2023,4,Napa,408,1297,889,0.3145720894371627,2023-10-01,2023 Q4,2023-12-31,4,92,0,0,0,1,1,0,0,0.41304347826086957,0,0,0,0,Pre-credit rolloff / pre-war,86827,220,15454,0,107,0.4996243939083521,0.4510102340464971,0.8470844186885982,0.15076926078769964,0.0021463205237022076,0,4.944461538461539,4.371,13,-0.015982364287682405,8.15,30.14666666666667,3,179.22033333333334,3,188.96433333333331,3,5.033333333333333,3,1.581171778501922e-4,-0.011398098108048371,COMPLETE,28.571428571428573,5.928571428571429,4.071428571428571,6.285714285714286,56.92857142857143,30.24175824175824,52.57142857142858,156.65934065934067,15.296703296703297,14,0,0,0
2024,1,Napa,297,1171,874,0.25362937660119556,2024-01-01,2024 Q1,2024-03-31,5,91,1,0,0,0,1,0,0,0,1,0,0,0,Pre-credit rolloff / pre-war,86431,197,16389,0,109,0.4961317064173874,0.4692720618926973,0.8389974470233068,0.15909024724074666,0.0019123057359464943,0,4.493692307692307,4.801,13,-0.09116649553501988,8.22,31.163333333333334,3,178.98266666666666,3,184.34766666666667,3,5.133333333333333,3,-0.0013261144103813294,-0.024431418274700745,COMPLETE,29.23076923076923,5.461538461538462,2.769230769230769,6.153846153846154,58.76923076923077,18.93491124260355,54.34319526627219,173.63313609467457,15.526627218934912,13,0,0,0
2024,2,Napa,331,1197,866,0.27652464494569756,2024-04-01,2024 Q2,2024-06-30,6,91,0,1,0,0,1,0,0,0,1,0,0,0,Pre-credit rolloff / pre-war,100124,94,16596,0,111,0.5129350933963395,0.4688992757717397,0.8571232900166076,0.1420720119163799,8.046980670125156e-4,0,4.953461538461538,4.564,13,0.10231435516450404,8.2,34.093333333333334,3,177.66833333333332,3,180.175,3,5.233333333333333,3,-0.007343355408717445,-0.022634768001764782,COMPLETE,28.76923076923077,5.461538461538462,6.846153846153846,5.846153846153846,70.92307692307692,21.396449704142015,61.159763313609474,171.55029585798817,17.230769230769234,13,0,0,0
2024,3,Napa,407,1295,888,0.3142857142857143,2024-07-01,2024 Q3,2024-09-30,7,92,0,0,1,0,1,0,0,0,1,0,0,0,Pre-credit rolloff / pre-war,99738,128,15374,0,126,0.5170079833391183,0.4686827490454703,0.8654807358556057,0.13340853870183964,0.0011107254425546686,0,4.425285714285715,4.412,14,-0.10662762193160502,8.4,31.926666666666666,3,177.11233333333334,3,175.28166666666667,3,5.4,3,-0.0031294265532216814,-0.02715878081494849,COMPLETE,27,5.3076923076923075,9,5.076923076923077,57.69230769230769,18.55621301775148,58.130177514792905,173.06508875739647,16.09467455621302,13,0,0,0
2024,4,Napa,362,1252,890,0.28913738019169327,2024-10-01,2024 Q4,2024-12-31,8,92,0,0,0,1,1,0,0,0,1,0,0,0,Pre-credit rolloff / pre-war,92617,181,15505,0,138,0.4802083044791003,0.40662770191038106,0.8551656002142138,0.14316316260860734,0.001671237177178841,0,4.2403076923076926,4.105,13,-0.041800243853380104,7.82,31.083333333333336,3,177.79033333333334,3,179.781,3,5.4,3,0.0038280789781248714,0.025669161064572288,COMPLETE,24.846153846153847,5.384615384615385,8.692307692307692,6.153846153846154,57.30769230769231,15.905325443786984,54.72189349112426,160.18934911242604,15.147928994082841,13,2,6000,7500
2025,1,Napa,337,1185,848,0.2843881856540084,2025-01-01,2025 Q1,2025-03-31,9,90,1,0,0,0,1,0,0,0,1,0,0,0,Pre-credit rolloff / pre-war,85610,68,15275,0,150,0.4294968945945143,0.3761453349578517,0.8480183847929235,0.15130803443186433,6.735807752122274e-4,0,4.388538461538461,4.585,13,0.03495755025034453,8.04,31.493333333333332,3,178.54733333333334,3,185.72533333333334,3,5.4,3,0.0042578242911595066,0.03306430230854951,COMPLETE,26.076923076923077,5.461538461538462,8,5,55,19.124260355029588,56.426035502958584,181.01775147928996,16.284023668639055,13,1,0,0
2025,2,Napa,344,1250,906,0.2752,2025-04-01,2025 Q2,2025-06-30,10,91,0,1,0,0,1,0,0,0,1,0,0,0,Pre-credit rolloff / pre-war,84693,62,16868,0,152,0.47184200427068673,0.4086082874939728,0.833403855426429,0.1659860464658591,6.100981077118368e-4,0,4.5673076923076925,4.36,13,0.04073548228777768,7.67,33.56666666666667,3,178.27566666666667,3,183.76566666666668,3,5.466666666666667,3,-0.0015215386396137953,-0.01055142360762129,COMPLETE,24.46153846153846,5.769230769230769,8.384615384615385,4.384615384615385,55.23076923076923,21.396449704142015,57.18343195266272,168.71005917159766,14.958579881656807,13,0,0,0
2025,3,Napa,332,1182,850,0.2808798646362098,2025-07-01,2025 Q3,2025-09-30,11,92,0,0,1,0,1,1,0,0,1,0,0,0,Credit-expiration pull-forward,110380,114,16595,0,149,0.5028759373352533,0.3980674960067354,0.8685252067448795,0.13057778407257906,8.970091825413687e-4,0,4.343,4.446,13,-0.049111578947368506,7.64,32.11666666666667,3,178.20466666666667,3,184.62466666666666,3,5.5,3,-3.9825962414008487e-4,0.00467443138634871,COMPLETE,27.46153846153846,5.384615384615385,12.307692307692308,8.692307692307692,68,16.09467455621302,65.13609467455622,184.4260355029586,15.905325443786984,13,0,0,0
2025,4,Napa,242,1088,846,0.22242647058823528,2025-10-01,2025 Q4,2025-12-31,12,92,0,0,0,1,0,0,1,0,1,0,0,0,Post-credit / pre-war,70360,119,8587,0,151,0.5716490020995117,0.500379429843422,0.8898894594389497,0.10860546884880985,0.0015050717122404068,0,4.339846153846154,4.042,13,-7.261906870471568e-4,7.24,33.4,3,178.82533333333333,3,185.69233333333332,3,5.5,2,0.003482886718267686,0.0057829036928975786,PARTIAL,20.76923076923077,3.1538461538461537,5.6923076923076925,0.23076923076923075,54.61538461538461,15.526627218934912,57.18343195266272,159.81065088757398,14.011834319526628,13,1,9800,7500
2026,1,Napa,155,954,799,0.16247379454926625,2026-01-01,2026 Q1,2026-03-31,13,90,1,0,0,0,0,0,1,0,1,0.35555555555555557,1,0,War transition quarter,56856,90,7722,0,137,0.5655038040452774,0.500742252737057,0.8791983670439785,0.11940990907403971,0.0013917238819818147,0,4.591538461538462,5.711,13,0.057995675139139946,7.53,32.28666666666667,3,179.31433333333334,3,180.56266666666667,3,5.366666666666667,3,0.0027345118886958897,-0.02762454741445075,COMPLETE,33,7.307692307692308,5.307692307692308,0.6923076923076922,61.30769230769231,41.08875739644971,85.20710059171599,196.92307692307693,19.124260355029588,13,0,0,0
2026,2,Napa,257,1119,862,0.22966934763181412,2026-04-01,2026 Q2,2026-06-30,14,91,0,1,0,0,0,0,1,0,1,1,0,1,Full post-war quarter,75597,81,11179,0,148,0.5973611798703616,0.5192673014264826,0.870361628884258,0.12870580379244045,9.325673233015186e-4,0,5.728,5.245,13,0.247512146088122,7.14,35.25,1,178.852,3,179.806,3,5.3,2,-0.0025783400843584214,-0.004190604185435154,PARTIAL,49.84615384615385,17.46153846153846,8.076923076923077,0,79.15384615384616,38.81656804733728,153.37278106508876,234.98224852071007,23.479289940828405,13,0,0,0
2023,1,Nevada,107,615,508,0.17398373983739837,2023-01-01,2023 Q1,2023-03-31,1,90,1,0,0,0,1,0,0,1,0,0,0,0,Pre-credit rolloff / pre-war,83811,790,14684,0,90,0.5995568313441104,0.5098252505413708,0.8441456413355491,0.147897466888251,0.007956891776199829,0,4.461384615384615,4.634,13,,7.48,28.036666666666665,3,178.34199999999998,3,188.251,3,4.466666666666667,3,,,COMPLETE,28.76923076923077,6.230769230769231,2.3846153846153846,9.923076923076923,65.53846153846153,26.698224852071007,53.58579881656805,187.83431952662724,17.79881656804734,13,0,0,0
2023,2,Nevada,131,690,559,0.18985507246376812,2023-04-01,2023 Q2,2023-06-30,2,91,0,1,0,0,1,0,0,1,0,0,0,0,Pre-credit rolloff / pre-war,103367,972,15215,0,99,0.6270890141693294,0.5796125600147214,0.8646051156799438,0.12726466701239608,0.008130217307660137,0,4.6605384615384615,4.649,13,0.044639470326563124,7.81,30.253333333333334,3,178.84066666666666,3,196.347,3,4.566666666666666,3,0.0027961257957558328,0.04300641165252772,COMPLETE,27.923076923076923,5.769230769230769,4.076923076923077,9.153846153846153,64.07692307692308,24.236686390532547,56.426035502958584,176.85207100591717,17.988165680473376,13,0,0,0
2023,3,Nevada,145,692,547,0.20953757225433525,2023-07-01,2023 Q3,2023-09-30,3,92,0,0,1,0,1,0,0,1,0,0,0,0,Pre-credit rolloff / pre-war,100380,1135,17422,0,104,0.5617007323204721,0.5060241976844885,0.8439762227061386,0.14648091006162928,0.00954286723223219,0,5.02476923076923,5.699,13,0.0781520788287915,7.88,29.813333333333333,3,179.192,3,191.143,3,4.8,3,0.001964504717420823,-0.026504097337876398,COMPLETE,31.692307692307693,6.153846153846154,4.076923076923077,7.153846153846154,57.69230769230769,35.40828402366864,57.94082840236687,177.23076923076923,17.230769230769234,13,0,0,0
2023,4,Nevada,135,647,512,0.20865533230293662,2023-10-01,2023 Q4,2023-12-31,4,92,0,0,0,1,1,0,0,0.41304347826086957,0,0,0,0,Pre-credit rolloff / pre-war,86827,220,15454,0,107,0.4996243939083521,0.4510102340464971,0.8470844186885982,0.15076926078769964,0.0021463205237022076,0,4.944461538461539,4.371,13,-0.015982364287682405,8.15,30.14666666666667,3,179.22033333333334,3,188.96433333333331,3,5.033333333333333,3,1.581171778501922e-4,-0.011398098108048371,COMPLETE,28.571428571428573,5.928571428571429,4.071428571428571,6.285714285714286,56.92857142857143,30.24175824175824,52.57142857142858,156.65934065934067,15.296703296703297,14,0,0,0
2024,1,Nevada,121,579,458,0.20898100172711573,2024-01-01,2024 Q1,2024-03-31,5,91,1,0,0,0,1,0,0,0,1,0,0,0,Pre-credit rolloff / pre-war,86431,197,16389,0,109,0.4961317064173874,0.4692720618926973,0.8389974470233068,0.15909024724074666,0.0019123057359464943,0,4.493692307692307,4.801,13,-0.09116649553501988,8.22,31.163333333333334,3,178.98266666666666,3,184.34766666666667,3,5.133333333333333,3,-0.0013261144103813294,-0.024431418274700745,COMPLETE,29.23076923076923,5.461538461538462,2.769230769230769,6.153846153846154,58.76923076923077,18.93491124260355,54.34319526627219,173.63313609467457,15.526627218934912,13,0,0,0
2024,2,Nevada,121,558,437,0.2168458781362007,2024-04-01,2024 Q2,2024-06-30,6,91,0,1,0,0,1,0,0,0,1,0,0,0,Pre-credit rolloff / pre-war,100124,94,16596,0,111,0.5129350933963395,0.4688992757717397,0.8571232900166076,0.1420720119163799,8.046980670125156e-4,0,4.953461538461538,4.564,13,0.10231435516450404,8.2,34.093333333333334,3,177.66833333333332,3,180.175,3,5.233333333333333,3,-0.007343355408717445,-0.022634768001764782,COMPLETE,28.76923076923077,5.461538461538462,6.846153846153846,5.846153846153846,70.92307692307692,21.396449704142015,61.159763313609474,171.55029585798817,17.230769230769234,13,0,0,0
2024,3,Nevada,123,643,520,0.19129082426127528,2024-07-01,2024 Q3,2024-09-30,7,92,0,0,1,0,1,0,0,0,1,0,0,0,Pre-credit rolloff / pre-war,99738,128,15374,0,126,0.5170079833391183,0.4686827490454703,0.8654807358556057,0.13340853870183964,0.0011107254425546686,0,4.425285714285715,4.412,14,-0.10662762193160502,8.4,31.926666666666666,3,177.11233333333334,3,175.28166666666667,3,5.4,3,-0.0031294265532216814,-0.02715878081494849,COMPLETE,27,5.3076923076923075,9,5.076923076923077,57.69230769230769,18.55621301775148,58.130177514792905,173.06508875739647,16.09467455621302,13,0,0,0
2024,4,Nevada,154,734,580,0.2098092643051771,2024-10-01,2024 Q4,2024-12-31,8,92,0,0,0,1,1,0,0,0,1,0,0,0,Pre-credit rolloff / pre-war,92617,181,15505,0,138,0.4802083044791003,0.40662770191038106,0.8551656002142138,0.14316316260860734,0.001671237177178841,0,4.2403076923076926,4.105,13,-0.041800243853380104,7.82,31.083333333333336,3,177.79033333333334,3,179.781,3,5.4,3,0.0038280789781248714,0.025669161064572288,COMPLETE,24.846153846153847,5.384615384615385,8.692307692307692,6.153846153846154,57.30769230769231,15.905325443786984,54.72189349112426,160.18934911242604,15.147928994082841,13,2,6000,7500
2025,1,Nevada,131,637,506,0.20565149136577707,2025-01-01,2025 Q1,2025-03-31,9,90,1,0,0,0,1,0,0,0,1,0,0,0,Pre-credit rolloff / pre-war,85610,68,15275,0,150,0.4294968945945143,0.3761453349578517,0.8480183847929235,0.15130803443186433,6.735807752122274e-4,0,4.388538461538461,4.585,13,0.03495755025034453,8.04,31.493333333333332,3,178.54733333333334,3,185.72533333333334,3,5.4,3,0.0042578242911595066,0.03306430230854951,COMPLETE,26.076923076923077,5.461538461538462,8,5,55,19.124260355029588,56.426035502958584,181.01775147928996,16.284023668639055,13,1,0,0
2025,2,Nevada,135,666,531,0.20270270270270271,2025-04-01,2025 Q2,2025-06-30,10,91,0,1,0,0,1,0,0,0,1,0,0,0,Pre-credit rolloff / pre-war,84693,62,16868,0,152,0.47184200427068673,0.4086082874939728,0.833403855426429,0.1659860464658591,6.100981077118368e-4,0,4.5673076923076925,4.36,13,0.04073548228777768,7.67,33.56666666666667,3,178.27566666666667,3,183.76566666666668,3,5.466666666666667,3,-0.0015215386396137953,-0.01055142360762129,COMPLETE,24.46153846153846,5.769230769230769,8.384615384615385,4.384615384615385,55.23076923076923,21.396449704142015,57.18343195266272,168.71005917159766,14.958579881656807,13,0,0,0
2025,3,Nevada,160,684,524,0.23391812865497075,2025-07-01,2025 Q3,2025-09-30,11,92,0,0,1,0,1,1,0,0,1,0,0,0,Credit-expiration pull-forward,110380,114,16595,0,149,0.5028759373352533,0.3980674960067354,0.8685252067448795,0.13057778407257906,8.970091825413687e-4,0,4.343,4.446,13,-0.049111578947368506,7.64,32.11666666666667,3,178.20466666666667,3,184.62466666666666,3,5.5,3,-3.9825962414008487e-4,0.00467443138634871,COMPLETE,27.46153846153846,5.384615384615385,12.307692307692308,8.692307692307692,68,16.09467455621302,65.13609467455622,184.4260355029586,15.905325443786984,13,0,0,0
2025,4,Nevada,102,600,498,0.17,2025-10-01,2025 Q4,2025-12-31,12,92,0,0,0,1,0,0,1,0,1,0,0,0,Post-credit / pre-war,70360,119,8587,0,151,0.5716490020995117,0.500379429843422,0.8898894594389497,0.10860546884880985,0.0015050717122404068,0,4.339846153846154,4.042,13,-7.261906870471568e-4,7.24,33.4,3,178.82533333333333,3,185.69233333333332,3,5.5,2,0.003482886718267686,0.0057829036928975786,PARTIAL,20.76923076923077,3.1538461538461537,5.6923076923076925,0.23076923076923075,54.61538461538461,15.526627218934912,57.18343195266272,159.81065088757398,14.011834319526628,13,1,9800,7500
2026,1,Nevada,80,548,468,0.145985401459854,2026-01-01,2026 Q1,2026-03-31,13,90,1,0,0,0,0,0,1,0,1,0.35555555555555557,1,0,War transition quarter,56856,90,7722,0,137,0.5655038040452774,0.500742252737057,0.8791983670439785,0.11940990907403971,0.0013917238819818147,0,4.591538461538462,5.711,13,0.057995675139139946,7.53,32.28666666666667,3,179.31433333333334,3,180.56266666666667,3,5.366666666666667,3,0.0027345118886958897,-0.02762454741445075,COMPLETE,33,7.307692307692308,5.307692307692308,0.6923076923076922,61.30769230769231,41.08875739644971,85.20710059171599,196.92307692307693,19.124260355029588,13,0,0,0
2026,2,Nevada,147,616,469,0.23863636363636365,2026-04-01,2026 Q2,2026-06-30,14,91,0,1,0,0,0,0,1,0,1,1,0,1,Full post-war quarter,75597,81,11179,0,148,0.5973611798703616,0.5192673014264826,0.870361628884258,0.12870580379244045,9.325673233015186e-4,0,5.728,5.245,13,0.247512146088122,7.14,35.25,1,178.852,3,179.806,3,5.3,2,-0.0025783400843584214,-0.004190604185435154,PARTIAL,49.84615384615385,17.46153846153846,8.076923076923077,0,79.15384615384616,38.81656804733728,153.37278106508876,234.98224852071007,23.479289940828405,13,0,0,0
2023,1,Orange,12078,43384,31306,0.2783975659229209,2023-01-01,2023 Q1,2023-03-31,1,90,1,0,0,0,1,0,0,1,0,0,0,0,Pre-credit rolloff / pre-war,83811,790,14684,0,90,0.5995568313441104,0.5098252505413708,0.8441456413355491,0.147897466888251,0.007956891776199829,0,4.461384615384615,4.634,13,,7.48,28.036666666666665,3,178.34199999999998,3,188.251,3,4.466666666666667,3,,,COMPLETE,28.76923076923077,6.230769230769231,2.3846153846153846,9.923076923076923,65.53846153846153,26.698224852071007,53.58579881656805,187.83431952662724,17.79881656804734,13,0,0,0
2023,2,Orange,15483,48355,32872,0.32019439561575846,2023-04-01,2023 Q2,2023-06-30,2,91,0,1,0,0,1,0,0,1,0,0,0,0,Pre-credit rolloff / pre-war,103367,972,15215,0,99,0.6270890141693294,0.5796125600147214,0.8646051156799438,0.12726466701239608,0.008130217307660137,0,4.6605384615384615,4.649,13,0.044639470326563124,7.81,30.253333333333334,3,178.84066666666666,3,196.347,3,4.566666666666666,3,0.0027961257957558328,0.04300641165252772,COMPLETE,27.923076923076923,5.769230769230769,4.076923076923077,9.153846153846153,64.07692307692308,24.236686390532547,56.426035502958584,176.85207100591717,17.988165680473376,13,0,0,0
2023,3,Orange,14370,45725,31355,0.31427009294696556,2023-07-01,2023 Q3,2023-09-30,3,92,0,0,1,0,1,0,0,1,0,0,0,0,Pre-credit rolloff / pre-war,100380,1135,17422,0,104,0.5617007323204721,0.5060241976844885,0.8439762227061386,0.14648091006162928,0.00954286723223219,0,5.02476923076923,5.699,13,0.0781520788287915,7.88,29.813333333333333,3,179.192,3,191.143,3,4.8,3,0.001964504717420823,-0.026504097337876398,COMPLETE,31.692307692307693,6.153846153846154,4.076923076923077,7.153846153846154,57.69230769230769,35.40828402366864,57.94082840236687,177.23076923076923,17.230769230769234,13,0,0,0
2023,4,Orange,12379,42192,29813,0.2933968524838832,2023-10-01,2023 Q4,2023-12-31,4,92,0,0,0,1,1,0,0,0.41304347826086957,0,0,0,0,Pre-credit rolloff / pre-war,86827,220,15454,0,107,0.4996243939083521,0.4510102340464971,0.8470844186885982,0.15076926078769964,0.0021463205237022076,0,4.944461538461539,4.371,13,-0.015982364287682405,8.15,30.14666666666667,3,179.22033333333334,3,188.96433333333331,3,5.033333333333333,3,1.581171778501922e-4,-0.011398098108048371,COMPLETE,28.571428571428573,5.928571428571429,4.071428571428571,6.285714285714286,56.92857142857143,30.24175824175824,52.57142857142858,156.65934065934067,15.296703296703297,14,0,0,0
2024,1,Orange,12365,42806,30441,0.2888613745736579,2024-01-01,2024 Q1,2024-03-31,5,91,1,0,0,0,1,0,0,0,1,0,0,0,Pre-credit rolloff / pre-war,86431,197,16389,0,109,0.4961317064173874,0.4692720618926973,0.8389974470233068,0.15909024724074666,0.0019123057359464943,0,4.493692307692307,4.801,13,-0.09116649553501988,8.22,31.163333333333334,3,178.98266666666666,3,184.34766666666667,3,5.133333333333333,3,-0.0013261144103813294,-0.024431418274700745,COMPLETE,29.23076923076923,5.461538461538462,2.769230769230769,6.153846153846154,58.76923076923077,18.93491124260355,54.34319526627219,173.63313609467457,15.526627218934912,13,0,0,0
2024,2,Orange,14702,44972,30270,0.3269145245930801,2024-04-01,2024 Q2,2024-06-30,6,91,0,1,0,0,1,0,0,0,1,0,0,0,Pre-credit rolloff / pre-war,100124,94,16596,0,111,0.5129350933963395,0.4688992757717397,0.8571232900166076,0.1420720119163799,8.046980670125156e-4,0,4.953461538461538,4.564,13,0.10231435516450404,8.2,34.093333333333334,3,177.66833333333332,3,180.175,3,5.233333333333333,3,-0.007343355408717445,-0.022634768001764782,COMPLETE,28.76923076923077,5.461538461538462,6.846153846153846,5.846153846153846,70.92307692307692,21.396449704142015,61.159763313609474,171.55029585798817,17.230769230769234,13,0,0,0
2024,3,Orange,14097,45703,31606,0.30844802310570424,2024-07-01,2024 Q3,2024-09-30,7,92,0,0,1,0,1,0,0,0,1,0,0,0,Pre-credit rolloff / pre-war,99738,128,15374,0,126,0.5170079833391183,0.4686827490454703,0.8654807358556057,0.13340853870183964,0.0011107254425546686,0,4.425285714285715,4.412,14,-0.10662762193160502,8.4,31.926666666666666,3,177.11233333333334,3,175.28166666666667,3,5.4,3,-0.0031294265532216814,-0.02715878081494849,COMPLETE,27,5.3076923076923075,9,5.076923076923077,57.69230769230769,18.55621301775148,58.130177514792905,173.06508875739647,16.09467455621302,13,0,0,0
2024,4,Orange,13419,44463,31044,0.30180149787463734,2024-10-01,2024 Q4,2024-12-31,8,92,0,0,0,1,1,0,0,0,1,0,0,0,Pre-credit rolloff / pre-war,92617,181,15505,0,138,0.4802083044791003,0.40662770191038106,0.8551656002142138,0.14316316260860734,0.001671237177178841,0,4.2403076923076926,4.105,13,-0.041800243853380104,7.82,31.083333333333336,3,177.79033333333334,3,179.781,3,5.4,3,0.0038280789781248714,0.025669161064572288,COMPLETE,24.846153846153847,5.384615384615385,8.692307692307692,6.153846153846154,57.30769230769231,15.905325443786984,54.72189349112426,160.18934911242604,15.147928994082841,13,2,6000,7500
2025,1,Orange,12554,43439,30885,0.2890029696816225,2025-01-01,2025 Q1,2025-03-31,9,90,1,0,0,0,1,0,0,0,1,0,0,0,Pre-credit rolloff / pre-war,85610,68,15275,0,150,0.4294968945945143,0.3761453349578517,0.8480183847929235,0.15130803443186433,6.735807752122274e-4,0,4.388538461538461,4.585,13,0.03495755025034453,8.04,31.493333333333332,3,178.54733333333334,3,185.72533333333334,3,5.4,3,0.0042578242911595066,0.03306430230854951,COMPLETE,26.076923076923077,5.461538461538462,8,5,55,19.124260355029588,56.426035502958584,181.01775147928996,16.284023668639055,13,1,0,0
2025,2,Orange,12773,46155,33382,0.2767414147979634,2025-04-01,2025 Q2,2025-06-30,10,91,0,1,0,0,1,0,0,0,1,0,0,0,Pre-credit rolloff / pre-war,84693,62,16868,0,152,0.47184200427068673,0.4086082874939728,0.833403855426429,0.1659860464658591,6.100981077118368e-4,0,4.5673076923076925,4.36,13,0.04073548228777768,7.67,33.56666666666667,3,178.27566666666667,3,183.76566666666668,3,5.466666666666667,3,-0.0015215386396137953,-0.01055142360762129,COMPLETE,24.46153846153846,5.769230769230769,8.384615384615385,4.384615384615385,55.23076923076923,21.396449704142015,57.18343195266272,168.71005917159766,14.958579881656807,13,0,0,0
2025,3,Orange,16210,46329,30119,0.34988883852446634,2025-07-01,2025 Q3,2025-09-30,11,92,0,0,1,0,1,1,0,0,1,0,0,0,Credit-expiration pull-forward,110380,114,16595,0,149,0.5028759373352533,0.3980674960067354,0.8685252067448795,0.13057778407257906,8.970091825413687e-4,0,4.343,4.446,13,-0.049111578947368506,7.64,32.11666666666667,3,178.20466666666667,3,184.62466666666666,3,5.5,3,-3.9825962414008487e-4,0.00467443138634871,COMPLETE,27.46153846153846,5.384615384615385,12.307692307692308,8.692307692307692,68,16.09467455621302,65.13609467455622,184.4260355029586,15.905325443786984,13,0,0,0
2025,4,Orange,9285,40800,31515,0.2275735294117647,2025-10-01,2025 Q4,2025-12-31,12,92,0,0,0,1,0,0,1,0,1,0,0,0,Post-credit / pre-war,70360,119,8587,0,151,0.5716490020995117,0.500379429843422,0.8898894594389497,0.10860546884880985,0.0015050717122404068,0,4.339846153846154,4.042,13,-7.261906870471568e-4,7.24,33.4,3,178.82533333333333,3,185.69233333333332,3,5.5,2,0.003482886718267686,0.0057829036928975786,PARTIAL,20.76923076923077,3.1538461538461537,5.6923076923076925,0.23076923076923075,54.61538461538461,15.526627218934912,57.18343195266272,159.81065088757398,14.011834319526628,13,1,9800,7500
2026,1,Orange,7824,38702,30878,0.2021600950855253,2026-01-01,2026 Q1,2026-03-31,13,90,1,0,0,0,0,0,1,0,1,0.35555555555555557,1,0,War transition quarter,56856,90,7722,0,137,0.5655038040452774,0.500742252737057,0.8791983670439785,0.11940990907403971,0.0013917238819818147,0,4.591538461538462,5.711,13,0.057995675139139946,7.53,32.28666666666667,3,179.31433333333334,3,180.56266666666667,3,5.366666666666667,3,0.0027345118886958897,-0.02762454741445075,COMPLETE,33,7.307692307692308,5.307692307692308,0.6923076923076922,61.30769230769231,41.08875739644971,85.20710059171599,196.92307692307693,19.124260355029588,13,0,0,0
2026,2,Orange,10469,42264,31795,0.24770490251750898,2026-04-01,2026 Q2,2026-06-30,14,91,0,1,0,0,0,0,1,0,1,1,0,1,Full post-war quarter,75597,81,11179,0,148,0.5973611798703616,0.5192673014264826,0.870361628884258,0.12870580379244045,9.325673233015186e-4,0,5.728,5.245,13,0.247512146088122,7.14,35.25,1,178.852,3,179.806,3,5.3,2,-0.0025783400843584214,-0.004190604185435154,PARTIAL,49.84615384615385,17.46153846153846,8.076923076923077,0,79.15384615384616,38.81656804733728,153.37278106508876,234.98224852071007,23.479289940828405,13,0,0,0
2023,1,Out Of State,1003,21498,20495,0.04665550283747325,2023-01-01,2023 Q1,2023-03-31,1,90,1,0,0,0,1,0,0,1,0,0,0,0,Pre-credit rolloff / pre-war,83811,790,14684,0,90,0.5995568313441104,0.5098252505413708,0.8441456413355491,0.147897466888251,0.007956891776199829,0,4.461384615384615,4.634,13,,7.48,28.036666666666665,3,178.34199999999998,3,188.251,3,4.466666666666667,3,,,COMPLETE,28.76923076923077,6.230769230769231,2.3846153846153846,9.923076923076923,65.53846153846153,26.698224852071007,53.58579881656805,187.83431952662724,17.79881656804734,13,0,0,0
2023,2,Out Of State,1500,29893,28393,0.050178971665607336,2023-04-01,2023 Q2,2023-06-30,2,91,0,1,0,0,1,0,0,1,0,0,0,0,Pre-credit rolloff / pre-war,103367,972,15215,0,99,0.6270890141693294,0.5796125600147214,0.8646051156799438,0.12726466701239608,0.008130217307660137,0,4.6605384615384615,4.649,13,0.044639470326563124,7.81,30.253333333333334,3,178.84066666666666,3,196.347,3,4.566666666666666,3,0.0027961257957558328,0.04300641165252772,COMPLETE,27.923076923076923,5.769230769230769,4.076923076923077,9.153846153846153,64.07692307692308,24.236686390532547,56.426035502958584,176.85207100591717,17.988165680473376,13,0,0,0
2023,3,Out Of State,2746,24760,22014,0.11090468497576737,2023-07-01,2023 Q3,2023-09-30,3,92,0,0,1,0,1,0,0,1,0,0,0,0,Pre-credit rolloff / pre-war,100380,1135,17422,0,104,0.5617007323204721,0.5060241976844885,0.8439762227061386,0.14648091006162928,0.00954286723223219,0,5.02476923076923,5.699,13,0.0781520788287915,7.88,29.813333333333333,3,179.192,3,191.143,3,4.8,3,0.001964504717420823,-0.026504097337876398,COMPLETE,31.692307692307693,6.153846153846154,4.076923076923077,7.153846153846154,57.69230769230769,35.40828402366864,57.94082840236687,177.23076923076923,17.230769230769234,13,0,0,0
2023,4,Out Of State,3021,23367,20346,0.12928488894594942,2023-10-01,2023 Q4,2023-12-31,4,92,0,0,0,1,1,0,0,0.41304347826086957,0,0,0,0,Pre-credit rolloff / pre-war,86827,220,15454,0,107,0.4996243939083521,0.4510102340464971,0.8470844186885982,0.15076926078769964,0.0021463205237022076,0,4.944461538461539,4.371,13,-0.015982364287682405,8.15,30.14666666666667,3,179.22033333333334,3,188.96433333333331,3,5.033333333333333,3,1.581171778501922e-4,-0.011398098108048371,COMPLETE,28.571428571428573,5.928571428571429,4.071428571428571,6.285714285714286,56.92857142857143,30.24175824175824,52.57142857142858,156.65934065934067,15.296703296703297,14,0,0,0
2024,1,Out Of State,2408,30526,28118,0.07888357465766888,2024-01-01,2024 Q1,2024-03-31,5,91,1,0,0,0,1,0,0,0,1,0,0,0,Pre-credit rolloff / pre-war,86431,197,16389,0,109,0.4961317064173874,0.4692720618926973,0.8389974470233068,0.15909024724074666,0.0019123057359464943,0,4.493692307692307,4.801,13,-0.09116649553501988,8.22,31.163333333333334,3,178.98266666666666,3,184.34766666666667,3,5.133333333333333,3,-0.0013261144103813294,-0.024431418274700745,COMPLETE,29.23076923076923,5.461538461538462,2.769230769230769,6.153846153846154,58.76923076923077,18.93491124260355,54.34319526627219,173.63313609467457,15.526627218934912,13,0,0,0
2024,2,Out Of State,3899,37744,33845,0.10330118694362017,2024-04-01,2024 Q2,2024-06-30,6,91,0,1,0,0,1,0,0,0,1,0,0,0,Pre-credit rolloff / pre-war,100124,94,16596,0,111,0.5129350933963395,0.4688992757717397,0.8571232900166076,0.1420720119163799,8.046980670125156e-4,0,4.953461538461538,4.564,13,0.10231435516450404,8.2,34.093333333333334,3,177.66833333333332,3,180.175,3,5.233333333333333,3,-0.007343355408717445,-0.022634768001764782,COMPLETE,28.76923076923077,5.461538461538462,6.846153846153846,5.846153846153846,70.92307692307692,21.396449704142015,61.159763313609474,171.55029585798817,17.230769230769234,13,0,0,0
2024,3,Out Of State,1555,21695,20140,0.07167550126757317,2024-07-01,2024 Q3,2024-09-30,7,92,0,0,1,0,1,0,0,0,1,0,0,0,Pre-credit rolloff / pre-war,99738,128,15374,0,126,0.5170079833391183,0.4686827490454703,0.8654807358556057,0.13340853870183964,0.0011107254425546686,0,4.425285714285715,4.412,14,-0.10662762193160502,8.4,31.926666666666666,3,177.11233333333334,3,175.28166666666667,3,5.4,3,-0.0031294265532216814,-0.02715878081494849,COMPLETE,27,5.3076923076923075,9,5.076923076923077,57.69230769230769,18.55621301775148,58.130177514792905,173.06508875739647,16.09467455621302,13,0,0,0
2024,4,Out Of State,1261,23937,22676,0.052679951539457745,2024-10-01,2024 Q4,2024-12-31,8,92,0,0,0,1,1,0,0,0,1,0,0,0,Pre-credit rolloff / pre-war,92617,181,15505,0,138,0.4802083044791003,0.40662770191038106,0.8551656002142138,0.14316316260860734,0.001671237177178841,0,4.2403076923076926,4.105,13,-0.041800243853380104,7.82,31.083333333333336,3,177.79033333333334,3,179.781,3,5.4,3,0.0038280789781248714,0.025669161064572288,COMPLETE,24.846153846153847,5.384615384615385,8.692307692307692,6.153846153846154,57.30769230769231,15.905325443786984,54.72189349112426,160.18934911242604,15.147928994082841,13,2,6000,7500
2025,1,Out Of State,943,29635,28692,0.03182048253754007,2025-01-01,2025 Q1,2025-03-31,9,90,1,0,0,0,1,0,0,0,1,0,0,0,Pre-credit rolloff / pre-war,85610,68,15275,0,150,0.4294968945945143,0.3761453349578517,0.8480183847929235,0.15130803443186433,6.735807752122274e-4,0,4.388538461538461,4.585,13,0.03495755025034453,8.04,31.493333333333332,3,178.54733333333334,3,185.72533333333334,3,5.4,3,0.0042578242911595066,0.03306430230854951,COMPLETE,26.076923076923077,5.461538461538462,8,5,55,19.124260355029588,56.426035502958584,181.01775147928996,16.284023668639055,13,1,0,0
2025,2,Out Of State,1400,30373,28973,0.046093569946992395,2025-04-01,2025 Q2,2025-06-30,10,91,0,1,0,0,1,0,0,0,1,0,0,0,Pre-credit rolloff / pre-war,84693,62,16868,0,152,0.47184200427068673,0.4086082874939728,0.833403855426429,0.1659860464658591,6.100981077118368e-4,0,4.5673076923076925,4.36,13,0.04073548228777768,7.67,33.56666666666667,3,178.27566666666667,3,183.76566666666668,3,5.466666666666667,3,-0.0015215386396137953,-0.01055142360762129,COMPLETE,24.46153846153846,5.769230769230769,8.384615384615385,4.384615384615385,55.23076923076923,21.396449704142015,57.18343195266272,168.71005917159766,14.958579881656807,13,0,0,0
2025,3,Out Of State,1647,28303,26656,0.05819171112602904,2025-07-01,2025 Q3,2025-09-30,11,92,0,0,1,0,1,1,0,0,1,0,0,0,Credit-expiration pull-forward,110380,114,16595,0,149,0.5028759373352533,0.3980674960067354,0.8685252067448795,0.13057778407257906,8.970091825413687e-4,0,4.343,4.446,13,-0.049111578947368506,7.64,32.11666666666667,3,178.20466666666667,3,184.62466666666666,3,5.5,3,-3.9825962414008487e-4,0.00467443138634871,COMPLETE,27.46153846153846,5.384615384615385,12.307692307692308,8.692307692307692,68,16.09467455621302,65.13609467455622,184.4260355029586,15.905325443786984,13,0,0,0
2025,4,Out Of State,975,23030,22055,0.04233608336951802,2025-10-01,2025 Q4,2025-12-31,12,92,0,0,0,1,0,0,1,0,1,0,0,0,Post-credit / pre-war,70360,119,8587,0,151,0.5716490020995117,0.500379429843422,0.8898894594389497,0.10860546884880985,0.0015050717122404068,0,4.339846153846154,4.042,13,-7.261906870471568e-4,7.24,33.4,3,178.82533333333333,3,185.69233333333332,3,5.5,2,0.003482886718267686,0.0057829036928975786,PARTIAL,20.76923076923077,3.1538461538461537,5.6923076923076925,0.23076923076923075,54.61538461538461,15.526627218934912,57.18343195266272,159.81065088757398,14.011834319526628,13,1,9800,7500
2026,1,Out Of State,447,33857,33410,0.013202587352689251,2026-01-01,2026 Q1,2026-03-31,13,90,1,0,0,0,0,0,1,0,1,0.35555555555555557,1,0,War transition quarter,56856,90,7722,0,137,0.5655038040452774,0.500742252737057,0.8791983670439785,0.11940990907403971,0.0013917238819818147,0,4.591538461538462,5.711,13,0.057995675139139946,7.53,32.28666666666667,3,179.31433333333334,3,180.56266666666667,3,5.366666666666667,3,0.0027345118886958897,-0.02762454741445075,COMPLETE,33,7.307692307692308,5.307692307692308,0.6923076923076922,61.30769230769231,41.08875739644971,85.20710059171599,196.92307692307693,19.124260355029588,13,0,0,0
2026,2,Out Of State,584,44775,44191,0.013042992741485205,2026-04-01,2026 Q2,2026-06-30,14,91,0,1,0,0,0,0,1,0,1,1,0,1,Full post-war quarter,75597,81,11179,0,148,0.5973611798703616,0.5192673014264826,0.870361628884258,0.12870580379244045,9.325673233015186e-4,0,5.728,5.245,13,0.247512146088122,7.14,35.25,1,178.852,3,179.806,3,5.3,2,-0.0025783400843584214,-0.004190604185435154,PARTIAL,49.84615384615385,17.46153846153846,8.076923076923077,0,79.15384615384616,38.81656804733728,153.37278106508876,234.98224852071007,23.479289940828405,13,0,0,0
2023,1,Placer,863,4215,3352,0.20474495848161328,2023-01-01,2023 Q1,2023-03-31,1,90,1,0,0,0,1,0,0,1,0,0,0,0,Pre-credit rolloff / pre-war,83811,790,14684,0,90,0.5995568313441104,0.5098252505413708,0.8441456413355491,0.147897466888251,0.007956891776199829,0,4.461384615384615,4.634,13,,7.48,28.036666666666665,3,178.34199999999998,3,188.251,3,4.466666666666667,3,,,COMPLETE,28.76923076923077,6.230769230769231,2.3846153846153846,9.923076923076923,65.53846153846153,26.698224852071007,53.58579881656805,187.83431952662724,17.79881656804734,13,0,0,0
2023,2,Placer,1249,4787,3538,0.2609149780655943,2023-04-01,2023 Q2,2023-06-30,2,91,0,1,0,0,1,0,0,1,0,0,0,0,Pre-credit rolloff / pre-war,103367,972,15215,0,99,0.6270890141693294,0.5796125600147214,0.8646051156799438,0.12726466701239608,0.008130217307660137,0,4.6605384615384615,4.649,13,0.044639470326563124,7.81,30.253333333333334,3,178.84066666666666,3,196.347,3,4.566666666666666,3,0.0027961257957558328,0.04300641165252772,COMPLETE,27.923076923076923,5.769230769230769,4.076923076923077,9.153846153846153,64.07692307692308,24.236686390532547,56.426035502958584,176.85207100591717,17.988165680473376,13,0,0,0
2023,3,Placer,1292,4736,3444,0.27280405405405406,2023-07-01,2023 Q3,2023-09-30,3,92,0,0,1,0,1,0,0,1,0,0,0,0,Pre-credit rolloff / pre-war,100380,1135,17422,0,104,0.5617007323204721,0.5060241976844885,0.8439762227061386,0.14648091006162928,0.00954286723223219,0,5.02476923076923,5.699,13,0.0781520788287915,7.88,29.813333333333333,3,179.192,3,191.143,3,4.8,3,0.001964504717420823,-0.026504097337876398,COMPLETE,31.692307692307693,6.153846153846154,4.076923076923077,7.153846153846154,57.69230769230769,35.40828402366864,57.94082840236687,177.23076923076923,17.230769230769234,13,0,0,0
2023,4,Placer,1100,4338,3238,0.2535730751498386,2023-10-01,2023 Q4,2023-12-31,4,92,0,0,0,1,1,0,0,0.41304347826086957,0,0,0,0,Pre-credit rolloff / pre-war,86827,220,15454,0,107,0.4996243939083521,0.4510102340464971,0.8470844186885982,0.15076926078769964,0.0021463205237022076,0,4.944461538461539,4.371,13,-0.015982364287682405,8.15,30.14666666666667,3,179.22033333333334,3,188.96433333333331,3,5.033333333333333,3,1.581171778501922e-4,-0.011398098108048371,COMPLETE,28.571428571428573,5.928571428571429,4.071428571428571,6.285714285714286,56.92857142857143,30.24175824175824,52.57142857142858,156.65934065934067,15.296703296703297,14,0,0,0
2024,1,Placer,1223,4475,3252,0.27329608938547484,2024-01-01,2024 Q1,2024-03-31,5,91,1,0,0,0,1,0,0,0,1,0,0,0,Pre-credit rolloff / pre-war,86431,197,16389,0,109,0.4961317064173874,0.4692720618926973,0.8389974470233068,0.15909024724074666,0.0019123057359464943,0,4.493692307692307,4.801,13,-0.09116649553501988,8.22,31.163333333333334,3,178.98266666666666,3,184.34766666666667,3,5.133333333333333,3,-0.0013261144103813294,-0.024431418274700745,COMPLETE,29.23076923076923,5.461538461538462,2.769230769230769,6.153846153846154,58.76923076923077,18.93491124260355,54.34319526627219,173.63313609467457,15.526627218934912,13,0,0,0
2024,2,Placer,1402,4666,3264,0.3004714959279897,2024-04-01,2024 Q2,2024-06-30,6,91,0,1,0,0,1,0,0,0,1,0,0,0,Pre-credit rolloff / pre-war,100124,94,16596,0,111,0.5129350933963395,0.4688992757717397,0.8571232900166076,0.1420720119163799,8.046980670125156e-4,0,4.953461538461538,4.564,13,0.10231435516450404,8.2,34.093333333333334,3,177.66833333333332,3,180.175,3,5.233333333333333,3,-0.007343355408717445,-0.022634768001764782,COMPLETE,28.76923076923077,5.461538461538462,6.846153846153846,5.846153846153846,70.92307692307692,21.396449704142015,61.159763313609474,171.55029585798817,17.230769230769234,13,0,0,0
2024,3,Placer,1336,4827,3491,0.2767764657136938,2024-07-01,2024 Q3,2024-09-30,7,92,0,0,1,0,1,0,0,0,1,0,0,0,Pre-credit rolloff / pre-war,99738,128,15374,0,126,0.5170079833391183,0.4686827490454703,0.8654807358556057,0.13340853870183964,0.0011107254425546686,0,4.425285714285715,4.412,14,-0.10662762193160502,8.4,31.926666666666666,3,177.11233333333334,3,175.28166666666667,3,5.4,3,-0.0031294265532216814,-0.02715878081494849,COMPLETE,27,5.3076923076923075,9,5.076923076923077,57.69230769230769,18.55621301775148,58.130177514792905,173.06508875739647,16.09467455621302,13,0,0,0
2024,4,Placer,1200,4608,3408,0.2604166666666667,2024-10-01,2024 Q4,2024-12-31,8,92,0,0,0,1,1,0,0,0,1,0,0,0,Pre-credit rolloff / pre-war,92617,181,15505,0,138,0.4802083044791003,0.40662770191038106,0.8551656002142138,0.14316316260860734,0.001671237177178841,0,4.2403076923076926,4.105,13,-0.041800243853380104,7.82,31.083333333333336,3,177.79033333333334,3,179.781,3,5.4,3,0.0038280789781248714,0.025669161064572288,COMPLETE,24.846153846153847,5.384615384615385,8.692307692307692,6.153846153846154,57.30769230769231,15.905325443786984,54.72189349112426,160.18934911242604,15.147928994082841,13,2,6000,7500
2025,1,Placer,1181,4649,3468,0.2540331254033125,2025-01-01,2025 Q1,2025-03-31,9,90,1,0,0,0,1,0,0,0,1,0,0,0,Pre-credit rolloff / pre-war,85610,68,15275,0,150,0.4294968945945143,0.3761453349578517,0.8480183847929235,0.15130803443186433,6.735807752122274e-4,0,4.388538461538461,4.585,13,0.03495755025034453,8.04,31.493333333333332,3,178.54733333333334,3,185.72533333333334,3,5.4,3,0.0042578242911595066,0.03306430230854951,COMPLETE,26.076923076923077,5.461538461538462,8,5,55,19.124260355029588,56.426035502958584,181.01775147928996,16.284023668639055,13,1,0,0
2025,2,Placer,1224,5022,3798,0.24372759856630824,2025-04-01,2025 Q2,2025-06-30,10,91,0,1,0,0,1,0,0,0,1,0,0,0,Pre-credit rolloff / pre-war,84693,62,16868,0,152,0.47184200427068673,0.4086082874939728,0.833403855426429,0.1659860464658591,6.100981077118368e-4,0,4.5673076923076925,4.36,13,0.04073548228777768,7.67,33.56666666666667,3,178.27566666666667,3,183.76566666666668,3,5.466666666666667,3,-0.0015215386396137953,-0.01055142360762129,COMPLETE,24.46153846153846,5.769230769230769,8.384615384615385,4.384615384615385,55.23076923076923,21.396449704142015,57.18343195266272,168.71005917159766,14.958579881656807,13,0,0,0
2025,3,Placer,1573,5024,3451,0.3130971337579618,2025-07-01,2025 Q3,2025-09-30,11,92,0,0,1,0,1,1,0,0,1,0,0,0,Credit-expiration pull-forward,110380,114,16595,0,149,0.5028759373352533,0.3980674960067354,0.8685252067448795,0.13057778407257906,8.970091825413687e-4,0,4.343,4.446,13,-0.049111578947368506,7.64,32.11666666666667,3,178.20466666666667,3,184.62466666666666,3,5.5,3,-3.9825962414008487e-4,0.00467443138634871,COMPLETE,27.46153846153846,5.384615384615385,12.307692307692308,8.692307692307692,68,16.09467455621302,65.13609467455622,184.4260355029586,15.905325443786984,13,0,0,0
2025,4,Placer,927,4385,3458,0.21140250855188142,2025-10-01,2025 Q4,2025-12-31,12,92,0,0,0,1,0,0,1,0,1,0,0,0,Post-credit / pre-war,70360,119,8587,0,151,0.5716490020995117,0.500379429843422,0.8898894594389497,0.10860546884880985,0.0015050717122404068,0,4.339846153846154,4.042,13,-7.261906870471568e-4,7.24,33.4,3,178.82533333333333,3,185.69233333333332,3,5.5,2,0.003482886718267686,0.0057829036928975786,PARTIAL,20.76923076923077,3.1538461538461537,5.6923076923076925,0.23076923076923075,54.61538461538461,15.526627218934912,57.18343195266272,159.81065088757398,14.011834319526628,13,1,9800,7500
2026,1,Placer,777,4277,3500,0.18166939443535188,2026-01-01,2026 Q1,2026-03-31,13,90,1,0,0,0,0,0,1,0,1,0.35555555555555557,1,0,War transition quarter,56856,90,7722,0,137,0.5655038040452774,0.500742252737057,0.8791983670439785,0.11940990907403971,0.0013917238819818147,0,4.591538461538462,5.711,13,0.057995675139139946,7.53,32.28666666666667,3,179.31433333333334,3,180.56266666666667,3,5.366666666666667,3,0.0027345118886958897,-0.02762454741445075,COMPLETE,33,7.307692307692308,5.307692307692308,0.6923076923076922,61.30769230769231,41.08875739644971,85.20710059171599,196.92307692307693,19.124260355029588,13,0,0,0
2026,2,Placer,1144,4617,3473,0.24777994368637643,2026-04-01,2026 Q2,2026-06-30,14,91,0,1,0,0,0,0,1,0,1,1,0,1,Full post-war quarter,75597,81,11179,0,148,0.5973611798703616,0.5192673014264826,0.870361628884258,0.12870580379244045,9.325673233015186e-4,0,5.728,5.245,13,0.247512146088122,7.14,35.25,1,178.852,3,179.806,3,5.3,2,-0.0025783400843584214,-0.004190604185435154,PARTIAL,49.84615384615385,17.46153846153846,8.076923076923077,0,79.15384615384616,38.81656804733728,153.37278106508876,234.98224852071007,23.479289940828405,13,0,0,0
2023,1,Plumas,5,66,61,0.07575757575757576,2023-01-01,2023 Q1,2023-03-31,1,90,1,0,0,0,1,0,0,1,0,0,0,0,Pre-credit rolloff / pre-war,83811,790,14684,0,90,0.5995568313441104,0.5098252505413708,0.8441456413355491,0.147897466888251,0.007956891776199829,0,4.461384615384615,4.634,13,,7.48,28.036666666666665,3,178.34199999999998,3,188.251,3,4.466666666666667,3,,,COMPLETE,28.76923076923077,6.230769230769231,2.3846153846153846,9.923076923076923,65.53846153846153,26.698224852071007,53.58579881656805,187.83431952662724,17.79881656804734,13,0,0,0
2023,2,Plumas,7,98,91,0.07142857142857142,2023-04-01,2023 Q2,2023-06-30,2,91,0,1,0,0,1,0,0,1,0,0,0,0,Pre-credit rolloff / pre-war,103367,972,15215,0,99,0.6270890141693294,0.5796125600147214,0.8646051156799438,0.12726466701239608,0.008130217307660137,0,4.6605384615384615,4.649,13,0.044639470326563124,7.81,30.253333333333334,3,178.84066666666666,3,196.347,3,4.566666666666666,3,0.0027961257957558328,0.04300641165252772,COMPLETE,27.923076923076923,5.769230769230769,4.076923076923077,9.153846153846153,64.07692307692308,24.236686390532547,56.426035502958584,176.85207100591717,17.988165680473376,13,0,0,0
2023,3,Plumas,11,103,92,0.10679611650485436,2023-07-01,2023 Q3,2023-09-30,3,92,0,0,1,0,1,0,0,1,0,0,0,0,Pre-credit rolloff / pre-war,100380,1135,17422,0,104,0.5617007323204721,0.5060241976844885,0.8439762227061386,0.14648091006162928,0.00954286723223219,0,5.02476923076923,5.699,13,0.0781520788287915,7.88,29.813333333333333,3,179.192,3,191.143,3,4.8,3,0.001964504717420823,-0.026504097337876398,COMPLETE,31.692307692307693,6.153846153846154,4.076923076923077,7.153846153846154,57.69230769230769,35.40828402366864,57.94082840236687,177.23076923076923,17.230769230769234,13,0,0,0
2023,4,Plumas,10,110,100,0.09090909090909091,2023-10-01,2023 Q4,2023-12-31,4,92,0,0,0,1,1,0,0,0.41304347826086957,0,0,0,0,Pre-credit rolloff / pre-war,86827,220,15454,0,107,0.4996243939083521,0.4510102340464971,0.8470844186885982,0.15076926078769964,0.0021463205237022076,0,4.944461538461539,4.371,13,-0.015982364287682405,8.15,30.14666666666667,3,179.22033333333334,3,188.96433333333331,3,5.033333333333333,3,1.581171778501922e-4,-0.011398098108048371,COMPLETE,28.571428571428573,5.928571428571429,4.071428571428571,6.285714285714286,56.92857142857143,30.24175824175824,52.57142857142858,156.65934065934067,15.296703296703297,14,0,0,0
2024,1,Plumas,2,100,98,0.02,2024-01-01,2024 Q1,2024-03-31,5,91,1,0,0,0,1,0,0,0,1,0,0,0,Pre-credit rolloff / pre-war,86431,197,16389,0,109,0.4961317064173874,0.4692720618926973,0.8389974470233068,0.15909024724074666,0.0019123057359464943,0,4.493692307692307,4.801,13,-0.09116649553501988,8.22,31.163333333333334,3,178.98266666666666,3,184.34766666666667,3,5.133333333333333,3,-0.0013261144103813294,-0.024431418274700745,COMPLETE,29.23076923076923,5.461538461538462,2.769230769230769,6.153846153846154,58.76923076923077,18.93491124260355,54.34319526627219,173.63313609467457,15.526627218934912,13,0,0,0
2024,2,Plumas,11,93,82,0.11827956989247312,2024-04-01,2024 Q2,2024-06-30,6,91,0,1,0,0,1,0,0,0,1,0,0,0,Pre-credit rolloff / pre-war,100124,94,16596,0,111,0.5129350933963395,0.4688992757717397,0.8571232900166076,0.1420720119163799,8.046980670125156e-4,0,4.953461538461538,4.564,13,0.10231435516450404,8.2,34.093333333333334,3,177.66833333333332,3,180.175,3,5.233333333333333,3,-0.007343355408717445,-0.022634768001764782,COMPLETE,28.76923076923077,5.461538461538462,6.846153846153846,5.846153846153846,70.92307692307692,21.396449704142015,61.159763313609474,171.55029585798817,17.230769230769234,13,0,0,0
2024,3,Plumas,13,112,99,0.11607142857142858,2024-07-01,2024 Q3,2024-09-30,7,92,0,0,1,0,1,0,0,0,1,0,0,0,Pre-credit rolloff / pre-war,99738,128,15374,0,126,0.5170079833391183,0.4686827490454703,0.8654807358556057,0.13340853870183964,0.0011107254425546686,0,4.425285714285715,4.412,14,-0.10662762193160502,8.4,31.926666666666666,3,177.11233333333334,3,175.28166666666667,3,5.4,3,-0.0031294265532216814,-0.02715878081494849,COMPLETE,27,5.3076923076923075,9,5.076923076923077,57.69230769230769,18.55621301775148,58.130177514792905,173.06508875739647,16.09467455621302,13,0,0,0
2024,4,Plumas,5,102,97,0.049019607843137254,2024-10-01,2024 Q4,2024-12-31,8,92,0,0,0,1,1,0,0,0,1,0,0,0,Pre-credit rolloff / pre-war,92617,181,15505,0,138,0.4802083044791003,0.40662770191038106,0.8551656002142138,0.14316316260860734,0.001671237177178841,0,4.2403076923076926,4.105,13,-0.041800243853380104,7.82,31.083333333333336,3,177.79033333333334,3,179.781,3,5.4,3,0.0038280789781248714,0.025669161064572288,COMPLETE,24.846153846153847,5.384615384615385,8.692307692307692,6.153846153846154,57.30769230769231,15.905325443786984,54.72189349112426,160.18934911242604,15.147928994082841,13,2,6000,7500
2025,1,Plumas,9,83,74,0.10843373493975904,2025-01-01,2025 Q1,2025-03-31,9,90,1,0,0,0,1,0,0,0,1,0,0,0,Pre-credit rolloff / pre-war,85610,68,15275,0,150,0.4294968945945143,0.3761453349578517,0.8480183847929235,0.15130803443186433,6.735807752122274e-4,0,4.388538461538461,4.585,13,0.03495755025034453,8.04,31.493333333333332,3,178.54733333333334,3,185.72533333333334,3,5.4,3,0.0042578242911595066,0.03306430230854951,COMPLETE,26.076923076923077,5.461538461538462,8,5,55,19.124260355029588,56.426035502958584,181.01775147928996,16.284023668639055,13,1,0,0
2025,2,Plumas,5,104,99,0.04807692307692308,2025-04-01,2025 Q2,2025-06-30,10,91,0,1,0,0,1,0,0,0,1,0,0,0,Pre-credit rolloff / pre-war,84693,62,16868,0,152,0.47184200427068673,0.4086082874939728,0.833403855426429,0.1659860464658591,6.100981077118368e-4,0,4.5673076923076925,4.36,13,0.04073548228777768,7.67,33.56666666666667,3,178.27566666666667,3,183.76566666666668,3,5.466666666666667,3,-0.0015215386396137953,-0.01055142360762129,COMPLETE,24.46153846153846,5.769230769230769,8.384615384615385,4.384615384615385,55.23076923076923,21.396449704142015,57.18343195266272,168.71005917159766,14.958579881656807,13,0,0,0
2025,3,Plumas,10,92,82,0.10869565217391304,2025-07-01,2025 Q3,2025-09-30,11,92,0,0,1,0,1,1,0,0,1,0,0,0,Credit-expiration pull-forward,110380,114,16595,0,149,0.5028759373352533,0.3980674960067354,0.8685252067448795,0.13057778407257906,8.970091825413687e-4,0,4.343,4.446,13,-0.049111578947368506,7.64,32.11666666666667,3,178.20466666666667,3,184.62466666666666,3,5.5,3,-3.9825962414008487e-4,0.00467443138634871,COMPLETE,27.46153846153846,5.384615384615385,12.307692307692308,8.692307692307692,68,16.09467455621302,65.13609467455622,184.4260355029586,15.905325443786984,13,0,0,0
2025,4,Plumas,5,96,91,0.052083333333333336,2025-10-01,2025 Q4,2025-12-31,12,92,0,0,0,1,0,0,1,0,1,0,0,0,Post-credit / pre-war,70360,119,8587,0,151,0.5716490020995117,0.500379429843422,0.8898894594389497,0.10860546884880985,0.0015050717122404068,0,4.339846153846154,4.042,13,-7.261906870471568e-4,7.24,33.4,3,178.82533333333333,3,185.69233333333332,3,5.5,2,0.003482886718267686,0.0057829036928975786,PARTIAL,20.76923076923077,3.1538461538461537,5.6923076923076925,0.23076923076923075,54.61538461538461,15.526627218934912,57.18343195266272,159.81065088757398,14.011834319526628,13,1,9800,7500
2026,1,Plumas,4,98,94,0.04081632653061224,2026-01-01,2026 Q1,2026-03-31,13,90,1,0,0,0,0,0,1,0,1,0.35555555555555557,1,0,War transition quarter,56856,90,7722,0,137,0.5655038040452774,0.500742252737057,0.8791983670439785,0.11940990907403971,0.0013917238819818147,0,4.591538461538462,5.711,13,0.057995675139139946,7.53,32.28666666666667,3,179.31433333333334,3,180.56266666666667,3,5.366666666666667,3,0.0027345118886958897,-0.02762454741445075,COMPLETE,33,7.307692307692308,5.307692307692308,0.6923076923076922,61.30769230769231,41.08875739644971,85.20710059171599,196.92307692307693,19.124260355029588,13,0,0,0
2026,2,Plumas,9,98,89,0.09183673469387756,2026-04-01,2026 Q2,2026-06-30,14,91,0,1,0,0,0,0,1,0,1,1,0,1,Full post-war quarter,75597,81,11179,0,148,0.5973611798703616,0.5192673014264826,0.870361628884258,0.12870580379244045,9.325673233015186e-4,0,5.728,5.245,13,0.247512146088122,7.14,35.25,1,178.852,3,179.806,3,5.3,2,-0.0025783400843584214,-0.004190604185435154,PARTIAL,49.84615384615385,17.46153846153846,8.076923076923077,0,79.15384615384616,38.81656804733728,153.37278106508876,234.98224852071007,23.479289940828405,13,0,0,0
2023,1,Riverside,3724,24897,21173,0.14957625416716874,2023-01-01,2023 Q1,2023-03-31,1,90,1,0,0,0,1,0,0,1,0,0,0,0,Pre-credit rolloff / pre-war,83811,790,14684,0,90,0.5995568313441104,0.5098252505413708,0.8441456413355491,0.147897466888251,0.007956891776199829,0,4.461384615384615,4.634,13,,7.48,28.036666666666665,3,178.34199999999998,3,188.251,3,4.466666666666667,3,,,COMPLETE,28.76923076923077,6.230769230769231,2.3846153846153846,9.923076923076923,65.53846153846153,26.698224852071007,53.58579881656805,187.83431952662724,17.79881656804734,13,0,0,0
2023,2,Riverside,5684,28013,22329,0.20290579373862136,2023-04-01,2023 Q2,2023-06-30,2,91,0,1,0,0,1,0,0,1,0,0,0,0,Pre-credit rolloff / pre-war,103367,972,15215,0,99,0.6270890141693294,0.5796125600147214,0.8646051156799438,0.12726466701239608,0.008130217307660137,0,4.6605384615384615,4.649,13,0.044639470326563124,7.81,30.253333333333334,3,178.84066666666666,3,196.347,3,4.566666666666666,3,0.0027961257957558328,0.04300641165252772,COMPLETE,27.923076923076923,5.769230769230769,4.076923076923077,9.153846153846153,64.07692307692308,24.236686390532547,56.426035502958584,176.85207100591717,17.988165680473376,13,0,0,0
2023,3,Riverside,5451,26924,21473,0.20245877284207398,2023-07-01,2023 Q3,2023-09-30,3,92,0,0,1,0,1,0,0,1,0,0,0,0,Pre-credit rolloff / pre-war,100380,1135,17422,0,104,0.5617007323204721,0.5060241976844885,0.8439762227061386,0.14648091006162928,0.00954286723223219,0,5.02476923076923,5.699,13,0.0781520788287915,7.88,29.813333333333333,3,179.192,3,191.143,3,4.8,3,0.001964504717420823,-0.026504097337876398,COMPLETE,31.692307692307693,6.153846153846154,4.076923076923077,7.153846153846154,57.69230769230769,35.40828402366864,57.94082840236687,177.23076923076923,17.230769230769234,13,0,0,0
2023,4,Riverside,5040,25126,20086,0.20058903128233702,2023-10-01,2023 Q4,2023-12-31,4,92,0,0,0,1,1,0,0,0.41304347826086957,0,0,0,0,Pre-credit rolloff / pre-war,86827,220,15454,0,107,0.4996243939083521,0.4510102340464971,0.8470844186885982,0.15076926078769964,0.0021463205237022076,0,4.944461538461539,4.371,13,-0.015982364287682405,8.15,30.14666666666667,3,179.22033333333334,3,188.96433333333331,3,5.033333333333333,3,1.581171778501922e-4,-0.011398098108048371,COMPLETE,28.571428571428573,5.928571428571429,4.071428571428571,6.285714285714286,56.92857142857143,30.24175824175824,52.57142857142858,156.65934065934067,15.296703296703297,14,0,0,0
2024,1,Riverside,4967,25290,20323,0.19640173981810993,2024-01-01,2024 Q1,2024-03-31,5,91,1,0,0,0,1,0,0,0,1,0,0,0,Pre-credit rolloff / pre-war,86431,197,16389,0,109,0.4961317064173874,0.4692720618926973,0.8389974470233068,0.15909024724074666,0.0019123057359464943,0,4.493692307692307,4.801,13,-0.09116649553501988,8.22,31.163333333333334,3,178.98266666666666,3,184.34766666666667,3,5.133333333333333,3,-0.0013261144103813294,-0.024431418274700745,COMPLETE,29.23076923076923,5.461538461538462,2.769230769230769,6.153846153846154,58.76923076923077,18.93491124260355,54.34319526627219,173.63313609467457,15.526627218934912,13,0,0,0
2024,2,Riverside,5902,27136,21234,0.21749705188679244,2024-04-01,2024 Q2,2024-06-30,6,91,0,1,0,0,1,0,0,0,1,0,0,0,Pre-credit rolloff / pre-war,100124,94,16596,0,111,0.5129350933963395,0.4688992757717397,0.8571232900166076,0.1420720119163799,8.046980670125156e-4,0,4.953461538461538,4.564,13,0.10231435516450404,8.2,34.093333333333334,3,177.66833333333332,3,180.175,3,5.233333333333333,3,-0.007343355408717445,-0.022634768001764782,COMPLETE,28.76923076923077,5.461538461538462,6.846153846153846,5.846153846153846,70.92307692307692,21.396449704142015,61.159763313609474,171.55029585798817,17.230769230769234,13,0,0,0
2024,3,Riverside,5987,27420,21433,0.21834427425237055,2024-07-01,2024 Q3,2024-09-30,7,92,0,0,1,0,1,0,0,0,1,0,0,0,Pre-credit rolloff / pre-war,99738,128,15374,0,126,0.5170079833391183,0.4686827490454703,0.8654807358556057,0.13340853870183964,0.0011107254425546686,0,4.425285714285715,4.412,14,-0.10662762193160502,8.4,31.926666666666666,3,177.11233333333334,3,175.28166666666667,3,5.4,3,-0.0031294265532216814,-0.02715878081494849,COMPLETE,27,5.3076923076923075,9,5.076923076923077,57.69230769230769,18.55621301775148,58.130177514792905,173.06508875739647,16.09467455621302,13,0,0,0
2024,4,Riverside,5346,27152,21806,0.19689157336476135,2024-10-01,2024 Q4,2024-12-31,8,92,0,0,0,1,1,0,0,0,1,0,0,0,Pre-credit rolloff / pre-war,92617,181,15505,0,138,0.4802083044791003,0.40662770191038106,0.8551656002142138,0.14316316260860734,0.001671237177178841,0,4.2403076923076926,4.105,13,-0.041800243853380104,7.82,31.083333333333336,3,177.79033333333334,3,179.781,3,5.4,3,0.0038280789781248714,0.025669161064572288,COMPLETE,24.846153846153847,5.384615384615385,8.692307692307692,6.153846153846154,57.30769230769231,15.905325443786984,54.72189349112426,160.18934911242604,15.147928994082841,13,2,6000,7500
2025,1,Riverside,4994,26004,21010,0.19204737732656516,2025-01-01,2025 Q1,2025-03-31,9,90,1,0,0,0,1,0,0,0,1,0,0,0,Pre-credit rolloff / pre-war,85610,68,15275,0,150,0.4294968945945143,0.3761453349578517,0.8480183847929235,0.15130803443186433,6.735807752122274e-4,0,4.388538461538461,4.585,13,0.03495755025034453,8.04,31.493333333333332,3,178.54733333333334,3,185.72533333333334,3,5.4,3,0.0042578242911595066,0.03306430230854951,COMPLETE,26.076923076923077,5.461538461538462,8,5,55,19.124260355029588,56.426035502958584,181.01775147928996,16.284023668639055,13,1,0,0
2025,2,Riverside,5306,28764,23458,0.18446669447921013,2025-04-01,2025 Q2,2025-06-30,10,91,0,1,0,0,1,0,0,0,1,0,0,0,Pre-credit rolloff / pre-war,84693,62,16868,0,152,0.47184200427068673,0.4086082874939728,0.833403855426429,0.1659860464658591,6.100981077118368e-4,0,4.5673076923076925,4.36,13,0.04073548228777768,7.67,33.56666666666667,3,178.27566666666667,3,183.76566666666668,3,5.466666666666667,3,-0.0015215386396137953,-0.01055142360762129,COMPLETE,24.46153846153846,5.769230769230769,8.384615384615385,4.384615384615385,55.23076923076923,21.396449704142015,57.18343195266272,168.71005917159766,14.958579881656807,13,0,0,0
2025,3,Riverside,6311,28235,21924,0.2235169116344962,2025-07-01,2025 Q3,2025-09-30,11,92,0,0,1,0,1,1,0,0,1,0,0,0,Credit-expiration pull-forward,110380,114,16595,0,149,0.5028759373352533,0.3980674960067354,0.8685252067448795,0.13057778407257906,8.970091825413687e-4,0,4.343,4.446,13,-0.049111578947368506,7.64,32.11666666666667,3,178.20466666666667,3,184.62466666666666,3,5.5,3,-3.9825962414008487e-4,0.00467443138634871,COMPLETE,27.46153846153846,5.384615384615385,12.307692307692308,8.692307692307692,68,16.09467455621302,65.13609467455622,184.4260355029586,15.905325443786984,13,0,0,0
2025,4,Riverside,3679,25980,22301,0.1416089299461124,2025-10-01,2025 Q4,2025-12-31,12,92,0,0,0,1,0,0,1,0,1,0,0,0,Post-credit / pre-war,70360,119,8587,0,151,0.5716490020995117,0.500379429843422,0.8898894594389497,0.10860546884880985,0.0015050717122404068,0,4.339846153846154,4.042,13,-7.261906870471568e-4,7.24,33.4,3,178.82533333333333,3,185.69233333333332,3,5.5,2,0.003482886718267686,0.0057829036928975786,PARTIAL,20.76923076923077,3.1538461538461537,5.6923076923076925,0.23076923076923075,54.61538461538461,15.526627218934912,57.18343195266272,159.81065088757398,14.011834319526628,13,1,9800,7500
2026,1,Riverside,3026,24658,21632,0.12271879308946386,2026-01-01,2026 Q1,2026-03-31,13,90,1,0,0,0,0,0,1,0,1,0.35555555555555557,1,0,War transition quarter,56856,90,7722,0,137,0.5655038040452774,0.500742252737057,0.8791983670439785,0.11940990907403971,0.0013917238819818147,0,4.591538461538462,5.711,13,0.057995675139139946,7.53,32.28666666666667,3,179.31433333333334,3,180.56266666666667,3,5.366666666666667,3,0.0027345118886958897,-0.02762454741445075,COMPLETE,33,7.307692307692308,5.307692307692308,0.6923076923076922,61.30769230769231,41.08875739644971,85.20710059171599,196.92307692307693,19.124260355029588,13,0,0,0
2026,2,Riverside,4635,27968,23333,0.16572511441647597,2026-04-01,2026 Q2,2026-06-30,14,91,0,1,0,0,0,0,1,0,1,1,0,1,Full post-war quarter,75597,81,11179,0,148,0.5973611798703616,0.5192673014264826,0.870361628884258,0.12870580379244045,9.325673233015186e-4,0,5.728,5.245,13,0.247512146088122,7.14,35.25,1,178.852,3,179.806,3,5.3,2,-0.0025783400843584214,-0.004190604185435154,PARTIAL,49.84615384615385,17.46153846153846,8.076923076923077,0,79.15384615384616,38.81656804733728,153.37278106508876,234.98224852071007,23.479289940828405,13,0,0,0
2023,1,Sacramento,2469,11526,9057,0.2142113482561166,2023-01-01,2023 Q1,2023-03-31,1,90,1,0,0,0,1,0,0,1,0,0,0,0,Pre-credit rolloff / pre-war,83811,790,14684,0,90,0.5995568313441104,0.5098252505413708,0.8441456413355491,0.147897466888251,0.007956891776199829,0,4.461384615384615,4.634,13,,7.48,28.036666666666665,3,178.34199999999998,3,188.251,3,4.466666666666667,3,,,COMPLETE,28.76923076923077,6.230769230769231,2.3846153846153846,9.923076923076923,65.53846153846153,26.698224852071007,53.58579881656805,187.83431952662724,17.79881656804734,13,0,0,0
2023,2,Sacramento,3532,13065,9533,0.27034060466896287,2023-04-01,2023 Q2,2023-06-30,2,91,0,1,0,0,1,0,0,1,0,0,0,0,Pre-credit rolloff / pre-war,103367,972,15215,0,99,0.6270890141693294,0.5796125600147214,0.8646051156799438,0.12726466701239608,0.008130217307660137,0,4.6605384615384615,4.649,13,0.044639470326563124,7.81,30.253333333333334,3,178.84066666666666,3,196.347,3,4.566666666666666,3,0.0027961257957558328,0.04300641165252772,COMPLETE,27.923076923076923,5.769230769230769,4.076923076923077,9.153846153846153,64.07692307692308,24.236686390532547,56.426035502958584,176.85207100591717,17.988165680473376,13,0,0,0
2023,3,Sacramento,3357,12520,9163,0.26813099041533545,2023-07-01,2023 Q3,2023-09-30,3,92,0,0,1,0,1,0,0,1,0,0,0,0,Pre-credit rolloff / pre-war,100380,1135,17422,0,104,0.5617007323204721,0.5060241976844885,0.8439762227061386,0.14648091006162928,0.00954286723223219,0,5.02476923076923,5.699,13,0.0781520788287915,7.88,29.813333333333333,3,179.192,3,191.143,3,4.8,3,0.001964504717420823,-0.026504097337876398,COMPLETE,31.692307692307693,6.153846153846154,4.076923076923077,7.153846153846154,57.69230769230769,35.40828402366864,57.94082840236687,177.23076923076923,17.230769230769234,13,0,0,0
2023,4,Sacramento,2717,11373,8656,0.2388991471027873,2023-10-01,2023 Q4,2023-12-31,4,92,0,0,0,1,1,0,0,0.41304347826086957,0,0,0,0,Pre-credit rolloff / pre-war,86827,220,15454,0,107,0.4996243939083521,0.4510102340464971,0.8470844186885982,0.15076926078769964,0.0021463205237022076,0,4.944461538461539,4.371,13,-0.015982364287682405,8.15,30.14666666666667,3,179.22033333333334,3,188.96433333333331,3,5.033333333333333,3,1.581171778501922e-4,-0.011398098108048371,COMPLETE,28.571428571428573,5.928571428571429,4.071428571428571,6.285714285714286,56.92857142857143,30.24175824175824,52.57142857142858,156.65934065934067,15.296703296703297,14,0,0,0
2024,1,Sacramento,2713,11126,8413,0.24384325004493979,2024-01-01,2024 Q1,2024-03-31,5,91,1,0,0,0,1,0,0,0,1,0,0,0,Pre-credit rolloff / pre-war,86431,197,16389,0,109,0.4961317064173874,0.4692720618926973,0.8389974470233068,0.15909024724074666,0.0019123057359464943,0,4.493692307692307,4.801,13,-0.09116649553501988,8.22,31.163333333333334,3,178.98266666666666,3,184.34766666666667,3,5.133333333333333,3,-0.0013261144103813294,-0.024431418274700745,COMPLETE,29.23076923076923,5.461538461538462,2.769230769230769,6.153846153846154,58.76923076923077,18.93491124260355,54.34319526627219,173.63313609467457,15.526627218934912,13,0,0,0
2024,2,Sacramento,3389,12019,8630,0.2819702138281055,2024-04-01,2024 Q2,2024-06-30,6,91,0,1,0,0,1,0,0,0,1,0,0,0,Pre-credit rolloff / pre-war,100124,94,16596,0,111,0.5129350933963395,0.4688992757717397,0.8571232900166076,0.1420720119163799,8.046980670125156e-4,0,4.953461538461538,4.564,13,0.10231435516450404,8.2,34.093333333333334,3,177.66833333333332,3,180.175,3,5.233333333333333,3,-0.007343355408717445,-0.022634768001764782,COMPLETE,28.76923076923077,5.461538461538462,6.846153846153846,5.846153846153846,70.92307692307692,21.396449704142015,61.159763313609474,171.55029585798817,17.230769230769234,13,0,0,0
2024,3,Sacramento,3689,12856,9167,0.2869477286869944,2024-07-01,2024 Q3,2024-09-30,7,92,0,0,1,0,1,0,0,0,1,0,0,0,Pre-credit rolloff / pre-war,99738,128,15374,0,126,0.5170079833391183,0.4686827490454703,0.8654807358556057,0.13340853870183964,0.0011107254425546686,0,4.425285714285715,4.412,14,-0.10662762193160502,8.4,31.926666666666666,3,177.11233333333334,3,175.28166666666667,3,5.4,3,-0.0031294265532216814,-0.02715878081494849,COMPLETE,27,5.3076923076923075,9,5.076923076923077,57.69230769230769,18.55621301775148,58.130177514792905,173.06508875739647,16.09467455621302,13,0,0,0
2024,4,Sacramento,3530,12431,8901,0.28396750060333037,2024-10-01,2024 Q4,2024-12-31,8,92,0,0,0,1,1,0,0,0,1,0,0,0,Pre-credit rolloff / pre-war,92617,181,15505,0,138,0.4802083044791003,0.40662770191038106,0.8551656002142138,0.14316316260860734,0.001671237177178841,0,4.2403076923076926,4.105,13,-0.041800243853380104,7.82,31.083333333333336,3,177.79033333333334,3,179.781,3,5.4,3,0.0038280789781248714,0.025669161064572288,COMPLETE,24.846153846153847,5.384615384615385,8.692307692307692,6.153846153846154,57.30769230769231,15.905325443786984,54.72189349112426,160.18934911242604,15.147928994082841,13,2,6000,7500
2025,1,Sacramento,2905,11698,8793,0.2483330483843392,2025-01-01,2025 Q1,2025-03-31,9,90,1,0,0,0,1,0,0,0,1,0,0,0,Pre-credit rolloff / pre-war,85610,68,15275,0,150,0.4294968945945143,0.3761453349578517,0.8480183847929235,0.15130803443186433,6.735807752122274e-4,0,4.388538461538461,4.585,13,0.03495755025034453,8.04,31.493333333333332,3,178.54733333333334,3,185.72533333333334,3,5.4,3,0.0042578242911595066,0.03306430230854951,COMPLETE,26.076923076923077,5.461538461538462,8,5,55,19.124260355029588,56.426035502958584,181.01775147928996,16.284023668639055,13,1,0,0
2025,2,Sacramento,3043,12572,9529,0.2420458160992682,2025-04-01,2025 Q2,2025-06-30,10,91,0,1,0,0,1,0,0,0,1,0,0,0,Pre-credit rolloff / pre-war,84693,62,16868,0,152,0.47184200427068673,0.4086082874939728,0.833403855426429,0.1659860464658591,6.100981077118368e-4,0,4.5673076923076925,4.36,13,0.04073548228777768,7.67,33.56666666666667,3,178.27566666666667,3,183.76566666666668,3,5.466666666666667,3,-0.0015215386396137953,-0.01055142360762129,COMPLETE,24.46153846153846,5.769230769230769,8.384615384615385,4.384615384615385,55.23076923076923,21.396449704142015,57.18343195266272,168.71005917159766,14.958579881656807,13,0,0,0
2025,3,Sacramento,3788,12680,8892,0.2987381703470032,2025-07-01,2025 Q3,2025-09-30,11,92,0,0,1,0,1,1,0,0,1,0,0,0,Credit-expiration pull-forward,110380,114,16595,0,149,0.5028759373352533,0.3980674960067354,0.8685252067448795,0.13057778407257906,8.970091825413687e-4,0,4.343,4.446,13,-0.049111578947368506,7.64,32.11666666666667,3,178.20466666666667,3,184.62466666666666,3,5.5,3,-3.9825962414008487e-4,0.00467443138634871,COMPLETE,27.46153846153846,5.384615384615385,12.307692307692308,8.692307692307692,68,16.09467455621302,65.13609467455622,184.4260355029586,15.905325443786984,13,0,0,0
2025,4,Sacramento,2344,11069,8725,0.21176258017887795,2025-10-01,2025 Q4,2025-12-31,12,92,0,0,0,1,0,0,1,0,1,0,0,0,Post-credit / pre-war,70360,119,8587,0,151,0.5716490020995117,0.500379429843422,0.8898894594389497,0.10860546884880985,0.0015050717122404068,0,4.339846153846154,4.042,13,-7.261906870471568e-4,7.24,33.4,3,178.82533333333333,3,185.69233333333332,3,5.5,2,0.003482886718267686,0.0057829036928975786,PARTIAL,20.76923076923077,3.1538461538461537,5.6923076923076925,0.23076923076923075,54.61538461538461,15.526627218934912,57.18343195266272,159.81065088757398,14.011834319526628,13,1,9800,7500
2026,1,Sacramento,2232,10672,8440,0.20914542728635682,2026-01-01,2026 Q1,2026-03-31,13,90,1,0,0,0,0,0,1,0,1,0.35555555555555557,1,0,War transition quarter,56856,90,7722,0,137,0.5655038040452774,0.500742252737057,0.8791983670439785,0.11940990907403971,0.0013917238819818147,0,4.591538461538462,5.711,13,0.057995675139139946,7.53,32.28666666666667,3,179.31433333333334,3,180.56266666666667,3,5.366666666666667,3,0.0027345118886958897,-0.02762454741445075,COMPLETE,33,7.307692307692308,5.307692307692308,0.6923076923076922,61.30769230769231,41.08875739644971,85.20710059171599,196.92307692307693,19.124260355029588,13,0,0,0
2026,2,Sacramento,2783,11806,9023,0.23572759613755717,2026-04-01,2026 Q2,2026-06-30,14,91,0,1,0,0,0,0,1,0,1,1,0,1,Full post-war quarter,75597,81,11179,0,148,0.5973611798703616,0.5192673014264826,0.870361628884258,0.12870580379244045,9.325673233015186e-4,0,5.728,5.245,13,0.247512146088122,7.14,35.25,1,178.852,3,179.806,3,5.3,2,-0.0025783400843584214,-0.004190604185435154,PARTIAL,49.84615384615385,17.46153846153846,8.076923076923077,0,79.15384615384616,38.81656804733728,153.37278106508876,234.98224852071007,23.479289940828405,13,0,0,0
2023,1,San Benito,68,452,384,0.1504424778761062,2023-01-01,2023 Q1,2023-03-31,1,90,1,0,0,0,1,0,0,1,0,0,0,0,Pre-credit rolloff / pre-war,83811,790,14684,0,90,0.5995568313441104,0.5098252505413708,0.8441456413355491,0.147897466888251,0.007956891776199829,0,4.461384615384615,4.634,13,,7.48,28.036666666666665,3,178.34199999999998,3,188.251,3,4.466666666666667,3,,,COMPLETE,28.76923076923077,6.230769230769231,2.3846153846153846,9.923076923076923,65.53846153846153,26.698224852071007,53.58579881656805,187.83431952662724,17.79881656804734,13,0,0,0
2023,2,San Benito,131,579,448,0.22625215889464595,2023-04-01,2023 Q2,2023-06-30,2,91,0,1,0,0,1,0,0,1,0,0,0,0,Pre-credit rolloff / pre-war,103367,972,15215,0,99,0.6270890141693294,0.5796125600147214,0.8646051156799438,0.12726466701239608,0.008130217307660137,0,4.6605384615384615,4.649,13,0.044639470326563124,7.81,30.253333333333334,3,178.84066666666666,3,196.347,3,4.566666666666666,3,0.0027961257957558328,0.04300641165252772,COMPLETE,27.923076923076923,5.769230769230769,4.076923076923077,9.153846153846153,64.07692307692308,24.236686390532547,56.426035502958584,176.85207100591717,17.988165680473376,13,0,0,0
2023,3,San Benito,117,580,463,0.20172413793103447,2023-07-01,2023 Q3,2023-09-30,3,92,0,0,1,0,1,0,0,1,0,0,0,0,Pre-credit rolloff / pre-war,100380,1135,17422,0,104,0.5617007323204721,0.5060241976844885,0.8439762227061386,0.14648091006162928,0.00954286723223219,0,5.02476923076923,5.699,13,0.0781520788287915,7.88,29.813333333333333,3,179.192,3,191.143,3,4.8,3,0.001964504717420823,-0.026504097337876398,COMPLETE,31.692307692307693,6.153846153846154,4.076923076923077,7.153846153846154,57.69230769230769,35.40828402366864,57.94082840236687,177.23076923076923,17.230769230769234,13,0,0,0
2023,4,San Benito,115,527,412,0.21821631878557876,2023-10-01,2023 Q4,2023-12-31,4,92,0,0,0,1,1,0,0,0.41304347826086957,0,0,0,0,Pre-credit rolloff / pre-war,86827,220,15454,0,107,0.4996243939083521,0.4510102340464971,0.8470844186885982,0.15076926078769964,0.0021463205237022076,0,4.944461538461539,4.371,13,-0.015982364287682405,8.15,30.14666666666667,3,179.22033333333334,3,188.96433333333331,3,5.033333333333333,3,1.581171778501922e-4,-0.011398098108048371,COMPLETE,28.571428571428573,5.928571428571429,4.071428571428571,6.285714285714286,56.92857142857143,30.24175824175824,52.57142857142858,156.65934065934067,15.296703296703297,14,0,0,0
2024,1,San Benito,106,554,448,0.19133574007220217,2024-01-01,2024 Q1,2024-03-31,5,91,1,0,0,0,1,0,0,0,1,0,0,0,Pre-credit rolloff / pre-war,86431,197,16389,0,109,0.4961317064173874,0.4692720618926973,0.8389974470233068,0.15909024724074666,0.0019123057359464943,0,4.493692307692307,4.801,13,-0.09116649553501988,8.22,31.163333333333334,3,178.98266666666666,3,184.34766666666667,3,5.133333333333333,3,-0.0013261144103813294,-0.024431418274700745,COMPLETE,29.23076923076923,5.461538461538462,2.769230769230769,6.153846153846154,58.76923076923077,18.93491124260355,54.34319526627219,173.63313609467457,15.526627218934912,13,0,0,0
2024,2,San Benito,116,556,440,0.20863309352517986,2024-04-01,2024 Q2,2024-06-30,6,91,0,1,0,0,1,0,0,0,1,0,0,0,Pre-credit rolloff / pre-war,100124,94,16596,0,111,0.5129350933963395,0.4688992757717397,0.8571232900166076,0.1420720119163799,8.046980670125156e-4,0,4.953461538461538,4.564,13,0.10231435516450404,8.2,34.093333333333334,3,177.66833333333332,3,180.175,3,5.233333333333333,3,-0.007343355408717445,-0.022634768001764782,COMPLETE,28.76923076923077,5.461538461538462,6.846153846153846,5.846153846153846,70.92307692307692,21.396449704142015,61.159763313609474,171.55029585798817,17.230769230769234,13,0,0,0
2024,3,San Benito,125,552,427,0.22644927536231885,2024-07-01,2024 Q3,2024-09-30,7,92,0,0,1,0,1,0,0,0,1,0,0,0,Pre-credit rolloff / pre-war,99738,128,15374,0,126,0.5170079833391183,0.4686827490454703,0.8654807358556057,0.13340853870183964,0.0011107254425546686,0,4.425285714285715,4.412,14,-0.10662762193160502,8.4,31.926666666666666,3,177.11233333333334,3,175.28166666666667,3,5.4,3,-0.0031294265532216814,-0.02715878081494849,COMPLETE,27,5.3076923076923075,9,5.076923076923077,57.69230769230769,18.55621301775148,58.130177514792905,173.06508875739647,16.09467455621302,13,0,0,0
2024,4,San Benito,107,579,472,0.1848013816925734,2024-10-01,2024 Q4,2024-12-31,8,92,0,0,0,1,1,0,0,0,1,0,0,0,Pre-credit rolloff / pre-war,92617,181,15505,0,138,0.4802083044791003,0.40662770191038106,0.8551656002142138,0.14316316260860734,0.001671237177178841,0,4.2403076923076926,4.105,13,-0.041800243853380104,7.82,31.083333333333336,3,177.79033333333334,3,179.781,3,5.4,3,0.0038280789781248714,0.025669161064572288,COMPLETE,24.846153846153847,5.384615384615385,8.692307692307692,6.153846153846154,57.30769230769231,15.905325443786984,54.72189349112426,160.18934911242604,15.147928994082841,13,2,6000,7500
2025,1,San Benito,116,566,450,0.2049469964664311,2025-01-01,2025 Q1,2025-03-31,9,90,1,0,0,0,1,0,0,0,1,0,0,0,Pre-credit rolloff / pre-war,85610,68,15275,0,150,0.4294968945945143,0.3761453349578517,0.8480183847929235,0.15130803443186433,6.735807752122274e-4,0,4.388538461538461,4.585,13,0.03495755025034453,8.04,31.493333333333332,3,178.54733333333334,3,185.72533333333334,3,5.4,3,0.0042578242911595066,0.03306430230854951,COMPLETE,26.076923076923077,5.461538461538462,8,5,55,19.124260355029588,56.426035502958584,181.01775147928996,16.284023668639055,13,1,0,0
2025,2,San Benito,100,671,571,0.14903129657228018,2025-04-01,2025 Q2,2025-06-30,10,91,0,1,0,0,1,0,0,0,1,0,0,0,Pre-credit rolloff / pre-war,84693,62,16868,0,152,0.47184200427068673,0.4086082874939728,0.833403855426429,0.1659860464658591,6.100981077118368e-4,0,4.5673076923076925,4.36,13,0.04073548228777768,7.67,33.56666666666667,3,178.27566666666667,3,183.76566666666668,3,5.466666666666667,3,-0.0015215386396137953,-0.01055142360762129,COMPLETE,24.46153846153846,5.769230769230769,8.384615384615385,4.384615384615385,55.23076923076923,21.396449704142015,57.18343195266272,168.71005917159766,14.958579881656807,13,0,0,0
2025,3,San Benito,116,553,437,0.20976491862567812,2025-07-01,2025 Q3,2025-09-30,11,92,0,0,1,0,1,1,0,0,1,0,0,0,Credit-expiration pull-forward,110380,114,16595,0,149,0.5028759373352533,0.3980674960067354,0.8685252067448795,0.13057778407257906,8.970091825413687e-4,0,4.343,4.446,13,-0.049111578947368506,7.64,32.11666666666667,3,178.20466666666667,3,184.62466666666666,3,5.5,3,-3.9825962414008487e-4,0.00467443138634871,COMPLETE,27.46153846153846,5.384615384615385,12.307692307692308,8.692307692307692,68,16.09467455621302,65.13609467455622,184.4260355029586,15.905325443786984,13,0,0,0
2025,4,San Benito,82,558,476,0.14695340501792115,2025-10-01,2025 Q4,2025-12-31,12,92,0,0,0,1,0,0,1,0,1,0,0,0,Post-credit / pre-war,70360,119,8587,0,151,0.5716490020995117,0.500379429843422,0.8898894594389497,0.10860546884880985,0.0015050717122404068,0,4.339846153846154,4.042,13,-7.261906870471568e-4,7.24,33.4,3,178.82533333333333,3,185.69233333333332,3,5.5,2,0.003482886718267686,0.0057829036928975786,PARTIAL,20.76923076923077,3.1538461538461537,5.6923076923076925,0.23076923076923075,54.61538461538461,15.526627218934912,57.18343195266272,159.81065088757398,14.011834319526628,13,1,9800,7500
2026,1,San Benito,75,519,444,0.14450867052023122,2026-01-01,2026 Q1,2026-03-31,13,90,1,0,0,0,0,0,1,0,1,0.35555555555555557,1,0,War transition quarter,56856,90,7722,0,137,0.5655038040452774,0.500742252737057,0.8791983670439785,0.11940990907403971,0.0013917238819818147,0,4.591538461538462,5.711,13,0.057995675139139946,7.53,32.28666666666667,3,179.31433333333334,3,180.56266666666667,3,5.366666666666667,3,0.0027345118886958897,-0.02762454741445075,COMPLETE,33,7.307692307692308,5.307692307692308,0.6923076923076922,61.30769230769231,41.08875739644971,85.20710059171599,196.92307692307693,19.124260355029588,13,0,0,0
2026,2,San Benito,113,575,462,0.19652173913043477,2026-04-01,2026 Q2,2026-06-30,14,91,0,1,0,0,0,0,1,0,1,1,0,1,Full post-war quarter,75597,81,11179,0,148,0.5973611798703616,0.5192673014264826,0.870361628884258,0.12870580379244045,9.325673233015186e-4,0,5.728,5.245,13,0.247512146088122,7.14,35.25,1,178.852,3,179.806,3,5.3,2,-0.0025783400843584214,-0.004190604185435154,PARTIAL,49.84615384615385,17.46153846153846,8.076923076923077,0,79.15384615384616,38.81656804733728,153.37278106508876,234.98224852071007,23.479289940828405,13,0,0,0
2023,1,San Bernardino,2945,20899,17954,0.14091583329345903,2023-01-01,2023 Q1,2023-03-31,1,90,1,0,0,0,1,0,0,1,0,0,0,0,Pre-credit rolloff / pre-war,83811,790,14684,0,90,0.5995568313441104,0.5098252505413708,0.8441456413355491,0.147897466888251,0.007956891776199829,0,4.461384615384615,4.634,13,,7.48,28.036666666666665,3,178.34199999999998,3,188.251,3,4.466666666666667,3,,,COMPLETE,28.76923076923077,6.230769230769231,2.3846153846153846,9.923076923076923,65.53846153846153,26.698224852071007,53.58579881656805,187.83431952662724,17.79881656804734,13,0,0,0
2023,2,San Bernardino,4709,23512,18803,0.20028070772371556,2023-04-01,2023 Q2,2023-06-30,2,91,0,1,0,0,1,0,0,1,0,0,0,0,Pre-credit rolloff / pre-war,103367,972,15215,0,99,0.6270890141693294,0.5796125600147214,0.8646051156799438,0.12726466701239608,0.008130217307660137,0,4.6605384615384615,4.649,13,0.044639470326563124,7.81,30.253333333333334,3,178.84066666666666,3,196.347,3,4.566666666666666,3,0.0027961257957558328,0.04300641165252772,COMPLETE,27.923076923076923,5.769230769230769,4.076923076923077,9.153846153846153,64.07692307692308,24.236686390532547,56.426035502958584,176.85207100591717,17.988165680473376,13,0,0,0
2023,3,San Bernardino,4388,22640,18252,0.19381625441696113,2023-07-01,2023 Q3,2023-09-30,3,92,0,0,1,0,1,0,0,1,0,0,0,0,Pre-credit rolloff / pre-war,100380,1135,17422,0,104,0.5617007323204721,0.5060241976844885,0.8439762227061386,0.14648091006162928,0.00954286723223219,0,5.02476923076923,5.699,13,0.0781520788287915,7.88,29.813333333333333,3,179.192,3,191.143,3,4.8,3,0.001964504717420823,-0.026504097337876398,COMPLETE,31.692307692307693,6.153846153846154,4.076923076923077,7.153846153846154,57.69230769230769,35.40828402366864,57.94082840236687,177.23076923076923,17.230769230769234,13,0,0,0
2023,4,San Bernardino,3883,20889,17006,0.18588730911005794,2023-10-01,2023 Q4,2023-12-31,4,92,0,0,0,1,1,0,0,0.41304347826086957,0,0,0,0,Pre-credit rolloff / pre-war,86827,220,15454,0,107,0.4996243939083521,0.4510102340464971,0.8470844186885982,0.15076926078769964,0.0021463205237022076,0,4.944461538461539,4.371,13,-0.015982364287682405,8.15,30.14666666666667,3,179.22033333333334,3,188.96433333333331,3,5.033333333333333,3,1.581171778501922e-4,-0.011398098108048371,COMPLETE,28.571428571428573,5.928571428571429,4.071428571428571,6.285714285714286,56.92857142857143,30.24175824175824,52.57142857142858,156.65934065934067,15.296703296703297,14,0,0,0
2024,1,San Bernardino,3648,20201,16553,0.1805851195485372,2024-01-01,2024 Q1,2024-03-31,5,91,1,0,0,0,1,0,0,0,1,0,0,0,Pre-credit rolloff / pre-war,86431,197,16389,0,109,0.4961317064173874,0.4692720618926973,0.8389974470233068,0.15909024724074666,0.0019123057359464943,0,4.493692307692307,4.801,13,-0.09116649553501988,8.22,31.163333333333334,3,178.98266666666666,3,184.34766666666667,3,5.133333333333333,3,-0.0013261144103813294,-0.024431418274700745,COMPLETE,29.23076923076923,5.461538461538462,2.769230769230769,6.153846153846154,58.76923076923077,18.93491124260355,54.34319526627219,173.63313609467457,15.526627218934912,13,0,0,0
2024,2,San Bernardino,4468,22055,17587,0.20258444797098163,2024-04-01,2024 Q2,2024-06-30,6,91,0,1,0,0,1,0,0,0,1,0,0,0,Pre-credit rolloff / pre-war,100124,94,16596,0,111,0.5129350933963395,0.4688992757717397,0.8571232900166076,0.1420720119163799,8.046980670125156e-4,0,4.953461538461538,4.564,13,0.10231435516450404,8.2,34.093333333333334,3,177.66833333333332,3,180.175,3,5.233333333333333,3,-0.007343355408717445,-0.022634768001764782,COMPLETE,28.76923076923077,5.461538461538462,6.846153846153846,5.846153846153846,70.92307692307692,21.396449704142015,61.159763313609474,171.55029585798817,17.230769230769234,13,0,0,0
2024,3,San Bernardino,4573,22740,18167,0.20109938434476693,2024-07-01,2024 Q3,2024-09-30,7,92,0,0,1,0,1,0,0,0,1,0,0,0,Pre-credit rolloff / pre-war,99738,128,15374,0,126,0.5170079833391183,0.4686827490454703,0.8654807358556057,0.13340853870183964,0.0011107254425546686,0,4.425285714285715,4.412,14,-0.10662762193160502,8.4,31.926666666666666,3,177.11233333333334,3,175.28166666666667,3,5.4,3,-0.0031294265532216814,-0.02715878081494849,COMPLETE,27,5.3076923076923075,9,5.076923076923077,57.69230769230769,18.55621301775148,58.130177514792905,173.06508875739647,16.09467455621302,13,0,0,0
2024,4,San Bernardino,4138,21375,17237,0.1935906432748538,2024-10-01,2024 Q4,2024-12-31,8,92,0,0,0,1,1,0,0,0,1,0,0,0,Pre-credit rolloff / pre-war,92617,181,15505,0,138,0.4802083044791003,0.40662770191038106,0.8551656002142138,0.14316316260860734,0.001671237177178841,0,4.2403076923076926,4.105,13,-0.041800243853380104,7.82,31.083333333333336,3,177.79033333333334,3,179.781,3,5.4,3,0.0038280789781248714,0.025669161064572288,COMPLETE,24.846153846153847,5.384615384615385,8.692307692307692,6.153846153846154,57.30769230769231,15.905325443786984,54.72189349112426,160.18934911242604,15.147928994082841,13,2,6000,7500
2025,1,San Bernardino,3830,21110,17280,0.1814306016106111,2025-01-01,2025 Q1,2025-03-31,9,90,1,0,0,0,1,0,0,0,1,0,0,0,Pre-credit rolloff / pre-war,85610,68,15275,0,150,0.4294968945945143,0.3761453349578517,0.8480183847929235,0.15130803443186433,6.735807752122274e-4,0,4.388538461538461,4.585,13,0.03495755025034453,8.04,31.493333333333332,3,178.54733333333334,3,185.72533333333334,3,5.4,3,0.0042578242911595066,0.03306430230854951,COMPLETE,26.076923076923077,5.461538461538462,8,5,55,19.124260355029588,56.426035502958584,181.01775147928996,16.284023668639055,13,1,0,0
2025,2,San Bernardino,3870,22753,18883,0.17008746099415462,2025-04-01,2025 Q2,2025-06-30,10,91,0,1,0,0,1,0,0,0,1,0,0,0,Pre-credit rolloff / pre-war,84693,62,16868,0,152,0.47184200427068673,0.4086082874939728,0.833403855426429,0.1659860464658591,6.100981077118368e-4,0,4.5673076923076925,4.36,13,0.04073548228777768,7.67,33.56666666666667,3,178.27566666666667,3,183.76566666666668,3,5.466666666666667,3,-0.0015215386396137953,-0.01055142360762129,COMPLETE,24.46153846153846,5.769230769230769,8.384615384615385,4.384615384615385,55.23076923076923,21.396449704142015,57.18343195266272,168.71005917159766,14.958579881656807,13,0,0,0
2025,3,San Bernardino,4770,23083,18313,0.20664558332972316,2025-07-01,2025 Q3,2025-09-30,11,92,0,0,1,0,1,1,0,0,1,0,0,0,Credit-expiration pull-forward,110380,114,16595,0,149,0.5028759373352533,0.3980674960067354,0.8685252067448795,0.13057778407257906,8.970091825413687e-4,0,4.343,4.446,13,-0.049111578947368506,7.64,32.11666666666667,3,178.20466666666667,3,184.62466666666666,3,5.5,3,-3.9825962414008487e-4,0.00467443138634871,COMPLETE,27.46153846153846,5.384615384615385,12.307692307692308,8.692307692307692,68,16.09467455621302,65.13609467455622,184.4260355029586,15.905325443786984,13,0,0,0
2025,4,San Bernardino,2779,20693,17914,0.13429662204610254,2025-10-01,2025 Q4,2025-12-31,12,92,0,0,0,1,0,0,1,0,1,0,0,0,Post-credit / pre-war,70360,119,8587,0,151,0.5716490020995117,0.500379429843422,0.8898894594389497,0.10860546884880985,0.0015050717122404068,0,4.339846153846154,4.042,13,-7.261906870471568e-4,7.24,33.4,3,178.82533333333333,3,185.69233333333332,3,5.5,2,0.003482886718267686,0.0057829036928975786,PARTIAL,20.76923076923077,3.1538461538461537,5.6923076923076925,0.23076923076923075,54.61538461538461,15.526627218934912,57.18343195266272,159.81065088757398,14.011834319526628,13,1,9800,7500
2026,1,San Bernardino,2377,19970,17593,0.11902854281422133,2026-01-01,2026 Q1,2026-03-31,13,90,1,0,0,0,0,0,1,0,1,0.35555555555555557,1,0,War transition quarter,56856,90,7722,0,137,0.5655038040452774,0.500742252737057,0.8791983670439785,0.11940990907403971,0.0013917238819818147,0,4.591538461538462,5.711,13,0.057995675139139946,7.53,32.28666666666667,3,179.31433333333334,3,180.56266666666667,3,5.366666666666667,3,0.0027345118886958897,-0.02762454741445075,COMPLETE,33,7.307692307692308,5.307692307692308,0.6923076923076922,61.30769230769231,41.08875739644971,85.20710059171599,196.92307692307693,19.124260355029588,13,0,0,0
2026,2,San Bernardino,3652,22784,19132,0.1602879213483146,2026-04-01,2026 Q2,2026-06-30,14,91,0,1,0,0,0,0,1,0,1,1,0,1,Full post-war quarter,75597,81,11179,0,148,0.5973611798703616,0.5192673014264826,0.870361628884258,0.12870580379244045,9.325673233015186e-4,0,5.728,5.245,13,0.247512146088122,7.14,35.25,1,178.852,3,179.806,3,5.3,2,-0.0025783400843584214,-0.004190604185435154,PARTIAL,49.84615384615385,17.46153846153846,8.076923076923077,0,79.15384615384616,38.81656804733728,153.37278106508876,234.98224852071007,23.479289940828405,13,0,0,0
2023,1,San Diego,8824,35966,27142,0.24534282377801256,2023-01-01,2023 Q1,2023-03-31,1,90,1,0,0,0,1,0,0,1,0,0,0,0,Pre-credit rolloff / pre-war,83811,790,14684,0,90,0.5995568313441104,0.5098252505413708,0.8441456413355491,0.147897466888251,0.007956891776199829,0,4.461384615384615,4.634,13,,7.48,28.036666666666665,3,178.34199999999998,3,188.251,3,4.466666666666667,3,,,COMPLETE,28.76923076923077,6.230769230769231,2.3846153846153846,9.923076923076923,65.53846153846153,26.698224852071007,53.58579881656805,187.83431952662724,17.79881656804734,13,0,0,0
2023,2,San Diego,10723,38915,28192,0.2755492740588462,2023-04-01,2023 Q2,2023-06-30,2,91,0,1,0,0,1,0,0,1,0,0,0,0,Pre-credit rolloff / pre-war,103367,972,15215,0,99,0.6270890141693294,0.5796125600147214,0.8646051156799438,0.12726466701239608,0.008130217307660137,0,4.6605384615384615,4.649,13,0.044639470326563124,7.81,30.253333333333334,3,178.84066666666666,3,196.347,3,4.566666666666666,3,0.0027961257957558328,0.04300641165252772,COMPLETE,27.923076923076923,5.769230769230769,4.076923076923077,9.153846153846153,64.07692307692308,24.236686390532547,56.426035502958584,176.85207100591717,17.988165680473376,13,0,0,0
2023,3,San Diego,9900,36938,27038,0.26801667659321027,2023-07-01,2023 Q3,2023-09-30,3,92,0,0,1,0,1,0,0,1,0,0,0,0,Pre-credit rolloff / pre-war,100380,1135,17422,0,104,0.5617007323204721,0.5060241976844885,0.8439762227061386,0.14648091006162928,0.00954286723223219,0,5.02476923076923,5.699,13,0.0781520788287915,7.88,29.813333333333333,3,179.192,3,191.143,3,4.8,3,0.001964504717420823,-0.026504097337876398,COMPLETE,31.692307692307693,6.153846153846154,4.076923076923077,7.153846153846154,57.69230769230769,35.40828402366864,57.94082840236687,177.23076923076923,17.230769230769234,13,0,0,0
2023,4,San Diego,8840,35061,26221,0.25213199851687057,2023-10-01,2023 Q4,2023-12-31,4,92,0,0,0,1,1,0,0,0.41304347826086957,0,0,0,0,Pre-credit rolloff / pre-war,86827,220,15454,0,107,0.4996243939083521,0.4510102340464971,0.8470844186885982,0.15076926078769964,0.0021463205237022076,0,4.944461538461539,4.371,13,-0.015982364287682405,8.15,30.14666666666667,3,179.22033333333334,3,188.96433333333331,3,5.033333333333333,3,1.581171778501922e-4,-0.011398098108048371,COMPLETE,28.571428571428573,5.928571428571429,4.071428571428571,6.285714285714286,56.92857142857143,30.24175824175824,52.57142857142858,156.65934065934067,15.296703296703297,14,0,0,0
2024,1,San Diego,9094,36092,26998,0.2519671949462485,2024-01-01,2024 Q1,2024-03-31,5,91,1,0,0,0,1,0,0,0,1,0,0,0,Pre-credit rolloff / pre-war,86431,197,16389,0,109,0.4961317064173874,0.4692720618926973,0.8389974470233068,0.15909024724074666,0.0019123057359464943,0,4.493692307692307,4.801,13,-0.09116649553501988,8.22,31.163333333333334,3,178.98266666666666,3,184.34766666666667,3,5.133333333333333,3,-0.0013261144103813294,-0.024431418274700745,COMPLETE,29.23076923076923,5.461538461538462,2.769230769230769,6.153846153846154,58.76923076923077,18.93491124260355,54.34319526627219,173.63313609467457,15.526627218934912,13,0,0,0
2024,2,San Diego,10097,37315,27218,0.27058823529411763,2024-04-01,2024 Q2,2024-06-30,6,91,0,1,0,0,1,0,0,0,1,0,0,0,Pre-credit rolloff / pre-war,100124,94,16596,0,111,0.5129350933963395,0.4688992757717397,0.8571232900166076,0.1420720119163799,8.046980670125156e-4,0,4.953461538461538,4.564,13,0.10231435516450404,8.2,34.093333333333334,3,177.66833333333332,3,180.175,3,5.233333333333333,3,-0.007343355408717445,-0.022634768001764782,COMPLETE,28.76923076923077,5.461538461538462,6.846153846153846,5.846153846153846,70.92307692307692,21.396449704142015,61.159763313609474,171.55029585798817,17.230769230769234,13,0,0,0
2024,3,San Diego,9968,37392,27424,0.26658108686350024,2024-07-01,2024 Q3,2024-09-30,7,92,0,0,1,0,1,0,0,0,1,0,0,0,Pre-credit rolloff / pre-war,99738,128,15374,0,126,0.5170079833391183,0.4686827490454703,0.8654807358556057,0.13340853870183964,0.0011107254425546686,0,4.425285714285715,4.412,14,-0.10662762193160502,8.4,31.926666666666666,3,177.11233333333334,3,175.28166666666667,3,5.4,3,-0.0031294265532216814,-0.02715878081494849,COMPLETE,27,5.3076923076923075,9,5.076923076923077,57.69230769230769,18.55621301775148,58.130177514792905,173.06508875739647,16.09467455621302,13,0,0,0
2024,4,San Diego,9329,35661,26332,0.26160231064748607,2024-10-01,2024 Q4,2024-12-31,8,92,0,0,0,1,1,0,0,0,1,0,0,0,Pre-credit rolloff / pre-war,92617,181,15505,0,138,0.4802083044791003,0.40662770191038106,0.8551656002142138,0.14316316260860734,0.001671237177178841,0,4.2403076923076926,4.105,13,-0.041800243853380104,7.82,31.083333333333336,3,177.79033333333334,3,179.781,3,5.4,3,0.0038280789781248714,0.025669161064572288,COMPLETE,24.846153846153847,5.384615384615385,8.692307692307692,6.153846153846154,57.30769230769231,15.905325443786984,54.72189349112426,160.18934911242604,15.147928994082841,13,2,6000,7500
2025,1,San Diego,8884,36805,27921,0.24138024724901508,2025-01-01,2025 Q1,2025-03-31,9,90,1,0,0,0,1,0,0,0,1,0,0,0,Pre-credit rolloff / pre-war,85610,68,15275,0,150,0.4294968945945143,0.3761453349578517,0.8480183847929235,0.15130803443186433,6.735807752122274e-4,0,4.388538461538461,4.585,13,0.03495755025034453,8.04,31.493333333333332,3,178.54733333333334,3,185.72533333333334,3,5.4,3,0.0042578242911595066,0.03306430230854951,COMPLETE,26.076923076923077,5.461538461538462,8,5,55,19.124260355029588,56.426035502958584,181.01775147928996,16.284023668639055,13,1,0,0
2025,2,San Diego,8850,38803,29953,0.2280751488286988,2025-04-01,2025 Q2,2025-06-30,10,91,0,1,0,0,1,0,0,0,1,0,0,0,Pre-credit rolloff / pre-war,84693,62,16868,0,152,0.47184200427068673,0.4086082874939728,0.833403855426429,0.1659860464658591,6.100981077118368e-4,0,4.5673076923076925,4.36,13,0.04073548228777768,7.67,33.56666666666667,3,178.27566666666667,3,183.76566666666668,3,5.466666666666667,3,-0.0015215386396137953,-0.01055142360762129,COMPLETE,24.46153846153846,5.769230769230769,8.384615384615385,4.384615384615385,55.23076923076923,21.396449704142015,57.18343195266272,168.71005917159766,14.958579881656807,13,0,0,0
2025,3,San Diego,11017,37057,26040,0.2972987559705319,2025-07-01,2025 Q3,2025-09-30,11,92,0,0,1,0,1,1,0,0,1,0,0,0,Credit-expiration pull-forward,110380,114,16595,0,149,0.5028759373352533,0.3980674960067354,0.8685252067448795,0.13057778407257906,8.970091825413687e-4,0,4.343,4.446,13,-0.049111578947368506,7.64,32.11666666666667,3,178.20466666666667,3,184.62466666666666,3,5.5,3,-3.9825962414008487e-4,0.00467443138634871,COMPLETE,27.46153846153846,5.384615384615385,12.307692307692308,8.692307692307692,68,16.09467455621302,65.13609467455622,184.4260355029586,15.905325443786984,13,0,0,0
2025,4,San Diego,6365,33753,27388,0.18857583029656624,2025-10-01,2025 Q4,2025-12-31,12,92,0,0,0,1,0,0,1,0,1,0,0,0,Post-credit / pre-war,70360,119,8587,0,151,0.5716490020995117,0.500379429843422,0.8898894594389497,0.10860546884880985,0.0015050717122404068,0,4.339846153846154,4.042,13,-7.261906870471568e-4,7.24,33.4,3,178.82533333333333,3,185.69233333333332,3,5.5,2,0.003482886718267686,0.0057829036928975786,PARTIAL,20.76923076923077,3.1538461538461537,5.6923076923076925,0.23076923076923075,54.61538461538461,15.526627218934912,57.18343195266272,159.81065088757398,14.011834319526628,13,1,9800,7500
2026,1,San Diego,5370,33494,28124,0.16032722278617065,2026-01-01,2026 Q1,2026-03-31,13,90,1,0,0,0,0,0,1,0,1,0.35555555555555557,1,0,War transition quarter,56856,90,7722,0,137,0.5655038040452774,0.500742252737057,0.8791983670439785,0.11940990907403971,0.0013917238819818147,0,4.591538461538462,5.711,13,0.057995675139139946,7.53,32.28666666666667,3,179.31433333333334,3,180.56266666666667,3,5.366666666666667,3,0.0027345118886958897,-0.02762454741445075,COMPLETE,33,7.307692307692308,5.307692307692308,0.6923076923076922,61.30769230769231,41.08875739644971,85.20710059171599,196.92307692307693,19.124260355029588,13,0,0,0
2026,2,San Diego,7545,36387,28842,0.20735427487839064,2026-04-01,2026 Q2,2026-06-30,14,91,0,1,0,0,0,0,1,0,1,1,0,1,Full post-war quarter,75597,81,11179,0,148,0.5973611798703616,0.5192673014264826,0.870361628884258,0.12870580379244045,9.325673233015186e-4,0,5.728,5.245,13,0.247512146088122,7.14,35.25,1,178.852,3,179.806,3,5.3,2,-0.0025783400843584214,-0.004190604185435154,PARTIAL,49.84615384615385,17.46153846153846,8.076923076923077,0,79.15384615384616,38.81656804733728,153.37278106508876,234.98224852071007,23.479289940828405,13,0,0,0
2023,1,San Francisco,2143,6362,4219,0.33684375982395476,2023-01-01,2023 Q1,2023-03-31,1,90,1,0,0,0,1,0,0,1,0,0,0,0,Pre-credit rolloff / pre-war,83811,790,14684,0,90,0.5995568313441104,0.5098252505413708,0.8441456413355491,0.147897466888251,0.007956891776199829,0,4.461384615384615,4.634,13,,7.48,28.036666666666665,3,178.34199999999998,3,188.251,3,4.466666666666667,3,,,COMPLETE,28.76923076923077,6.230769230769231,2.3846153846153846,9.923076923076923,65.53846153846153,26.698224852071007,53.58579881656805,187.83431952662724,17.79881656804734,13,0,0,0
2023,2,San Francisco,3146,7632,4486,0.41221174004192873,2023-04-01,2023 Q2,2023-06-30,2,91,0,1,0,0,1,0,0,1,0,0,0,0,Pre-credit rolloff / pre-war,103367,972,15215,0,99,0.6270890141693294,0.5796125600147214,0.8646051156799438,0.12726466701239608,0.008130217307660137,0,4.6605384615384615,4.649,13,0.044639470326563124,7.81,30.253333333333334,3,178.84066666666666,3,196.347,3,4.566666666666666,3,0.0027961257957558328,0.04300641165252772,COMPLETE,27.923076923076923,5.769230769230769,4.076923076923077,9.153846153846153,64.07692307692308,24.236686390532547,56.426035502958584,176.85207100591717,17.988165680473376,13,0,0,0
2023,3,San Francisco,2872,7098,4226,0.4046210200056354,2023-07-01,2023 Q3,2023-09-30,3,92,0,0,1,0,1,0,0,1,0,0,0,0,Pre-credit rolloff / pre-war,100380,1135,17422,0,104,0.5617007323204721,0.5060241976844885,0.8439762227061386,0.14648091006162928,0.00954286723223219,0,5.02476923076923,5.699,13,0.0781520788287915,7.88,29.813333333333333,3,179.192,3,191.143,3,4.8,3,0.001964504717420823,-0.026504097337876398,COMPLETE,31.692307692307693,6.153846153846154,4.076923076923077,7.153846153846154,57.69230769230769,35.40828402366864,57.94082840236687,177.23076923076923,17.230769230769234,13,0,0,0
2023,4,San Francisco,2048,6161,4113,0.33241356922577503,2023-10-01,2023 Q4,2023-12-31,4,92,0,0,0,1,1,0,0,0.41304347826086957,0,0,0,0,Pre-credit rolloff / pre-war,86827,220,15454,0,107,0.4996243939083521,0.4510102340464971,0.8470844186885982,0.15076926078769964,0.0021463205237022076,0,4.944461538461539,4.371,13,-0.015982364287682405,8.15,30.14666666666667,3,179.22033333333334,3,188.96433333333331,3,5.033333333333333,3,1.581171778501922e-4,-0.011398098108048371,COMPLETE,28.571428571428573,5.928571428571429,4.071428571428571,6.285714285714286,56.92857142857143,30.24175824175824,52.57142857142858,156.65934065934067,15.296703296703297,14,0,0,0
2024,1,San Francisco,2263,6458,4195,0.35041808609476616,2024-01-01,2024 Q1,2024-03-31,5,91,1,0,0,0,1,0,0,0,1,0,0,0,Pre-credit rolloff / pre-war,86431,197,16389,0,109,0.4961317064173874,0.4692720618926973,0.8389974470233068,0.15909024724074666,0.0019123057359464943,0,4.493692307692307,4.801,13,-0.09116649553501988,8.22,31.163333333333334,3,178.98266666666666,3,184.34766666666667,3,5.133333333333333,3,-0.0013261144103813294,-0.024431418274700745,COMPLETE,29.23076923076923,5.461538461538462,2.769230769230769,6.153846153846154,58.76923076923077,18.93491124260355,54.34319526627219,173.63313609467457,15.526627218934912,13,0,0,0
2024,2,San Francisco,2245,6270,4025,0.3580542264752791,2024-04-01,2024 Q2,2024-06-30,6,91,0,1,0,0,1,0,0,0,1,0,0,0,Pre-credit rolloff / pre-war,100124,94,16596,0,111,0.5129350933963395,0.4688992757717397,0.8571232900166076,0.1420720119163799,8.046980670125156e-4,0,4.953461538461538,4.564,13,0.10231435516450404,8.2,34.093333333333334,3,177.66833333333332,3,180.175,3,5.233333333333333,3,-0.007343355408717445,-0.022634768001764782,COMPLETE,28.76923076923077,5.461538461538462,6.846153846153846,5.846153846153846,70.92307692307692,21.396449704142015,61.159763313609474,171.55029585798817,17.230769230769234,13,0,0,0
2024,3,San Francisco,2371,6479,4108,0.3659515357308227,2024-07-01,2024 Q3,2024-09-30,7,92,0,0,1,0,1,0,0,0,1,0,0,0,Pre-credit rolloff / pre-war,99738,128,15374,0,126,0.5170079833391183,0.4686827490454703,0.8654807358556057,0.13340853870183964,0.0011107254425546686,0,4.425285714285715,4.412,14,-0.10662762193160502,8.4,31.926666666666666,3,177.11233333333334,3,175.28166666666667,3,5.4,3,-0.0031294265532216814,-0.02715878081494849,COMPLETE,27,5.3076923076923075,9,5.076923076923077,57.69230769230769,18.55621301775148,58.130177514792905,173.06508875739647,16.09467455621302,13,0,0,0
2024,4,San Francisco,2254,6477,4223,0.3480006175698626,2024-10-01,2024 Q4,2024-12-31,8,92,0,0,0,1,1,0,0,0,1,0,0,0,Pre-credit rolloff / pre-war,92617,181,15505,0,138,0.4802083044791003,0.40662770191038106,0.8551656002142138,0.14316316260860734,0.001671237177178841,0,4.2403076923076926,4.105,13,-0.041800243853380104,7.82,31.083333333333336,3,177.79033333333334,3,179.781,3,5.4,3,0.0038280789781248714,0.025669161064572288,COMPLETE,24.846153846153847,5.384615384615385,8.692307692307692,6.153846153846154,57.30769230769231,15.905325443786984,54.72189349112426,160.18934911242604,15.147928994082841,13,2,6000,7500
2025,1,San Francisco,2183,6274,4091,0.3479438954415046,2025-01-01,2025 Q1,2025-03-31,9,90,1,0,0,0,1,0,0,0,1,0,0,0,Pre-credit rolloff / pre-war,85610,68,15275,0,150,0.4294968945945143,0.3761453349578517,0.8480183847929235,0.15130803443186433,6.735807752122274e-4,0,4.388538461538461,4.585,13,0.03495755025034453,8.04,31.493333333333332,3,178.54733333333334,3,185.72533333333334,3,5.4,3,0.0042578242911595066,0.03306430230854951,COMPLETE,26.076923076923077,5.461538461538462,8,5,55,19.124260355029588,56.426035502958584,181.01775147928996,16.284023668639055,13,1,0,0
2025,2,San Francisco,2003,6364,4361,0.31473915776241357,2025-04-01,2025 Q2,2025-06-30,10,91,0,1,0,0,1,0,0,0,1,0,0,0,Pre-credit rolloff / pre-war,84693,62,16868,0,152,0.47184200427068673,0.4086082874939728,0.833403855426429,0.1659860464658591,6.100981077118368e-4,0,4.5673076923076925,4.36,13,0.04073548228777768,7.67,33.56666666666667,3,178.27566666666667,3,183.76566666666668,3,5.466666666666667,3,-0.0015215386396137953,-0.01055142360762129,COMPLETE,24.46153846153846,5.769230769230769,8.384615384615385,4.384615384615385,55.23076923076923,21.396449704142015,57.18343195266272,168.71005917159766,14.958579881656807,13,0,0,0
2025,3,San Francisco,2629,6463,3834,0.40677703852699987,2025-07-01,2025 Q3,2025-09-30,11,92,0,0,1,0,1,1,0,0,1,0,0,0,Credit-expiration pull-forward,110380,114,16595,0,149,0.5028759373352533,0.3980674960067354,0.8685252067448795,0.13057778407257906,8.970091825413687e-4,0,4.343,4.446,13,-0.049111578947368506,7.64,32.11666666666667,3,178.20466666666667,3,184.62466666666666,3,5.5,3,-3.9825962414008487e-4,0.00467443138634871,COMPLETE,27.46153846153846,5.384615384615385,12.307692307692308,8.692307692307692,68,16.09467455621302,65.13609467455622,184.4260355029586,15.905325443786984,13,0,0,0
2025,4,San Francisco,1796,5529,3733,0.3248327003074697,2025-10-01,2025 Q4,2025-12-31,12,92,0,0,0,1,0,0,1,0,1,0,0,0,Post-credit / pre-war,70360,119,8587,0,151,0.5716490020995117,0.500379429843422,0.8898894594389497,0.10860546884880985,0.0015050717122404068,0,4.339846153846154,4.042,13,-7.261906870471568e-4,7.24,33.4,3,178.82533333333333,3,185.69233333333332,3,5.5,2,0.003482886718267686,0.0057829036928975786,PARTIAL,20.76923076923077,3.1538461538461537,5.6923076923076925,0.23076923076923075,54.61538461538461,15.526627218934912,57.18343195266272,159.81065088757398,14.011834319526628,13,1,9800,7500
2026,1,San Francisco,1405,5131,3726,0.27382576495809785,2026-01-01,2026 Q1,2026-03-31,13,90,1,0,0,0,0,0,1,0,1,0.35555555555555557,1,0,War transition quarter,56856,90,7722,0,137,0.5655038040452774,0.500742252737057,0.8791983670439785,0.11940990907403971,0.0013917238819818147,0,4.591538461538462,5.711,13,0.057995675139139946,7.53,32.28666666666667,3,179.31433333333334,3,180.56266666666667,3,5.366666666666667,3,0.0027345118886958897,-0.02762454741445075,COMPLETE,33,7.307692307692308,5.307692307692308,0.6923076923076922,61.30769230769231,41.08875739644971,85.20710059171599,196.92307692307693,19.124260355029588,13,0,0,0
2026,2,San Francisco,1887,5686,3799,0.3318677453394302,2026-04-01,2026 Q2,2026-06-30,14,91,0,1,0,0,0,0,1,0,1,1,0,1,Full post-war quarter,75597,81,11179,0,148,0.5973611798703616,0.5192673014264826,0.870361628884258,0.12870580379244045,9.325673233015186e-4,0,5.728,5.245,13,0.247512146088122,7.14,35.25,1,178.852,3,179.806,3,5.3,2,-0.0025783400843584214,-0.004190604185435154,PARTIAL,49.84615384615385,17.46153846153846,8.076923076923077,0,79.15384615384616,38.81656804733728,153.37278106508876,234.98224852071007,23.479289940828405,13,0,0,0
2023,1,San Joaquin,1402,6329,4927,0.22151998735977246,2023-01-01,2023 Q1,2023-03-31,1,90,1,0,0,0,1,0,0,1,0,0,0,0,Pre-credit rolloff / pre-war,83811,790,14684,0,90,0.5995568313441104,0.5098252505413708,0.8441456413355491,0.147897466888251,0.007956891776199829,0,4.461384615384615,4.634,13,,7.48,28.036666666666665,3,178.34199999999998,3,188.251,3,4.466666666666667,3,,,COMPLETE,28.76923076923077,6.230769230769231,2.3846153846153846,9.923076923076923,65.53846153846153,26.698224852071007,53.58579881656805,187.83431952662724,17.79881656804734,13,0,0,0
2023,2,San Joaquin,1926,7297,5371,0.263944086610936,2023-04-01,2023 Q2,2023-06-30,2,91,0,1,0,0,1,0,0,1,0,0,0,0,Pre-credit rolloff / pre-war,103367,972,15215,0,99,0.6270890141693294,0.5796125600147214,0.8646051156799438,0.12726466701239608,0.008130217307660137,0,4.6605384615384615,4.649,13,0.044639470326563124,7.81,30.253333333333334,3,178.84066666666666,3,196.347,3,4.566666666666666,3,0.0027961257957558328,0.04300641165252772,COMPLETE,27.923076923076923,5.769230769230769,4.076923076923077,9.153846153846153,64.07692307692308,24.236686390532547,56.426035502958584,176.85207100591717,17.988165680473376,13,0,0,0
2023,3,San Joaquin,1697,6754,5057,0.2512585134734972,2023-07-01,2023 Q3,2023-09-30,3,92,0,0,1,0,1,0,0,1,0,0,0,0,Pre-credit rolloff / pre-war,100380,1135,17422,0,104,0.5617007323204721,0.5060241976844885,0.8439762227061386,0.14648091006162928,0.00954286723223219,0,5.02476923076923,5.699,13,0.0781520788287915,7.88,29.813333333333333,3,179.192,3,191.143,3,4.8,3,0.001964504717420823,-0.026504097337876398,COMPLETE,31.692307692307693,6.153846153846154,4.076923076923077,7.153846153846154,57.69230769230769,35.40828402366864,57.94082840236687,177.23076923076923,17.230769230769234,13,0,0,0
2023,4,San Joaquin,1318,5977,4659,0.22051196252300484,2023-10-01,2023 Q4,2023-12-31,4,92,0,0,0,1,1,0,0,0.41304347826086957,0,0,0,0,Pre-credit rolloff / pre-war,86827,220,15454,0,107,0.4996243939083521,0.4510102340464971,0.8470844186885982,0.15076926078769964,0.0021463205237022076,0,4.944461538461539,4.371,13,-0.015982364287682405,8.15,30.14666666666667,3,179.22033333333334,3,188.96433333333331,3,5.033333333333333,3,1.581171778501922e-4,-0.011398098108048371,COMPLETE,28.571428571428573,5.928571428571429,4.071428571428571,6.285714285714286,56.92857142857143,30.24175824175824,52.57142857142858,156.65934065934067,15.296703296703297,14,0,0,0
2024,1,San Joaquin,1174,5782,4608,0.20304392943618124,2024-01-01,2024 Q1,2024-03-31,5,91,1,0,0,0,1,0,0,0,1,0,0,0,Pre-credit rolloff / pre-war,86431,197,16389,0,109,0.4961317064173874,0.4692720618926973,0.8389974470233068,0.15909024724074666,0.0019123057359464943,0,4.493692307692307,4.801,13,-0.09116649553501988,8.22,31.163333333333334,3,178.98266666666666,3,184.34766666666667,3,5.133333333333333,3,-0.0013261144103813294,-0.024431418274700745,COMPLETE,29.23076923076923,5.461538461538462,2.769230769230769,6.153846153846154,58.76923076923077,18.93491124260355,54.34319526627219,173.63313609467457,15.526627218934912,13,0,0,0
2024,2,San Joaquin,1497,6342,4845,0.2360454115421003,2024-04-01,2024 Q2,2024-06-30,6,91,0,1,0,0,1,0,0,0,1,0,0,0,Pre-credit rolloff / pre-war,100124,94,16596,0,111,0.5129350933963395,0.4688992757717397,0.8571232900166076,0.1420720119163799,8.046980670125156e-4,0,4.953461538461538,4.564,13,0.10231435516450404,8.2,34.093333333333334,3,177.66833333333332,3,180.175,3,5.233333333333333,3,-0.007343355408717445,-0.022634768001764782,COMPLETE,28.76923076923077,5.461538461538462,6.846153846153846,5.846153846153846,70.92307692307692,21.396449704142015,61.159763313609474,171.55029585798817,17.230769230769234,13,0,0,0
2024,3,San Joaquin,1454,6593,5139,0.22053693311087516,2024-07-01,2024 Q3,2024-09-30,7,92,0,0,1,0,1,0,0,0,1,0,0,0,Pre-credit rolloff / pre-war,99738,128,15374,0,126,0.5170079833391183,0.4686827490454703,0.8654807358556057,0.13340853870183964,0.0011107254425546686,0,4.425285714285715,4.412,14,-0.10662762193160502,8.4,31.926666666666666,3,177.11233333333334,3,175.28166666666667,3,5.4,3,-0.0031294265532216814,-0.02715878081494849,COMPLETE,27,5.3076923076923075,9,5.076923076923077,57.69230769230769,18.55621301775148,58.130177514792905,173.06508875739647,16.09467455621302,13,0,0,0
2024,4,San Joaquin,1409,5954,4545,0.2366476318441384,2024-10-01,2024 Q4,2024-12-31,8,92,0,0,0,1,1,0,0,0,1,0,0,0,Pre-credit rolloff / pre-war,92617,181,15505,0,138,0.4802083044791003,0.40662770191038106,0.8551656002142138,0.14316316260860734,0.001671237177178841,0,4.2403076923076926,4.105,13,-0.041800243853380104,7.82,31.083333333333336,3,177.79033333333334,3,179.781,3,5.4,3,0.0038280789781248714,0.025669161064572288,COMPLETE,24.846153846153847,5.384615384615385,8.692307692307692,6.153846153846154,57.30769230769231,15.905325443786984,54.72189349112426,160.18934911242604,15.147928994082841,13,2,6000,7500
2025,1,San Joaquin,1163,5883,4720,0.19768825429202788,2025-01-01,2025 Q1,2025-03-31,9,90,1,0,0,0,1,0,0,0,1,0,0,0,Pre-credit rolloff / pre-war,85610,68,15275,0,150,0.4294968945945143,0.3761453349578517,0.8480183847929235,0.15130803443186433,6.735807752122274e-4,0,4.388538461538461,4.585,13,0.03495755025034453,8.04,31.493333333333332,3,178.54733333333334,3,185.72533333333334,3,5.4,3,0.0042578242911595066,0.03306430230854951,COMPLETE,26.076923076923077,5.461538461538462,8,5,55,19.124260355029588,56.426035502958584,181.01775147928996,16.284023668639055,13,1,0,0
2025,2,San Joaquin,1287,6471,5184,0.19888734353268428,2025-04-01,2025 Q2,2025-06-30,10,91,0,1,0,0,1,0,0,0,1,0,0,0,Pre-credit rolloff / pre-war,84693,62,16868,0,152,0.47184200427068673,0.4086082874939728,0.833403855426429,0.1659860464658591,6.100981077118368e-4,0,4.5673076923076925,4.36,13,0.04073548228777768,7.67,33.56666666666667,3,178.27566666666667,3,183.76566666666668,3,5.466666666666667,3,-0.0015215386396137953,-0.01055142360762129,COMPLETE,24.46153846153846,5.769230769230769,8.384615384615385,4.384615384615385,55.23076923076923,21.396449704142015,57.18343195266272,168.71005917159766,14.958579881656807,13,0,0,0
2025,3,San Joaquin,1495,6384,4889,0.23417919799498746,2025-07-01,2025 Q3,2025-09-30,11,92,0,0,1,0,1,1,0,0,1,0,0,0,Credit-expiration pull-forward,110380,114,16595,0,149,0.5028759373352533,0.3980674960067354,0.8685252067448795,0.13057778407257906,8.970091825413687e-4,0,4.343,4.446,13,-0.049111578947368506,7.64,32.11666666666667,3,178.20466666666667,3,184.62466666666666,3,5.5,3,-3.9825962414008487e-4,0.00467443138634871,COMPLETE,27.46153846153846,5.384615384615385,12.307692307692308,8.692307692307692,68,16.09467455621302,65.13609467455622,184.4260355029586,15.905325443786984,13,0,0,0
2025,4,San Joaquin,980,6048,5068,0.16203703703703703,2025-10-01,2025 Q4,2025-12-31,12,92,0,0,0,1,0,0,1,0,1,0,0,0,Post-credit / pre-war,70360,119,8587,0,151,0.5716490020995117,0.500379429843422,0.8898894594389497,0.10860546884880985,0.0015050717122404068,0,4.339846153846154,4.042,13,-7.261906870471568e-4,7.24,33.4,3,178.82533333333333,3,185.69233333333332,3,5.5,2,0.003482886718267686,0.0057829036928975786,PARTIAL,20.76923076923077,3.1538461538461537,5.6923076923076925,0.23076923076923075,54.61538461538461,15.526627218934912,57.18343195266272,159.81065088757398,14.011834319526628,13,1,9800,7500
2026,1,San Joaquin,809,5797,4988,0.1395549422114887,2026-01-01,2026 Q1,2026-03-31,13,90,1,0,0,0,0,0,1,0,1,0.35555555555555557,1,0,War transition quarter,56856,90,7722,0,137,0.5655038040452774,0.500742252737057,0.8791983670439785,0.11940990907403971,0.0013917238819818147,0,4.591538461538462,5.711,13,0.057995675139139946,7.53,32.28666666666667,3,179.31433333333334,3,180.56266666666667,3,5.366666666666667,3,0.0027345118886958897,-0.02762454741445075,COMPLETE,33,7.307692307692308,5.307692307692308,0.6923076923076922,61.30769230769231,41.08875739644971,85.20710059171599,196.92307692307693,19.124260355029588,13,0,0,0
2026,2,San Joaquin,1137,6472,5335,0.17567985166872682,2026-04-01,2026 Q2,2026-06-30,14,91,0,1,0,0,0,0,1,0,1,1,0,1,Full post-war quarter,75597,81,11179,0,148,0.5973611798703616,0.5192673014264826,0.870361628884258,0.12870580379244045,9.325673233015186e-4,0,5.728,5.245,13,0.247512146088122,7.14,35.25,1,178.852,3,179.806,3,5.3,2,-0.0025783400843584214,-0.004190604185435154,PARTIAL,49.84615384615385,17.46153846153846,8.076923076923077,0,79.15384615384616,38.81656804733728,153.37278106508876,234.98224852071007,23.479289940828405,13,0,0,0
2023,1,San Luis Obispo,495,2153,1658,0.2299117510450534,2023-01-01,2023 Q1,2023-03-31,1,90,1,0,0,0,1,0,0,1,0,0,0,0,Pre-credit rolloff / pre-war,83811,790,14684,0,90,0.5995568313441104,0.5098252505413708,0.8441456413355491,0.147897466888251,0.007956891776199829,0,4.461384615384615,4.634,13,,7.48,28.036666666666665,3,178.34199999999998,3,188.251,3,4.466666666666667,3,,,COMPLETE,28.76923076923077,6.230769230769231,2.3846153846153846,9.923076923076923,65.53846153846153,26.698224852071007,53.58579881656805,187.83431952662724,17.79881656804734,13,0,0,0
2023,2,San Luis Obispo,504,2184,1680,0.23076923076923078,2023-04-01,2023 Q2,2023-06-30,2,91,0,1,0,0,1,0,0,1,0,0,0,0,Pre-credit rolloff / pre-war,103367,972,15215,0,99,0.6270890141693294,0.5796125600147214,0.8646051156799438,0.12726466701239608,0.008130217307660137,0,4.6605384615384615,4.649,13,0.044639470326563124,7.81,30.253333333333334,3,178.84066666666666,3,196.347,3,4.566666666666666,3,0.0027961257957558328,0.04300641165252772,COMPLETE,27.923076923076923,5.769230769230769,4.076923076923077,9.153846153846153,64.07692307692308,24.236686390532547,56.426035502958584,176.85207100591717,17.988165680473376,13,0,0,0
2023,3,San Luis Obispo,533,2204,1671,0.24183303085299457,2023-07-01,2023 Q3,2023-09-30,3,92,0,0,1,0,1,0,0,1,0,0,0,0,Pre-credit rolloff / pre-war,100380,1135,17422,0,104,0.5617007323204721,0.5060241976844885,0.8439762227061386,0.14648091006162928,0.00954286723223219,0,5.02476923076923,5.699,13,0.0781520788287915,7.88,29.813333333333333,3,179.192,3,191.143,3,4.8,3,0.001964504717420823,-0.026504097337876398,COMPLETE,31.692307692307693,6.153846153846154,4.076923076923077,7.153846153846154,57.69230769230769,35.40828402366864,57.94082840236687,177.23076923076923,17.230769230769234,13,0,0,0
2023,4,San Luis Obispo,556,2247,1691,0.24744103248776145,2023-10-01,2023 Q4,2023-12-31,4,92,0,0,0,1,1,0,0,0.41304347826086957,0,0,0,0,Pre-credit rolloff / pre-war,86827,220,15454,0,107,0.4996243939083521,0.4510102340464971,0.8470844186885982,0.15076926078769964,0.0021463205237022076,0,4.944461538461539,4.371,13,-0.015982364287682405,8.15,30.14666666666667,3,179.22033333333334,3,188.96433333333331,3,5.033333333333333,3,1.581171778501922e-4,-0.011398098108048371,COMPLETE,28.571428571428573,5.928571428571429,4.071428571428571,6.285714285714286,56.92857142857143,30.24175824175824,52.57142857142858,156.65934065934067,15.296703296703297,14,0,0,0
2024,1,San Luis Obispo,489,2195,1706,0.22277904328018222,2024-01-01,2024 Q1,2024-03-31,5,91,1,0,0,0,1,0,0,0,1,0,0,0,Pre-credit rolloff / pre-war,86431,197,16389,0,109,0.4961317064173874,0.4692720618926973,0.8389974470233068,0.15909024724074666,0.0019123057359464943,0,4.493692307692307,4.801,13,-0.09116649553501988,8.22,31.163333333333334,3,178.98266666666666,3,184.34766666666667,3,5.133333333333333,3,-0.0013261144103813294,-0.024431418274700745,COMPLETE,29.23076923076923,5.461538461538462,2.769230769230769,6.153846153846154,58.76923076923077,18.93491124260355,54.34319526627219,173.63313609467457,15.526627218934912,13,0,0,0
2024,2,San Luis Obispo,469,2130,1661,0.22018779342723005,2024-04-01,2024 Q2,2024-06-30,6,91,0,1,0,0,1,0,0,0,1,0,0,0,Pre-credit rolloff / pre-war,100124,94,16596,0,111,0.5129350933963395,0.4688992757717397,0.8571232900166076,0.1420720119163799,8.046980670125156e-4,0,4.953461538461538,4.564,13,0.10231435516450404,8.2,34.093333333333334,3,177.66833333333332,3,180.175,3,5.233333333333333,3,-0.007343355408717445,-0.022634768001764782,COMPLETE,28.76923076923077,5.461538461538462,6.846153846153846,5.846153846153846,70.92307692307692,21.396449704142015,61.159763313609474,171.55029585798817,17.230769230769234,13,0,0,0
2024,3,San Luis Obispo,496,2201,1705,0.22535211267605634,2024-07-01,2024 Q3,2024-09-30,7,92,0,0,1,0,1,0,0,0,1,0,0,0,Pre-credit rolloff / pre-war,99738,128,15374,0,126,0.5170079833391183,0.4686827490454703,0.8654807358556057,0.13340853870183964,0.0011107254425546686,0,4.425285714285715,4.412,14,-0.10662762193160502,8.4,31.926666666666666,3,177.11233333333334,3,175.28166666666667,3,5.4,3,-0.0031294265532216814,-0.02715878081494849,COMPLETE,27,5.3076923076923075,9,5.076923076923077,57.69230769230769,18.55621301775148,58.130177514792905,173.06508875739647,16.09467455621302,13,0,0,0
2024,4,San Luis Obispo,463,2116,1653,0.21880907372400757,2024-10-01,2024 Q4,2024-12-31,8,92,0,0,0,1,1,0,0,0,1,0,0,0,Pre-credit rolloff / pre-war,92617,181,15505,0,138,0.4802083044791003,0.40662770191038106,0.8551656002142138,0.14316316260860734,0.001671237177178841,0,4.2403076923076926,4.105,13,-0.041800243853380104,7.82,31.083333333333336,3,177.79033333333334,3,179.781,3,5.4,3,0.0038280789781248714,0.025669161064572288,COMPLETE,24.846153846153847,5.384615384615385,8.692307692307692,6.153846153846154,57.30769230769231,15.905325443786984,54.72189349112426,160.18934911242604,15.147928994082841,13,2,6000,7500
2025,1,San Luis Obispo,430,2174,1744,0.19779208831646733,2025-01-01,2025 Q1,2025-03-31,9,90,1,0,0,0,1,0,0,0,1,0,0,0,Pre-credit rolloff / pre-war,85610,68,15275,0,150,0.4294968945945143,0.3761453349578517,0.8480183847929235,0.15130803443186433,6.735807752122274e-4,0,4.388538461538461,4.585,13,0.03495755025034453,8.04,31.493333333333332,3,178.54733333333334,3,185.72533333333334,3,5.4,3,0.0042578242911595066,0.03306430230854951,COMPLETE,26.076923076923077,5.461538461538462,8,5,55,19.124260355029588,56.426035502958584,181.01775147928996,16.284023668639055,13,1,0,0
2025,2,San Luis Obispo,446,2449,2003,0.18211514904042467,2025-04-01,2025 Q2,2025-06-30,10,91,0,1,0,0,1,0,0,0,1,0,0,0,Pre-credit rolloff / pre-war,84693,62,16868,0,152,0.47184200427068673,0.4086082874939728,0.833403855426429,0.1659860464658591,6.100981077118368e-4,0,4.5673076923076925,4.36,13,0.04073548228777768,7.67,33.56666666666667,3,178.27566666666667,3,183.76566666666668,3,5.466666666666667,3,-0.0015215386396137953,-0.01055142360762129,COMPLETE,24.46153846153846,5.769230769230769,8.384615384615385,4.384615384615385,55.23076923076923,21.396449704142015,57.18343195266272,168.71005917159766,14.958579881656807,13,0,0,0
2025,3,San Luis Obispo,609,2339,1730,0.26036767849508335,2025-07-01,2025 Q3,2025-09-30,11,92,0,0,1,0,1,1,0,0,1,0,0,0,Credit-expiration pull-forward,110380,114,16595,0,149,0.5028759373352533,0.3980674960067354,0.8685252067448795,0.13057778407257906,8.970091825413687e-4,0,4.343,4.446,13,-0.049111578947368506,7.64,32.11666666666667,3,178.20466666666667,3,184.62466666666666,3,5.5,3,-3.9825962414008487e-4,0.00467443138634871,COMPLETE,27.46153846153846,5.384615384615385,12.307692307692308,8.692307692307692,68,16.09467455621302,65.13609467455622,184.4260355029586,15.905325443786984,13,0,0,0
2025,4,San Luis Obispo,338,2067,1729,0.16352201257861634,2025-10-01,2025 Q4,2025-12-31,12,92,0,0,0,1,0,0,1,0,1,0,0,0,Post-credit / pre-war,70360,119,8587,0,151,0.5716490020995117,0.500379429843422,0.8898894594389497,0.10860546884880985,0.0015050717122404068,0,4.339846153846154,4.042,13,-7.261906870471568e-4,7.24,33.4,3,178.82533333333333,3,185.69233333333332,3,5.5,2,0.003482886718267686,0.0057829036928975786,PARTIAL,20.76923076923077,3.1538461538461537,5.6923076923076925,0.23076923076923075,54.61538461538461,15.526627218934912,57.18343195266272,159.81065088757398,14.011834319526628,13,1,9800,7500
2026,1,San Luis Obispo,294,1850,1556,0.1589189189189189,2026-01-01,2026 Q1,2026-03-31,13,90,1,0,0,0,0,0,1,0,1,0.35555555555555557,1,0,War transition quarter,56856,90,7722,0,137,0.5655038040452774,0.500742252737057,0.8791983670439785,0.11940990907403971,0.0013917238819818147,0,4.591538461538462,5.711,13,0.057995675139139946,7.53,32.28666666666667,3,179.31433333333334,3,180.56266666666667,3,5.366666666666667,3,0.0027345118886958897,-0.02762454741445075,COMPLETE,33,7.307692307692308,5.307692307692308,0.6923076923076922,61.30769230769231,41.08875739644971,85.20710059171599,196.92307692307693,19.124260355029588,13,0,0,0
2026,2,San Luis Obispo,436,2125,1689,0.2051764705882353,2026-04-01,2026 Q2,2026-06-30,14,91,0,1,0,0,0,0,1,0,1,1,0,1,Full post-war quarter,75597,81,11179,0,148,0.5973611798703616,0.5192673014264826,0.870361628884258,0.12870580379244045,9.325673233015186e-4,0,5.728,5.245,13,0.247512146088122,7.14,35.25,1,178.852,3,179.806,3,5.3,2,-0.0025783400843584214,-0.004190604185435154,PARTIAL,49.84615384615385,17.46153846153846,8.076923076923077,0,79.15384615384616,38.81656804733728,153.37278106508876,234.98224852071007,23.479289940828405,13,0,0,0
2023,1,San Mateo,4560,13493,8933,0.33795301267323796,2023-01-01,2023 Q1,2023-03-31,1,90,1,0,0,0,1,0,0,1,0,0,0,0,Pre-credit rolloff / pre-war,83811,790,14684,0,90,0.5995568313441104,0.5098252505413708,0.8441456413355491,0.147897466888251,0.007956891776199829,0,4.461384615384615,4.634,13,,7.48,28.036666666666665,3,178.34199999999998,3,188.251,3,4.466666666666667,3,,,COMPLETE,28.76923076923077,6.230769230769231,2.3846153846153846,9.923076923076923,65.53846153846153,26.698224852071007,53.58579881656805,187.83431952662724,17.79881656804734,13,0,0,0
2023,2,San Mateo,3921,15775,11854,0.24855784469096673,2023-04-01,2023 Q2,2023-06-30,2,91,0,1,0,0,1,0,0,1,0,0,0,0,Pre-credit rolloff / pre-war,103367,972,15215,0,99,0.6270890141693294,0.5796125600147214,0.8646051156799438,0.12726466701239608,0.008130217307660137,0,4.6605384615384615,4.649,13,0.044639470326563124,7.81,30.253333333333334,3,178.84066666666666,3,196.347,3,4.566666666666666,3,0.0027961257957558328,0.04300641165252772,COMPLETE,27.923076923076923,5.769230769230769,4.076923076923077,9.153846153846153,64.07692307692308,24.236686390532547,56.426035502958584,176.85207100591717,17.988165680473376,13,0,0,0
2023,3,San Mateo,4823,12058,7235,0.39998341350140987,2023-07-01,2023 Q3,2023-09-30,3,92,0,0,1,0,1,0,0,1,0,0,0,0,Pre-credit rolloff / pre-war,100380,1135,17422,0,104,0.5617007323204721,0.5060241976844885,0.8439762227061386,0.14648091006162928,0.00954286723223219,0,5.02476923076923,5.699,13,0.0781520788287915,7.88,29.813333333333333,3,179.192,3,191.143,3,4.8,3,0.001964504717420823,-0.026504097337876398,COMPLETE,31.692307692307693,6.153846153846154,4.076923076923077,7.153846153846154,57.69230769230769,35.40828402366864,57.94082840236687,177.23076923076923,17.230769230769234,13,0,0,0
2023,4,San Mateo,3037,9110,6073,0.33336992316136116,2023-10-01,2023 Q4,2023-12-31,4,92,0,0,0,1,1,0,0,0.41304347826086957,0,0,0,0,Pre-credit rolloff / pre-war,86827,220,15454,0,107,0.4996243939083521,0.4510102340464971,0.8470844186885982,0.15076926078769964,0.0021463205237022076,0,4.944461538461539,4.371,13,-0.015982364287682405,8.15,30.14666666666667,3,179.22033333333334,3,188.96433333333331,3,5.033333333333333,3,1.581171778501922e-4,-0.011398098108048371,COMPLETE,28.571428571428573,5.928571428571429,4.071428571428571,6.285714285714286,56.92857142857143,30.24175824175824,52.57142857142858,156.65934065934067,15.296703296703297,14,0,0,0
2024,1,San Mateo,2959,12683,9724,0.23330442324371206,2024-01-01,2024 Q1,2024-03-31,5,91,1,0,0,0,1,0,0,0,1,0,0,0,Pre-credit rolloff / pre-war,86431,197,16389,0,109,0.4961317064173874,0.4692720618926973,0.8389974470233068,0.15909024724074666,0.0019123057359464943,0,4.493692307692307,4.801,13,-0.09116649553501988,8.22,31.163333333333334,3,178.98266666666666,3,184.34766666666667,3,5.133333333333333,3,-0.0013261144103813294,-0.024431418274700745,COMPLETE,29.23076923076923,5.461538461538462,2.769230769230769,6.153846153846154,58.76923076923077,18.93491124260355,54.34319526627219,173.63313609467457,15.526627218934912,13,0,0,0
2024,2,San Mateo,3763,15131,11368,0.24869473266803252,2024-04-01,2024 Q2,2024-06-30,6,91,0,1,0,0,1,0,0,0,1,0,0,0,Pre-credit rolloff / pre-war,100124,94,16596,0,111,0.5129350933963395,0.4688992757717397,0.8571232900166076,0.1420720119163799,8.046980670125156e-4,0,4.953461538461538,4.564,13,0.10231435516450404,8.2,34.093333333333334,3,177.66833333333332,3,180.175,3,5.233333333333333,3,-0.007343355408717445,-0.022634768001764782,COMPLETE,28.76923076923077,5.461538461538462,6.846153846153846,5.846153846153846,70.92307692307692,21.396449704142015,61.159763313609474,171.55029585798817,17.230769230769234,13,0,0,0
2024,3,San Mateo,3210,13478,10268,0.238165899985161,2024-07-01,2024 Q3,2024-09-30,7,92,0,0,1,0,1,0,0,0,1,0,0,0,Pre-credit rolloff / pre-war,99738,128,15374,0,126,0.5170079833391183,0.4686827490454703,0.8654807358556057,0.13340853870183964,0.0011107254425546686,0,4.425285714285715,4.412,14,-0.10662762193160502,8.4,31.926666666666666,3,177.11233333333334,3,175.28166666666667,3,5.4,3,-0.0031294265532216814,-0.02715878081494849,COMPLETE,27,5.3076923076923075,9,5.076923076923077,57.69230769230769,18.55621301775148,58.130177514792905,173.06508875739647,16.09467455621302,13,0,0,0
2024,4,San Mateo,3241,10801,7560,0.3000648088139987,2024-10-01,2024 Q4,2024-12-31,8,92,0,0,0,1,1,0,0,0,1,0,0,0,Pre-credit rolloff / pre-war,92617,181,15505,0,138,0.4802083044791003,0.40662770191038106,0.8551656002142138,0.14316316260860734,0.001671237177178841,0,4.2403076923076926,4.105,13,-0.041800243853380104,7.82,31.083333333333336,3,177.79033333333334,3,179.781,3,5.4,3,0.0038280789781248714,0.025669161064572288,COMPLETE,24.846153846153847,5.384615384615385,8.692307692307692,6.153846153846154,57.30769230769231,15.905325443786984,54.72189349112426,160.18934911242604,15.147928994082841,13,2,6000,7500
2025,1,San Mateo,3317,14168,10851,0.23411914172783738,2025-01-01,2025 Q1,2025-03-31,9,90,1,0,0,0,1,0,0,0,1,0,0,0,Pre-credit rolloff / pre-war,85610,68,15275,0,150,0.4294968945945143,0.3761453349578517,0.8480183847929235,0.15130803443186433,6.735807752122274e-4,0,4.388538461538461,4.585,13,0.03495755025034453,8.04,31.493333333333332,3,178.54733333333334,3,185.72533333333334,3,5.4,3,0.0042578242911595066,0.03306430230854951,COMPLETE,26.076923076923077,5.461538461538462,8,5,55,19.124260355029588,56.426035502958584,181.01775147928996,16.284023668639055,13,1,0,0
2025,2,San Mateo,3624,19152,15528,0.18922305764411027,2025-04-01,2025 Q2,2025-06-30,10,91,0,1,0,0,1,0,0,0,1,0,0,0,Pre-credit rolloff / pre-war,84693,62,16868,0,152,0.47184200427068673,0.4086082874939728,0.833403855426429,0.1659860464658591,6.100981077118368e-4,0,4.5673076923076925,4.36,13,0.04073548228777768,7.67,33.56666666666667,3,178.27566666666667,3,183.76566666666668,3,5.466666666666667,3,-0.0015215386396137953,-0.01055142360762129,COMPLETE,24.46153846153846,5.769230769230769,8.384615384615385,4.384615384615385,55.23076923076923,21.396449704142015,57.18343195266272,168.71005917159766,14.958579881656807,13,0,0,0
2025,3,San Mateo,3864,11041,7177,0.3499682999728285,2025-07-01,2025 Q3,2025-09-30,11,92,0,0,1,0,1,1,0,0,1,0,0,0,Credit-expiration pull-forward,110380,114,16595,0,149,0.5028759373352533,0.3980674960067354,0.8685252067448795,0.13057778407257906,8.970091825413687e-4,0,4.343,4.446,13,-0.049111578947368506,7.64,32.11666666666667,3,178.20466666666667,3,184.62466666666666,3,5.5,3,-3.9825962414008487e-4,0.00467443138634871,COMPLETE,27.46153846153846,5.384615384615385,12.307692307692308,8.692307692307692,68,16.09467455621302,65.13609467455622,184.4260355029586,15.905325443786984,13,0,0,0
2025,4,San Mateo,2633,14446,11813,0.18226498684757025,2025-10-01,2025 Q4,2025-12-31,12,92,0,0,0,1,0,0,1,0,1,0,0,0,Post-credit / pre-war,70360,119,8587,0,151,0.5716490020995117,0.500379429843422,0.8898894594389497,0.10860546884880985,0.0015050717122404068,0,4.339846153846154,4.042,13,-7.261906870471568e-4,7.24,33.4,3,178.82533333333333,3,185.69233333333332,3,5.5,2,0.003482886718267686,0.0057829036928975786,PARTIAL,20.76923076923077,3.1538461538461537,5.6923076923076925,0.23076923076923075,54.61538461538461,15.526627218934912,57.18343195266272,159.81065088757398,14.011834319526628,13,1,9800,7500
2026,1,San Mateo,2180,14394,12214,0.15145199388634153,2026-01-01,2026 Q1,2026-03-31,13,90,1,0,0,0,0,0,1,0,1,0.35555555555555557,1,0,War transition quarter,56856,90,7722,0,137,0.5655038040452774,0.500742252737057,0.8791983670439785,0.11940990907403971,0.0013917238819818147,0,4.591538461538462,5.711,13,0.057995675139139946,7.53,32.28666666666667,3,179.31433333333334,3,180.56266666666667,3,5.366666666666667,3,0.0027345118886958897,-0.02762454741445075,COMPLETE,33,7.307692307692308,5.307692307692308,0.6923076923076922,61.30769230769231,41.08875739644971,85.20710059171599,196.92307692307693,19.124260355029588,13,0,0,0
2026,2,San Mateo,2903,18115,15212,0.16025393320452663,2026-04-01,2026 Q2,2026-06-30,14,91,0,1,0,0,0,0,1,0,1,1,0,1,Full post-war quarter,75597,81,11179,0,148,0.5973611798703616,0.5192673014264826,0.870361628884258,0.12870580379244045,9.325673233015186e-4,0,5.728,5.245,13,0.247512146088122,7.14,35.25,1,178.852,3,179.806,3,5.3,2,-0.0025783400843584214,-0.004190604185435154,PARTIAL,49.84615384615385,17.46153846153846,8.076923076923077,0,79.15384615384616,38.81656804733728,153.37278106508876,234.98224852071007,23.479289940828405,13,0,0,0
2023,1,Santa Barbara,668,3438,2770,0.19429901105293776,2023-01-01,2023 Q1,2023-03-31,1,90,1,0,0,0,1,0,0,1,0,0,0,0,Pre-credit rolloff / pre-war,83811,790,14684,0,90,0.5995568313441104,0.5098252505413708,0.8441456413355491,0.147897466888251,0.007956891776199829,0,4.461384615384615,4.634,13,,7.48,28.036666666666665,3,178.34199999999998,3,188.251,3,4.466666666666667,3,,,COMPLETE,28.76923076923077,6.230769230769231,2.3846153846153846,9.923076923076923,65.53846153846153,26.698224852071007,53.58579881656805,187.83431952662724,17.79881656804734,13,0,0,0
2023,2,Santa Barbara,747,3673,2926,0.20337598693166348,2023-04-01,2023 Q2,2023-06-30,2,91,0,1,0,0,1,0,0,1,0,0,0,0,Pre-credit rolloff / pre-war,103367,972,15215,0,99,0.6270890141693294,0.5796125600147214,0.8646051156799438,0.12726466701239608,0.008130217307660137,0,4.6605384615384615,4.649,13,0.044639470326563124,7.81,30.253333333333334,3,178.84066666666666,3,196.347,3,4.566666666666666,3,0.0027961257957558328,0.04300641165252772,COMPLETE,27.923076923076923,5.769230769230769,4.076923076923077,9.153846153846153,64.07692307692308,24.236686390532547,56.426035502958584,176.85207100591717,17.988165680473376,13,0,0,0
2023,3,Santa Barbara,815,3542,2727,0.2300959909655562,2023-07-01,2023 Q3,2023-09-30,3,92,0,0,1,0,1,0,0,1,0,0,0,0,Pre-credit rolloff / pre-war,100380,1135,17422,0,104,0.5617007323204721,0.5060241976844885,0.8439762227061386,0.14648091006162928,0.00954286723223219,0,5.02476923076923,5.699,13,0.0781520788287915,7.88,29.813333333333333,3,179.192,3,191.143,3,4.8,3,0.001964504717420823,-0.026504097337876398,COMPLETE,31.692307692307693,6.153846153846154,4.076923076923077,7.153846153846154,57.69230769230769,35.40828402366864,57.94082840236687,177.23076923076923,17.230769230769234,13,0,0,0
2023,4,Santa Barbara,780,3422,2642,0.22793687901811807,2023-10-01,2023 Q4,2023-12-31,4,92,0,0,0,1,1,0,0,0.41304347826086957,0,0,0,0,Pre-credit rolloff / pre-war,86827,220,15454,0,107,0.4996243939083521,0.4510102340464971,0.8470844186885982,0.15076926078769964,0.0021463205237022076,0,4.944461538461539,4.371,13,-0.015982364287682405,8.15,30.14666666666667,3,179.22033333333334,3,188.96433333333331,3,5.033333333333333,3,1.581171778501922e-4,-0.011398098108048371,COMPLETE,28.571428571428573,5.928571428571429,4.071428571428571,6.285714285714286,56.92857142857143,30.24175824175824,52.57142857142858,156.65934065934067,15.296703296703297,14,0,0,0
2024,1,Santa Barbara,706,3424,2718,0.20619158878504673,2024-01-01,2024 Q1,2024-03-31,5,91,1,0,0,0,1,0,0,0,1,0,0,0,Pre-credit rolloff / pre-war,86431,197,16389,0,109,0.4961317064173874,0.4692720618926973,0.8389974470233068,0.15909024724074666,0.0019123057359464943,0,4.493692307692307,4.801,13,-0.09116649553501988,8.22,31.163333333333334,3,178.98266666666666,3,184.34766666666667,3,5.133333333333333,3,-0.0013261144103813294,-0.024431418274700745,COMPLETE,29.23076923076923,5.461538461538462,2.769230769230769,6.153846153846154,58.76923076923077,18.93491124260355,54.34319526627219,173.63313609467457,15.526627218934912,13,0,0,0
2024,2,Santa Barbara,745,3347,2602,0.22258739169405437,2024-04-01,2024 Q2,2024-06-30,6,91,0,1,0,0,1,0,0,0,1,0,0,0,Pre-credit rolloff / pre-war,100124,94,16596,0,111,0.5129350933963395,0.4688992757717397,0.8571232900166076,0.1420720119163799,8.046980670125156e-4,0,4.953461538461538,4.564,13,0.10231435516450404,8.2,34.093333333333334,3,177.66833333333332,3,180.175,3,5.233333333333333,3,-0.007343355408717445,-0.022634768001764782,COMPLETE,28.76923076923077,5.461538461538462,6.846153846153846,5.846153846153846,70.92307692307692,21.396449704142015,61.159763313609474,171.55029585798817,17.230769230769234,13,0,0,0
2024,3,Santa Barbara,825,3605,2780,0.2288488210818308,2024-07-01,2024 Q3,2024-09-30,7,92,0,0,1,0,1,0,0,0,1,0,0,0,Pre-credit rolloff / pre-war,99738,128,15374,0,126,0.5170079833391183,0.4686827490454703,0.8654807358556057,0.13340853870183964,0.0011107254425546686,0,4.425285714285715,4.412,14,-0.10662762193160502,8.4,31.926666666666666,3,177.11233333333334,3,175.28166666666667,3,5.4,3,-0.0031294265532216814,-0.02715878081494849,COMPLETE,27,5.3076923076923075,9,5.076923076923077,57.69230769230769,18.55621301775148,58.130177514792905,173.06508875739647,16.09467455621302,13,0,0,0
2024,4,Santa Barbara,801,3510,2709,0.2282051282051282,2024-10-01,2024 Q4,2024-12-31,8,92,0,0,0,1,1,0,0,0,1,0,0,0,Pre-credit rolloff / pre-war,92617,181,15505,0,138,0.4802083044791003,0.40662770191038106,0.8551656002142138,0.14316316260860734,0.001671237177178841,0,4.2403076923076926,4.105,13,-0.041800243853380104,7.82,31.083333333333336,3,177.79033333333334,3,179.781,3,5.4,3,0.0038280789781248714,0.025669161064572288,COMPLETE,24.846153846153847,5.384615384615385,8.692307692307692,6.153846153846154,57.30769230769231,15.905325443786984,54.72189349112426,160.18934911242604,15.147928994082841,13,2,6000,7500
2025,1,Santa Barbara,698,3419,2721,0.20415326118748173,2025-01-01,2025 Q1,2025-03-31,9,90,1,0,0,0,1,0,0,0,1,0,0,0,Pre-credit rolloff / pre-war,85610,68,15275,0,150,0.4294968945945143,0.3761453349578517,0.8480183847929235,0.15130803443186433,6.735807752122274e-4,0,4.388538461538461,4.585,13,0.03495755025034453,8.04,31.493333333333332,3,178.54733333333334,3,185.72533333333334,3,5.4,3,0.0042578242911595066,0.03306430230854951,COMPLETE,26.076923076923077,5.461538461538462,8,5,55,19.124260355029588,56.426035502958584,181.01775147928996,16.284023668639055,13,1,0,0
2025,2,Santa Barbara,718,3732,3014,0.19239013933547697,2025-04-01,2025 Q2,2025-06-30,10,91,0,1,0,0,1,0,0,0,1,0,0,0,Pre-credit rolloff / pre-war,84693,62,16868,0,152,0.47184200427068673,0.4086082874939728,0.833403855426429,0.1659860464658591,6.100981077118368e-4,0,4.5673076923076925,4.36,13,0.04073548228777768,7.67,33.56666666666667,3,178.27566666666667,3,183.76566666666668,3,5.466666666666667,3,-0.0015215386396137953,-0.01055142360762129,COMPLETE,24.46153846153846,5.769230769230769,8.384615384615385,4.384615384615385,55.23076923076923,21.396449704142015,57.18343195266272,168.71005917159766,14.958579881656807,13,0,0,0
2025,3,Santa Barbara,866,3551,2685,0.24387496479864826,2025-07-01,2025 Q3,2025-09-30,11,92,0,0,1,0,1,1,0,0,1,0,0,0,Credit-expiration pull-forward,110380,114,16595,0,149,0.5028759373352533,0.3980674960067354,0.8685252067448795,0.13057778407257906,8.970091825413687e-4,0,4.343,4.446,13,-0.049111578947368506,7.64,32.11666666666667,3,178.20466666666667,3,184.62466666666666,3,5.5,3,-3.9825962414008487e-4,0.00467443138634871,COMPLETE,27.46153846153846,5.384615384615385,12.307692307692308,8.692307692307692,68,16.09467455621302,65.13609467455622,184.4260355029586,15.905325443786984,13,0,0,0
2025,4,Santa Barbara,582,3414,2832,0.1704745166959578,2025-10-01,2025 Q4,2025-12-31,12,92,0,0,0,1,0,0,1,0,1,0,0,0,Post-credit / pre-war,70360,119,8587,0,151,0.5716490020995117,0.500379429843422,0.8898894594389497,0.10860546884880985,0.0015050717122404068,0,4.339846153846154,4.042,13,-7.261906870471568e-4,7.24,33.4,3,178.82533333333333,3,185.69233333333332,3,5.5,2,0.003482886718267686,0.0057829036928975786,PARTIAL,20.76923076923077,3.1538461538461537,5.6923076923076925,0.23076923076923075,54.61538461538461,15.526627218934912,57.18343195266272,159.81065088757398,14.011834319526628,13,1,9800,7500
2026,1,Santa Barbara,461,3165,2704,0.1456556082148499,2026-01-01,2026 Q1,2026-03-31,13,90,1,0,0,0,0,0,1,0,1,0.35555555555555557,1,0,War transition quarter,56856,90,7722,0,137,0.5655038040452774,0.500742252737057,0.8791983670439785,0.11940990907403971,0.0013917238819818147,0,4.591538461538462,5.711,13,0.057995675139139946,7.53,32.28666666666667,3,179.31433333333334,3,180.56266666666667,3,5.366666666666667,3,0.0027345118886958897,-0.02762454741445075,COMPLETE,33,7.307692307692308,5.307692307692308,0.6923076923076922,61.30769230769231,41.08875739644971,85.20710059171599,196.92307692307693,19.124260355029588,13,0,0,0
2026,2,Santa Barbara,601,3397,2796,0.1769208124816014,2026-04-01,2026 Q2,2026-06-30,14,91,0,1,0,0,0,0,1,0,1,1,0,1,Full post-war quarter,75597,81,11179,0,148,0.5973611798703616,0.5192673014264826,0.870361628884258,0.12870580379244045,9.325673233015186e-4,0,5.728,5.245,13,0.247512146088122,7.14,35.25,1,178.852,3,179.806,3,5.3,2,-0.0025783400843584214,-0.004190604185435154,PARTIAL,49.84615384615385,17.46153846153846,8.076923076923077,0,79.15384615384616,38.81656804733728,153.37278106508876,234.98224852071007,23.479289940828405,13,0,0,0
2023,1,Santa Clara,9455,21801,12346,0.4336957020320169,2023-01-01,2023 Q1,2023-03-31,1,90,1,0,0,0,1,0,0,1,0,0,0,0,Pre-credit rolloff / pre-war,83811,790,14684,0,90,0.5995568313441104,0.5098252505413708,0.8441456413355491,0.147897466888251,0.007956891776199829,0,4.461384615384615,4.634,13,,7.48,28.036666666666665,3,178.34199999999998,3,188.251,3,4.466666666666667,3,,,COMPLETE,28.76923076923077,6.230769230769231,2.3846153846153846,9.923076923076923,65.53846153846153,26.698224852071007,53.58579881656805,187.83431952662724,17.79881656804734,13,0,0,0
2023,2,Santa Clara,10190,23601,13411,0.4317613660438117,2023-04-01,2023 Q2,2023-06-30,2,91,0,1,0,0,1,0,0,1,0,0,0,0,Pre-credit rolloff / pre-war,103367,972,15215,0,99,0.6270890141693294,0.5796125600147214,0.8646051156799438,0.12726466701239608,0.008130217307660137,0,4.6605384615384615,4.649,13,0.044639470326563124,7.81,30.253333333333334,3,178.84066666666666,3,196.347,3,4.566666666666666,3,0.0027961257957558328,0.04300641165252772,COMPLETE,27.923076923076923,5.769230769230769,4.076923076923077,9.153846153846153,64.07692307692308,24.236686390532547,56.426035502958584,176.85207100591717,17.988165680473376,13,0,0,0
2023,3,Santa Clara,10287,23814,13527,0.43197278911564624,2023-07-01,2023 Q3,2023-09-30,3,92,0,0,1,0,1,0,0,1,0,0,0,0,Pre-credit rolloff / pre-war,100380,1135,17422,0,104,0.5617007323204721,0.5060241976844885,0.8439762227061386,0.14648091006162928,0.00954286723223219,0,5.02476923076923,5.699,13,0.0781520788287915,7.88,29.813333333333333,3,179.192,3,191.143,3,4.8,3,0.001964504717420823,-0.026504097337876398,COMPLETE,31.692307692307693,6.153846153846154,4.076923076923077,7.153846153846154,57.69230769230769,35.40828402366864,57.94082840236687,177.23076923076923,17.230769230769234,13,0,0,0
2023,4,Santa Clara,8348,20839,12491,0.40059503814962333,2023-10-01,2023 Q4,2023-12-31,4,92,0,0,0,1,1,0,0,0.41304347826086957,0,0,0,0,Pre-credit rolloff / pre-war,86827,220,15454,0,107,0.4996243939083521,0.4510102340464971,0.8470844186885982,0.15076926078769964,0.0021463205237022076,0,4.944461538461539,4.371,13,-0.015982364287682405,8.15,30.14666666666667,3,179.22033333333334,3,188.96433333333331,3,5.033333333333333,3,1.581171778501922e-4,-0.011398098108048371,COMPLETE,28.571428571428573,5.928571428571429,4.071428571428571,6.285714285714286,56.92857142857143,30.24175824175824,52.57142857142858,156.65934065934067,15.296703296703297,14,0,0,0
2024,1,Santa Clara,8942,21661,12719,0.41281565948017174,2024-01-01,2024 Q1,2024-03-31,5,91,1,0,0,0,1,0,0,0,1,0,0,0,Pre-credit rolloff / pre-war,86431,197,16389,0,109,0.4961317064173874,0.4692720618926973,0.8389974470233068,0.15909024724074666,0.0019123057359464943,0,4.493692307692307,4.801,13,-0.09116649553501988,8.22,31.163333333333334,3,178.98266666666666,3,184.34766666666667,3,5.133333333333333,3,-0.0013261144103813294,-0.024431418274700745,COMPLETE,29.23076923076923,5.461538461538462,2.769230769230769,6.153846153846154,58.76923076923077,18.93491124260355,54.34319526627219,173.63313609467457,15.526627218934912,13,0,0,0
2024,2,Santa Clara,9382,21704,12322,0.43227054920751934,2024-04-01,2024 Q2,2024-06-30,6,91,0,1,0,0,1,0,0,0,1,0,0,0,Pre-credit rolloff / pre-war,100124,94,16596,0,111,0.5129350933963395,0.4688992757717397,0.8571232900166076,0.1420720119163799,8.046980670125156e-4,0,4.953461538461538,4.564,13,0.10231435516450404,8.2,34.093333333333334,3,177.66833333333332,3,180.175,3,5.233333333333333,3,-0.007343355408717445,-0.022634768001764782,COMPLETE,28.76923076923077,5.461538461538462,6.846153846153846,5.846153846153846,70.92307692307692,21.396449704142015,61.159763313609474,171.55029585798817,17.230769230769234,13,0,0,0
2024,3,Santa Clara,10579,24179,13600,0.43752843376483724,2024-07-01,2024 Q3,2024-09-30,7,92,0,0,1,0,1,0,0,0,1,0,0,0,Pre-credit rolloff / pre-war,99738,128,15374,0,126,0.5170079833391183,0.4686827490454703,0.8654807358556057,0.13340853870183964,0.0011107254425546686,0,4.425285714285715,4.412,14,-0.10662762193160502,8.4,31.926666666666666,3,177.11233333333334,3,175.28166666666667,3,5.4,3,-0.0031294265532216814,-0.02715878081494849,COMPLETE,27,5.3076923076923075,9,5.076923076923077,57.69230769230769,18.55621301775148,58.130177514792905,173.06508875739647,16.09467455621302,13,0,0,0
2024,4,Santa Clara,9613,22538,12925,0.42652409264353536,2024-10-01,2024 Q4,2024-12-31,8,92,0,0,0,1,1,0,0,0,1,0,0,0,Pre-credit rolloff / pre-war,92617,181,15505,0,138,0.4802083044791003,0.40662770191038106,0.8551656002142138,0.14316316260860734,0.001671237177178841,0,4.2403076923076926,4.105,13,-0.041800243853380104,7.82,31.083333333333336,3,177.79033333333334,3,179.781,3,5.4,3,0.0038280789781248714,0.025669161064572288,COMPLETE,24.846153846153847,5.384615384615385,8.692307692307692,6.153846153846154,57.30769230769231,15.905325443786984,54.72189349112426,160.18934911242604,15.147928994082841,13,2,6000,7500
2025,1,Santa Clara,8613,21388,12775,0.4027024499719469,2025-01-01,2025 Q1,2025-03-31,9,90,1,0,0,0,1,0,0,0,1,0,0,0,Pre-credit rolloff / pre-war,85610,68,15275,0,150,0.4294968945945143,0.3761453349578517,0.8480183847929235,0.15130803443186433,6.735807752122274e-4,0,4.388538461538461,4.585,13,0.03495755025034453,8.04,31.493333333333332,3,178.54733333333334,3,185.72533333333334,3,5.4,3,0.0042578242911595066,0.03306430230854951,COMPLETE,26.076923076923077,5.461538461538462,8,5,55,19.124260355029588,56.426035502958584,181.01775147928996,16.284023668639055,13,1,0,0
2025,2,Santa Clara,8000,22148,14148,0.36120642947444465,2025-04-01,2025 Q2,2025-06-30,10,91,0,1,0,0,1,0,0,0,1,0,0,0,Pre-credit rolloff / pre-war,84693,62,16868,0,152,0.47184200427068673,0.4086082874939728,0.833403855426429,0.1659860464658591,6.100981077118368e-4,0,4.5673076923076925,4.36,13,0.04073548228777768,7.67,33.56666666666667,3,178.27566666666667,3,183.76566666666668,3,5.466666666666667,3,-0.0015215386396137953,-0.01055142360762129,COMPLETE,24.46153846153846,5.769230769230769,8.384615384615385,4.384615384615385,55.23076923076923,21.396449704142015,57.18343195266272,168.71005917159766,14.958579881656807,13,0,0,0
2025,3,Santa Clara,11167,24144,12977,0.46251656726308815,2025-07-01,2025 Q3,2025-09-30,11,92,0,0,1,0,1,1,0,0,1,0,0,0,Credit-expiration pull-forward,110380,114,16595,0,149,0.5028759373352533,0.3980674960067354,0.8685252067448795,0.13057778407257906,8.970091825413687e-4,0,4.343,4.446,13,-0.049111578947368506,7.64,32.11666666666667,3,178.20466666666667,3,184.62466666666666,3,5.5,3,-3.9825962414008487e-4,0.00467443138634871,COMPLETE,27.46153846153846,5.384615384615385,12.307692307692308,8.692307692307692,68,16.09467455621302,65.13609467455622,184.4260355029586,15.905325443786984,13,0,0,0
2025,4,Santa Clara,9293,22513,13220,0.41278372495891263,2025-10-01,2025 Q4,2025-12-31,12,92,0,0,0,1,0,0,1,0,1,0,0,0,Post-credit / pre-war,70360,119,8587,0,151,0.5716490020995117,0.500379429843422,0.8898894594389497,0.10860546884880985,0.0015050717122404068,0,4.339846153846154,4.042,13,-7.261906870471568e-4,7.24,33.4,3,178.82533333333333,3,185.69233333333332,3,5.5,2,0.003482886718267686,0.0057829036928975786,PARTIAL,20.76923076923077,3.1538461538461537,5.6923076923076925,0.23076923076923075,54.61538461538461,15.526627218934912,57.18343195266272,159.81065088757398,14.011834319526628,13,1,9800,7500
2026,1,Santa Clara,6777,19466,12689,0.3481454844343984,2026-01-01,2026 Q1,2026-03-31,13,90,1,0,0,0,0,0,1,0,1,0.35555555555555557,1,0,War transition quarter,56856,90,7722,0,137,0.5655038040452774,0.500742252737057,0.8791983670439785,0.11940990907403971,0.0013917238819818147,0,4.591538461538462,5.711,13,0.057995675139139946,7.53,32.28666666666667,3,179.31433333333334,3,180.56266666666667,3,5.366666666666667,3,0.0027345118886958897,-0.02762454741445075,COMPLETE,33,7.307692307692308,5.307692307692308,0.6923076923076922,61.30769230769231,41.08875739644971,85.20710059171599,196.92307692307693,19.124260355029588,13,0,0,0
2026,2,Santa Clara,7834,20452,12618,0.3830432231566595,2026-04-01,2026 Q2,2026-06-30,14,91,0,1,0,0,0,0,1,0,1,1,0,1,Full post-war quarter,75597,81,11179,0,148,0.5973611798703616,0.5192673014264826,0.870361628884258,0.12870580379244045,9.325673233015186e-4,0,5.728,5.245,13,0.247512146088122,7.14,35.25,1,178.852,3,179.806,3,5.3,2,-0.0025783400843584214,-0.004190604185435154,PARTIAL,49.84615384615385,17.46153846153846,8.076923076923077,0,79.15384615384616,38.81656804733728,153.37278106508876,234.98224852071007,23.479289940828405,13,0,0,0
2023,1,Santa Cruz,473,1825,1352,0.25917808219178085,2023-01-01,2023 Q1,2023-03-31,1,90,1,0,0,0,1,0,0,1,0,0,0,0,Pre-credit rolloff / pre-war,83811,790,14684,0,90,0.5995568313441104,0.5098252505413708,0.8441456413355491,0.147897466888251,0.007956891776199829,0,4.461384615384615,4.634,13,,7.48,28.036666666666665,3,178.34199999999998,3,188.251,3,4.466666666666667,3,,,COMPLETE,28.76923076923077,6.230769230769231,2.3846153846153846,9.923076923076923,65.53846153846153,26.698224852071007,53.58579881656805,187.83431952662724,17.79881656804734,13,0,0,0
2023,2,Santa Cruz,495,1866,1371,0.2652733118971061,2023-04-01,2023 Q2,2023-06-30,2,91,0,1,0,0,1,0,0,1,0,0,0,0,Pre-credit rolloff / pre-war,103367,972,15215,0,99,0.6270890141693294,0.5796125600147214,0.8646051156799438,0.12726466701239608,0.008130217307660137,0,4.6605384615384615,4.649,13,0.044639470326563124,7.81,30.253333333333334,3,178.84066666666666,3,196.347,3,4.566666666666666,3,0.0027961257957558328,0.04300641165252772,COMPLETE,27.923076923076923,5.769230769230769,4.076923076923077,9.153846153846153,64.07692307692308,24.236686390532547,56.426035502958584,176.85207100591717,17.988165680473376,13,0,0,0
2023,3,Santa Cruz,570,2032,1462,0.28051181102362205,2023-07-01,2023 Q3,2023-09-30,3,92,0,0,1,0,1,0,0,1,0,0,0,0,Pre-credit rolloff / pre-war,100380,1135,17422,0,104,0.5617007323204721,0.5060241976844885,0.8439762227061386,0.14648091006162928,0.00954286723223219,0,5.02476923076923,5.699,13,0.0781520788287915,7.88,29.813333333333333,3,179.192,3,191.143,3,4.8,3,0.001964504717420823,-0.026504097337876398,COMPLETE,31.692307692307693,6.153846153846154,4.076923076923077,7.153846153846154,57.69230769230769,35.40828402366864,57.94082840236687,177.23076923076923,17.230769230769234,13,0,0,0
2023,4,Santa Cruz,496,1786,1290,0.2777155655095185,2023-10-01,2023 Q4,2023-12-31,4,92,0,0,0,1,1,0,0,0.41304347826086957,0,0,0,0,Pre-credit rolloff / pre-war,86827,220,15454,0,107,0.4996243939083521,0.4510102340464971,0.8470844186885982,0.15076926078769964,0.0021463205237022076,0,4.944461538461539,4.371,13,-0.015982364287682405,8.15,30.14666666666667,3,179.22033333333334,3,188.96433333333331,3,5.033333333333333,3,1.581171778501922e-4,-0.011398098108048371,COMPLETE,28.571428571428573,5.928571428571429,4.071428571428571,6.285714285714286,56.92857142857143,30.24175824175824,52.57142857142858,156.65934065934067,15.296703296703297,14,0,0,0
2024,1,Santa Cruz,477,1853,1376,0.2574203993524015,2024-01-01,2024 Q1,2024-03-31,5,91,1,0,0,0,1,0,0,0,1,0,0,0,Pre-credit rolloff / pre-war,86431,197,16389,0,109,0.4961317064173874,0.4692720618926973,0.8389974470233068,0.15909024724074666,0.0019123057359464943,0,4.493692307692307,4.801,13,-0.09116649553501988,8.22,31.163333333333334,3,178.98266666666666,3,184.34766666666667,3,5.133333333333333,3,-0.0013261144103813294,-0.024431418274700745,COMPLETE,29.23076923076923,5.461538461538462,2.769230769230769,6.153846153846154,58.76923076923077,18.93491124260355,54.34319526627219,173.63313609467457,15.526627218934912,13,0,0,0
2024,2,Santa Cruz,473,1803,1330,0.26234054353854686,2024-04-01,2024 Q2,2024-06-30,6,91,0,1,0,0,1,0,0,0,1,0,0,0,Pre-credit rolloff / pre-war,100124,94,16596,0,111,0.5129350933963395,0.4688992757717397,0.8571232900166076,0.1420720119163799,8.046980670125156e-4,0,4.953461538461538,4.564,13,0.10231435516450404,8.2,34.093333333333334,3,177.66833333333332,3,180.175,3,5.233333333333333,3,-0.007343355408717445,-0.022634768001764782,COMPLETE,28.76923076923077,5.461538461538462,6.846153846153846,5.846153846153846,70.92307692307692,21.396449704142015,61.159763313609474,171.55029585798817,17.230769230769234,13,0,0,0
2024,3,Santa Cruz,475,1751,1276,0.2712735579668761,2024-07-01,2024 Q3,2024-09-30,7,92,0,0,1,0,1,0,0,0,1,0,0,0,Pre-credit rolloff / pre-war,99738,128,15374,0,126,0.5170079833391183,0.4686827490454703,0.8654807358556057,0.13340853870183964,0.0011107254425546686,0,4.425285714285715,4.412,14,-0.10662762193160502,8.4,31.926666666666666,3,177.11233333333334,3,175.28166666666667,3,5.4,3,-0.0031294265532216814,-0.02715878081494849,COMPLETE,27,5.3076923076923075,9,5.076923076923077,57.69230769230769,18.55621301775148,58.130177514792905,173.06508875739647,16.09467455621302,13,0,0,0
2024,4,Santa Cruz,466,1782,1316,0.2615039281705948,2024-10-01,2024 Q4,2024-12-31,8,92,0,0,0,1,1,0,0,0,1,0,0,0,Pre-credit rolloff / pre-war,92617,181,15505,0,138,0.4802083044791003,0.40662770191038106,0.8551656002142138,0.14316316260860734,0.001671237177178841,0,4.2403076923076926,4.105,13,-0.041800243853380104,7.82,31.083333333333336,3,177.79033333333334,3,179.781,3,5.4,3,0.0038280789781248714,0.025669161064572288,COMPLETE,24.846153846153847,5.384615384615385,8.692307692307692,6.153846153846154,57.30769230769231,15.905325443786984,54.72189349112426,160.18934911242604,15.147928994082841,13,2,6000,7500
2025,1,Santa Cruz,458,1852,1394,0.2473002159827214,2025-01-01,2025 Q1,2025-03-31,9,90,1,0,0,0,1,0,0,0,1,0,0,0,Pre-credit rolloff / pre-war,85610,68,15275,0,150,0.4294968945945143,0.3761453349578517,0.8480183847929235,0.15130803443186433,6.735807752122274e-4,0,4.388538461538461,4.585,13,0.03495755025034453,8.04,31.493333333333332,3,178.54733333333334,3,185.72533333333334,3,5.4,3,0.0042578242911595066,0.03306430230854951,COMPLETE,26.076923076923077,5.461538461538462,8,5,55,19.124260355029588,56.426035502958584,181.01775147928996,16.284023668639055,13,1,0,0
2025,2,Santa Cruz,391,1854,1463,0.21089536138079829,2025-04-01,2025 Q2,2025-06-30,10,91,0,1,0,0,1,0,0,0,1,0,0,0,Pre-credit rolloff / pre-war,84693,62,16868,0,152,0.47184200427068673,0.4086082874939728,0.833403855426429,0.1659860464658591,6.100981077118368e-4,0,4.5673076923076925,4.36,13,0.04073548228777768,7.67,33.56666666666667,3,178.27566666666667,3,183.76566666666668,3,5.466666666666667,3,-0.0015215386396137953,-0.01055142360762129,COMPLETE,24.46153846153846,5.769230769230769,8.384615384615385,4.384615384615385,55.23076923076923,21.396449704142015,57.18343195266272,168.71005917159766,14.958579881656807,13,0,0,0
2025,3,Santa Cruz,525,1791,1266,0.2931323283082077,2025-07-01,2025 Q3,2025-09-30,11,92,0,0,1,0,1,1,0,0,1,0,0,0,Credit-expiration pull-forward,110380,114,16595,0,149,0.5028759373352533,0.3980674960067354,0.8685252067448795,0.13057778407257906,8.970091825413687e-4,0,4.343,4.446,13,-0.049111578947368506,7.64,32.11666666666667,3,178.20466666666667,3,184.62466666666666,3,5.5,3,-3.9825962414008487e-4,0.00467443138634871,COMPLETE,27.46153846153846,5.384615384615385,12.307692307692308,8.692307692307692,68,16.09467455621302,65.13609467455622,184.4260355029586,15.905325443786984,13,0,0,0
2025,4,Santa Cruz,312,1641,1329,0.19012797074954296,2025-10-01,2025 Q4,2025-12-31,12,92,0,0,0,1,0,0,1,0,1,0,0,0,Post-credit / pre-war,70360,119,8587,0,151,0.5716490020995117,0.500379429843422,0.8898894594389497,0.10860546884880985,0.0015050717122404068,0,4.339846153846154,4.042,13,-7.261906870471568e-4,7.24,33.4,3,178.82533333333333,3,185.69233333333332,3,5.5,2,0.003482886718267686,0.0057829036928975786,PARTIAL,20.76923076923077,3.1538461538461537,5.6923076923076925,0.23076923076923075,54.61538461538461,15.526627218934912,57.18343195266272,159.81065088757398,14.011834319526628,13,1,9800,7500
2026,1,Santa Cruz,253,1392,1139,0.1817528735632184,2026-01-01,2026 Q1,2026-03-31,13,90,1,0,0,0,0,0,1,0,1,0.35555555555555557,1,0,War transition quarter,56856,90,7722,0,137,0.5655038040452774,0.500742252737057,0.8791983670439785,0.11940990907403971,0.0013917238819818147,0,4.591538461538462,5.711,13,0.057995675139139946,7.53,32.28666666666667,3,179.31433333333334,3,180.56266666666667,3,5.366666666666667,3,0.0027345118886958897,-0.02762454741445075,COMPLETE,33,7.307692307692308,5.307692307692308,0.6923076923076922,61.30769230769231,41.08875739644971,85.20710059171599,196.92307692307693,19.124260355029588,13,0,0,0
2026,2,Santa Cruz,372,1571,1199,0.23679185232336092,2026-04-01,2026 Q2,2026-06-30,14,91,0,1,0,0,0,0,1,0,1,1,0,1,Full post-war quarter,75597,81,11179,0,148,0.5973611798703616,0.5192673014264826,0.870361628884258,0.12870580379244045,9.325673233015186e-4,0,5.728,5.245,13,0.247512146088122,7.14,35.25,1,178.852,3,179.806,3,5.3,2,-0.0025783400843584214,-0.004190604185435154,PARTIAL,49.84615384615385,17.46153846153846,8.076923076923077,0,79.15384615384616,38.81656804733728,153.37278106508876,234.98224852071007,23.479289940828405,13,0,0,0
2023,1,Shasta,109,1171,1062,0.09308283518360376,2023-01-01,2023 Q1,2023-03-31,1,90,1,0,0,0,1,0,0,1,0,0,0,0,Pre-credit rolloff / pre-war,83811,790,14684,0,90,0.5995568313441104,0.5098252505413708,0.8441456413355491,0.147897466888251,0.007956891776199829,0,4.461384615384615,4.634,13,,7.48,28.036666666666665,3,178.34199999999998,3,188.251,3,4.466666666666667,3,,,COMPLETE,28.76923076923077,6.230769230769231,2.3846153846153846,9.923076923076923,65.53846153846153,26.698224852071007,53.58579881656805,187.83431952662724,17.79881656804734,13,0,0,0
2023,2,Shasta,107,1248,1141,0.08573717948717949,2023-04-01,2023 Q2,2023-06-30,2,91,0,1,0,0,1,0,0,1,0,0,0,0,Pre-credit rolloff / pre-war,103367,972,15215,0,99,0.6270890141693294,0.5796125600147214,0.8646051156799438,0.12726466701239608,0.008130217307660137,0,4.6605384615384615,4.649,13,0.044639470326563124,7.81,30.253333333333334,3,178.84066666666666,3,196.347,3,4.566666666666666,3,0.0027961257957558328,0.04300641165252772,COMPLETE,27.923076923076923,5.769230769230769,4.076923076923077,9.153846153846153,64.07692307692308,24.236686390532547,56.426035502958584,176.85207100591717,17.988165680473376,13,0,0,0
2023,3,Shasta,136,1190,1054,0.11428571428571428,2023-07-01,2023 Q3,2023-09-30,3,92,0,0,1,0,1,0,0,1,0,0,0,0,Pre-credit rolloff / pre-war,100380,1135,17422,0,104,0.5617007323204721,0.5060241976844885,0.8439762227061386,0.14648091006162928,0.00954286723223219,0,5.02476923076923,5.699,13,0.0781520788287915,7.88,29.813333333333333,3,179.192,3,191.143,3,4.8,3,0.001964504717420823,-0.026504097337876398,COMPLETE,31.692307692307693,6.153846153846154,4.076923076923077,7.153846153846154,57.69230769230769,35.40828402366864,57.94082840236687,177.23076923076923,17.230769230769234,13,0,0,0
2023,4,Shasta,121,1080,959,0.11203703703703703,2023-10-01,2023 Q4,2023-12-31,4,92,0,0,0,1,1,0,0,0.41304347826086957,0,0,0,0,Pre-credit rolloff / pre-war,86827,220,15454,0,107,0.4996243939083521,0.4510102340464971,0.8470844186885982,0.15076926078769964,0.0021463205237022076,0,4.944461538461539,4.371,13,-0.015982364287682405,8.15,30.14666666666667,3,179.22033333333334,3,188.96433333333331,3,5.033333333333333,3,1.581171778501922e-4,-0.011398098108048371,COMPLETE,28.571428571428573,5.928571428571429,4.071428571428571,6.285714285714286,56.92857142857143,30.24175824175824,52.57142857142858,156.65934065934067,15.296703296703297,14,0,0,0
2024,1,Shasta,107,1042,935,0.10268714011516315,2024-01-01,2024 Q1,2024-03-31,5,91,1,0,0,0,1,0,0,0,1,0,0,0,Pre-credit rolloff / pre-war,86431,197,16389,0,109,0.4961317064173874,0.4692720618926973,0.8389974470233068,0.15909024724074666,0.0019123057359464943,0,4.493692307692307,4.801,13,-0.09116649553501988,8.22,31.163333333333334,3,178.98266666666666,3,184.34766666666667,3,5.133333333333333,3,-0.0013261144103813294,-0.024431418274700745,COMPLETE,29.23076923076923,5.461538461538462,2.769230769230769,6.153846153846154,58.76923076923077,18.93491124260355,54.34319526627219,173.63313609467457,15.526627218934912,13,0,0,0
2024,2,Shasta,117,1078,961,0.10853432282003711,2024-04-01,2024 Q2,2024-06-30,6,91,0,1,0,0,1,0,0,0,1,0,0,0,Pre-credit rolloff / pre-war,100124,94,16596,0,111,0.5129350933963395,0.4688992757717397,0.8571232900166076,0.1420720119163799,8.046980670125156e-4,0,4.953461538461538,4.564,13,0.10231435516450404,8.2,34.093333333333334,3,177.66833333333332,3,180.175,3,5.233333333333333,3,-0.007343355408717445,-0.022634768001764782,COMPLETE,28.76923076923077,5.461538461538462,6.846153846153846,5.846153846153846,70.92307692307692,21.396449704142015,61.159763313609474,171.55029585798817,17.230769230769234,13,0,0,0
2024,3,Shasta,127,1053,926,0.12060778727445394,2024-07-01,2024 Q3,2024-09-30,7,92,0,0,1,0,1,0,0,0,1,0,0,0,Pre-credit rolloff / pre-war,99738,128,15374,0,126,0.5170079833391183,0.4686827490454703,0.8654807358556057,0.13340853870183964,0.0011107254425546686,0,4.425285714285715,4.412,14,-0.10662762193160502,8.4,31.926666666666666,3,177.11233333333334,3,175.28166666666667,3,5.4,3,-0.0031294265532216814,-0.02715878081494849,COMPLETE,27,5.3076923076923075,9,5.076923076923077,57.69230769230769,18.55621301775148,58.130177514792905,173.06508875739647,16.09467455621302,13,0,0,0
2024,4,Shasta,114,1089,975,0.1046831955922865,2024-10-01,2024 Q4,2024-12-31,8,92,0,0,0,1,1,0,0,0,1,0,0,0,Pre-credit rolloff / pre-war,92617,181,15505,0,138,0.4802083044791003,0.40662770191038106,0.8551656002142138,0.14316316260860734,0.001671237177178841,0,4.2403076923076926,4.105,13,-0.041800243853380104,7.82,31.083333333333336,3,177.79033333333334,3,179.781,3,5.4,3,0.0038280789781248714,0.025669161064572288,COMPLETE,24.846153846153847,5.384615384615385,8.692307692307692,6.153846153846154,57.30769230769231,15.905325443786984,54.72189349112426,160.18934911242604,15.147928994082841,13,2,6000,7500
2025,1,Shasta,114,1151,1037,0.09904430929626412,2025-01-01,2025 Q1,2025-03-31,9,90,1,0,0,0,1,0,0,0,1,0,0,0,Pre-credit rolloff / pre-war,85610,68,15275,0,150,0.4294968945945143,0.3761453349578517,0.8480183847929235,0.15130803443186433,6.735807752122274e-4,0,4.388538461538461,4.585,13,0.03495755025034453,8.04,31.493333333333332,3,178.54733333333334,3,185.72533333333334,3,5.4,3,0.0042578242911595066,0.03306430230854951,COMPLETE,26.076923076923077,5.461538461538462,8,5,55,19.124260355029588,56.426035502958584,181.01775147928996,16.284023668639055,13,1,0,0
2025,2,Shasta,108,1202,1094,0.08985024958402663,2025-04-01,2025 Q2,2025-06-30,10,91,0,1,0,0,1,0,0,0,1,0,0,0,Pre-credit rolloff / pre-war,84693,62,16868,0,152,0.47184200427068673,0.4086082874939728,0.833403855426429,0.1659860464658591,6.100981077118368e-4,0,4.5673076923076925,4.36,13,0.04073548228777768,7.67,33.56666666666667,3,178.27566666666667,3,183.76566666666668,3,5.466666666666667,3,-0.0015215386396137953,-0.01055142360762129,COMPLETE,24.46153846153846,5.769230769230769,8.384615384615385,4.384615384615385,55.23076923076923,21.396449704142015,57.18343195266272,168.71005917159766,14.958579881656807,13,0,0,0
2025,3,Shasta,169,1195,1026,0.1414225941422594,2025-07-01,2025 Q3,2025-09-30,11,92,0,0,1,0,1,1,0,0,1,0,0,0,Credit-expiration pull-forward,110380,114,16595,0,149,0.5028759373352533,0.3980674960067354,0.8685252067448795,0.13057778407257906,8.970091825413687e-4,0,4.343,4.446,13,-0.049111578947368506,7.64,32.11666666666667,3,178.20466666666667,3,184.62466666666666,3,5.5,3,-3.9825962414008487e-4,0.00467443138634871,COMPLETE,27.46153846153846,5.384615384615385,12.307692307692308,8.692307692307692,68,16.09467455621302,65.13609467455622,184.4260355029586,15.905325443786984,13,0,0,0
2025,4,Shasta,111,1078,967,0.10296846011131726,2025-10-01,2025 Q4,2025-12-31,12,92,0,0,0,1,0,0,1,0,1,0,0,0,Post-credit / pre-war,70360,119,8587,0,151,0.5716490020995117,0.500379429843422,0.8898894594389497,0.10860546884880985,0.0015050717122404068,0,4.339846153846154,4.042,13,-7.261906870471568e-4,7.24,33.4,3,178.82533333333333,3,185.69233333333332,3,5.5,2,0.003482886718267686,0.0057829036928975786,PARTIAL,20.76923076923077,3.1538461538461537,5.6923076923076925,0.23076923076923075,54.61538461538461,15.526627218934912,57.18343195266272,159.81065088757398,14.011834319526628,13,1,9800,7500
2026,1,Shasta,87,1043,956,0.08341323106423777,2026-01-01,2026 Q1,2026-03-31,13,90,1,0,0,0,0,0,1,0,1,0.35555555555555557,1,0,War transition quarter,56856,90,7722,0,137,0.5655038040452774,0.500742252737057,0.8791983670439785,0.11940990907403971,0.0013917238819818147,0,4.591538461538462,5.711,13,0.057995675139139946,7.53,32.28666666666667,3,179.31433333333334,3,180.56266666666667,3,5.366666666666667,3,0.0027345118886958897,-0.02762454741445075,COMPLETE,33,7.307692307692308,5.307692307692308,0.6923076923076922,61.30769230769231,41.08875739644971,85.20710059171599,196.92307692307693,19.124260355029588,13,0,0,0
2026,2,Shasta,132,1130,998,0.1168141592920354,2026-04-01,2026 Q2,2026-06-30,14,91,0,1,0,0,0,0,1,0,1,1,0,1,Full post-war quarter,75597,81,11179,0,148,0.5973611798703616,0.5192673014264826,0.870361628884258,0.12870580379244045,9.325673233015186e-4,0,5.728,5.245,13,0.247512146088122,7.14,35.25,1,178.852,3,179.806,3,5.3,2,-0.0025783400843584214,-0.004190604185435154,PARTIAL,49.84615384615385,17.46153846153846,8.076923076923077,0,79.15384615384616,38.81656804733728,153.37278106508876,234.98224852071007,23.479289940828405,13,0,0,0
2023,1,Sierra,0,17,17,0,2023-01-01,2023 Q1,2023-03-31,1,90,1,0,0,0,1,0,0,1,0,0,0,0,Pre-credit rolloff / pre-war,83811,790,14684,0,90,0.5995568313441104,0.5098252505413708,0.8441456413355491,0.147897466888251,0.007956891776199829,0,4.461384615384615,4.634,13,,7.48,28.036666666666665,3,178.34199999999998,3,188.251,3,4.466666666666667,3,,,COMPLETE,28.76923076923077,6.230769230769231,2.3846153846153846,9.923076923076923,65.53846153846153,26.698224852071007,53.58579881656805,187.83431952662724,17.79881656804734,13,0,0,0
2023,2,Sierra,1,16,15,0.0625,2023-04-01,2023 Q2,2023-06-30,2,91,0,1,0,0,1,0,0,1,0,0,0,0,Pre-credit rolloff / pre-war,103367,972,15215,0,99,0.6270890141693294,0.5796125600147214,0.8646051156799438,0.12726466701239608,0.008130217307660137,0,4.6605384615384615,4.649,13,0.044639470326563124,7.81,30.253333333333334,3,178.84066666666666,3,196.347,3,4.566666666666666,3,0.0027961257957558328,0.04300641165252772,COMPLETE,27.923076923076923,5.769230769230769,4.076923076923077,9.153846153846153,64.07692307692308,24.236686390532547,56.426035502958584,176.85207100591717,17.988165680473376,13,0,0,0
2023,3,Sierra,1,16,15,0.0625,2023-07-01,2023 Q3,2023-09-30,3,92,0,0,1,0,1,0,0,1,0,0,0,0,Pre-credit rolloff / pre-war,100380,1135,17422,0,104,0.5617007323204721,0.5060241976844885,0.8439762227061386,0.14648091006162928,0.00954286723223219,0,5.02476923076923,5.699,13,0.0781520788287915,7.88,29.813333333333333,3,179.192,3,191.143,3,4.8,3,0.001964504717420823,-0.026504097337876398,COMPLETE,31.692307692307693,6.153846153846154,4.076923076923077,7.153846153846154,57.69230769230769,35.40828402366864,57.94082840236687,177.23076923076923,17.230769230769234,13,0,0,0
2023,4,Sierra,1,11,10,0.09090909090909091,2023-10-01,2023 Q4,2023-12-31,4,92,0,0,0,1,1,0,0,0.41304347826086957,0,0,0,0,Pre-credit rolloff / pre-war,86827,220,15454,0,107,0.4996243939083521,0.4510102340464971,0.8470844186885982,0.15076926078769964,0.0021463205237022076,0,4.944461538461539,4.371,13,-0.015982364287682405,8.15,30.14666666666667,3,179.22033333333334,3,188.96433333333331,3,5.033333333333333,3,1.581171778501922e-4,-0.011398098108048371,COMPLETE,28.571428571428573,5.928571428571429,4.071428571428571,6.285714285714286,56.92857142857143,30.24175824175824,52.57142857142858,156.65934065934067,15.296703296703297,14,0,0,0
2024,1,Sierra,1,16,15,0.0625,2024-01-01,2024 Q1,2024-03-31,5,91,1,0,0,0,1,0,0,0,1,0,0,0,Pre-credit rolloff / pre-war,86431,197,16389,0,109,0.4961317064173874,0.4692720618926973,0.8389974470233068,0.15909024724074666,0.0019123057359464943,0,4.493692307692307,4.801,13,-0.09116649553501988,8.22,31.163333333333334,3,178.98266666666666,3,184.34766666666667,3,5.133333333333333,3,-0.0013261144103813294,-0.024431418274700745,COMPLETE,29.23076923076923,5.461538461538462,2.769230769230769,6.153846153846154,58.76923076923077,18.93491124260355,54.34319526627219,173.63313609467457,15.526627218934912,13,0,0,0
2024,2,Sierra,2,20,18,0.1,2024-04-01,2024 Q2,2024-06-30,6,91,0,1,0,0,1,0,0,0,1,0,0,0,Pre-credit rolloff / pre-war,100124,94,16596,0,111,0.5129350933963395,0.4688992757717397,0.8571232900166076,0.1420720119163799,8.046980670125156e-4,0,4.953461538461538,4.564,13,0.10231435516450404,8.2,34.093333333333334,3,177.66833333333332,3,180.175,3,5.233333333333333,3,-0.007343355408717445,-0.022634768001764782,COMPLETE,28.76923076923077,5.461538461538462,6.846153846153846,5.846153846153846,70.92307692307692,21.396449704142015,61.159763313609474,171.55029585798817,17.230769230769234,13,0,0,0
2024,3,Sierra,3,15,12,0.2,2024-07-01,2024 Q3,2024-09-30,7,92,0,0,1,0,1,0,0,0,1,0,0,0,Pre-credit rolloff / pre-war,99738,128,15374,0,126,0.5170079833391183,0.4686827490454703,0.8654807358556057,0.13340853870183964,0.0011107254425546686,0,4.425285714285715,4.412,14,-0.10662762193160502,8.4,31.926666666666666,3,177.11233333333334,3,175.28166666666667,3,5.4,3,-0.0031294265532216814,-0.02715878081494849,COMPLETE,27,5.3076923076923075,9,5.076923076923077,57.69230769230769,18.55621301775148,58.130177514792905,173.06508875739647,16.09467455621302,13,0,0,0
2024,4,Sierra,0,15,15,0,2024-10-01,2024 Q4,2024-12-31,8,92,0,0,0,1,1,0,0,0,1,0,0,0,Pre-credit rolloff / pre-war,92617,181,15505,0,138,0.4802083044791003,0.40662770191038106,0.8551656002142138,0.14316316260860734,0.001671237177178841,0,4.2403076923076926,4.105,13,-0.041800243853380104,7.82,31.083333333333336,3,177.79033333333334,3,179.781,3,5.4,3,0.0038280789781248714,0.025669161064572288,COMPLETE,24.846153846153847,5.384615384615385,8.692307692307692,6.153846153846154,57.30769230769231,15.905325443786984,54.72189349112426,160.18934911242604,15.147928994082841,13,2,6000,7500
2025,1,Sierra,3,25,22,0.12,2025-01-01,2025 Q1,2025-03-31,9,90,1,0,0,0,1,0,0,0,1,0,0,0,Pre-credit rolloff / pre-war,85610,68,15275,0,150,0.4294968945945143,0.3761453349578517,0.8480183847929235,0.15130803443186433,6.735807752122274e-4,0,4.388538461538461,4.585,13,0.03495755025034453,8.04,31.493333333333332,3,178.54733333333334,3,185.72533333333334,3,5.4,3,0.0042578242911595066,0.03306430230854951,COMPLETE,26.076923076923077,5.461538461538462,8,5,55,19.124260355029588,56.426035502958584,181.01775147928996,16.284023668639055,13,1,0,0
2025,2,Sierra,0,16,16,0,2025-04-01,2025 Q2,2025-06-30,10,91,0,1,0,0,1,0,0,0,1,0,0,0,Pre-credit rolloff / pre-war,84693,62,16868,0,152,0.47184200427068673,0.4086082874939728,0.833403855426429,0.1659860464658591,6.100981077118368e-4,0,4.5673076923076925,4.36,13,0.04073548228777768,7.67,33.56666666666667,3,178.27566666666667,3,183.76566666666668,3,5.466666666666667,3,-0.0015215386396137953,-0.01055142360762129,COMPLETE,24.46153846153846,5.769230769230769,8.384615384615385,4.384615384615385,55.23076923076923,21.396449704142015,57.18343195266272,168.71005917159766,14.958579881656807,13,0,0,0
2025,3,Sierra,3,17,14,0.17647058823529413,2025-07-01,2025 Q3,2025-09-30,11,92,0,0,1,0,1,1,0,0,1,0,0,0,Credit-expiration pull-forward,110380,114,16595,0,149,0.5028759373352533,0.3980674960067354,0.8685252067448795,0.13057778407257906,8.970091825413687e-4,0,4.343,4.446,13,-0.049111578947368506,7.64,32.11666666666667,3,178.20466666666667,3,184.62466666666666,3,5.5,3,-3.9825962414008487e-4,0.00467443138634871,COMPLETE,27.46153846153846,5.384615384615385,12.307692307692308,8.692307692307692,68,16.09467455621302,65.13609467455622,184.4260355029586,15.905325443786984,13,0,0,0
2025,4,Sierra,5,20,15,0.25,2025-10-01,2025 Q4,2025-12-31,12,92,0,0,0,1,0,0,1,0,1,0,0,0,Post-credit / pre-war,70360,119,8587,0,151,0.5716490020995117,0.500379429843422,0.8898894594389497,0.10860546884880985,0.0015050717122404068,0,4.339846153846154,4.042,13,-7.261906870471568e-4,7.24,33.4,3,178.82533333333333,3,185.69233333333332,3,5.5,2,0.003482886718267686,0.0057829036928975786,PARTIAL,20.76923076923077,3.1538461538461537,5.6923076923076925,0.23076923076923075,54.61538461538461,15.526627218934912,57.18343195266272,159.81065088757398,14.011834319526628,13,1,9800,7500
2026,1,Sierra,3,15,12,0.2,2026-01-01,2026 Q1,2026-03-31,13,90,1,0,0,0,0,0,1,0,1,0.35555555555555557,1,0,War transition quarter,56856,90,7722,0,137,0.5655038040452774,0.500742252737057,0.8791983670439785,0.11940990907403971,0.0013917238819818147,0,4.591538461538462,5.711,13,0.057995675139139946,7.53,32.28666666666667,3,179.31433333333334,3,180.56266666666667,3,5.366666666666667,3,0.0027345118886958897,-0.02762454741445075,COMPLETE,33,7.307692307692308,5.307692307692308,0.6923076923076922,61.30769230769231,41.08875739644971,85.20710059171599,196.92307692307693,19.124260355029588,13,0,0,0
2026,2,Sierra,2,15,13,0.13333333333333333,2026-04-01,2026 Q2,2026-06-30,14,91,0,1,0,0,0,0,1,0,1,1,0,1,Full post-war quarter,75597,81,11179,0,148,0.5973611798703616,0.5192673014264826,0.870361628884258,0.12870580379244045,9.325673233015186e-4,0,5.728,5.245,13,0.247512146088122,7.14,35.25,1,178.852,3,179.806,3,5.3,2,-0.0025783400843584214,-0.004190604185435154,PARTIAL,49.84615384615385,17.46153846153846,8.076923076923077,0,79.15384615384616,38.81656804733728,153.37278106508876,234.98224852071007,23.479289940828405,13,0,0,0
2023,1,Siskiyou,12,208,196,0.057692307692307696,2023-01-01,2023 Q1,2023-03-31,1,90,1,0,0,0,1,0,0,1,0,0,0,0,Pre-credit rolloff / pre-war,83811,790,14684,0,90,0.5995568313441104,0.5098252505413708,0.8441456413355491,0.147897466888251,0.007956891776199829,0,4.461384615384615,4.634,13,,7.48,28.036666666666665,3,178.34199999999998,3,188.251,3,4.466666666666667,3,,,COMPLETE,28.76923076923077,6.230769230769231,2.3846153846153846,9.923076923076923,65.53846153846153,26.698224852071007,53.58579881656805,187.83431952662724,17.79881656804734,13,0,0,0
2023,2,Siskiyou,19,255,236,0.07450980392156863,2023-04-01,2023 Q2,2023-06-30,2,91,0,1,0,0,1,0,0,1,0,0,0,0,Pre-credit rolloff / pre-war,103367,972,15215,0,99,0.6270890141693294,0.5796125600147214,0.8646051156799438,0.12726466701239608,0.008130217307660137,0,4.6605384615384615,4.649,13,0.044639470326563124,7.81,30.253333333333334,3,178.84066666666666,3,196.347,3,4.566666666666666,3,0.0027961257957558328,0.04300641165252772,COMPLETE,27.923076923076923,5.769230769230769,4.076923076923077,9.153846153846153,64.07692307692308,24.236686390532547,56.426035502958584,176.85207100591717,17.988165680473376,13,0,0,0
2023,3,Siskiyou,15,235,220,0.06382978723404255,2023-07-01,2023 Q3,2023-09-30,3,92,0,0,1,0,1,0,0,1,0,0,0,0,Pre-credit rolloff / pre-war,100380,1135,17422,0,104,0.5617007323204721,0.5060241976844885,0.8439762227061386,0.14648091006162928,0.00954286723223219,0,5.02476923076923,5.699,13,0.0781520788287915,7.88,29.813333333333333,3,179.192,3,191.143,3,4.8,3,0.001964504717420823,-0.026504097337876398,COMPLETE,31.692307692307693,6.153846153846154,4.076923076923077,7.153846153846154,57.69230769230769,35.40828402366864,57.94082840236687,177.23076923076923,17.230769230769234,13,0,0,0
2023,4,Siskiyou,16,225,209,0.07111111111111111,2023-10-01,2023 Q4,2023-12-31,4,92,0,0,0,1,1,0,0,0.41304347826086957,0,0,0,0,Pre-credit rolloff / pre-war,86827,220,15454,0,107,0.4996243939083521,0.4510102340464971,0.8470844186885982,0.15076926078769964,0.0021463205237022076,0,4.944461538461539,4.371,13,-0.015982364287682405,8.15,30.14666666666667,3,179.22033333333334,3,188.96433333333331,3,5.033333333333333,3,1.581171778501922e-4,-0.011398098108048371,COMPLETE,28.571428571428573,5.928571428571429,4.071428571428571,6.285714285714286,56.92857142857143,30.24175824175824,52.57142857142858,156.65934065934067,15.296703296703297,14,0,0,0
2024,1,Siskiyou,10,193,183,0.05181347150259067,2024-01-01,2024 Q1,2024-03-31,5,91,1,0,0,0,1,0,0,0,1,0,0,0,Pre-credit rolloff / pre-war,86431,197,16389,0,109,0.4961317064173874,0.4692720618926973,0.8389974470233068,0.15909024724074666,0.0019123057359464943,0,4.493692307692307,4.801,13,-0.09116649553501988,8.22,31.163333333333334,3,178.98266666666666,3,184.34766666666667,3,5.133333333333333,3,-0.0013261144103813294,-0.024431418274700745,COMPLETE,29.23076923076923,5.461538461538462,2.769230769230769,6.153846153846154,58.76923076923077,18.93491124260355,54.34319526627219,173.63313609467457,15.526627218934912,13,0,0,0
2024,2,Siskiyou,23,223,200,0.1031390134529148,2024-04-01,2024 Q2,2024-06-30,6,91,0,1,0,0,1,0,0,0,1,0,0,0,Pre-credit rolloff / pre-war,100124,94,16596,0,111,0.5129350933963395,0.4688992757717397,0.8571232900166076,0.1420720119163799,8.046980670125156e-4,0,4.953461538461538,4.564,13,0.10231435516450404,8.2,34.093333333333334,3,177.66833333333332,3,180.175,3,5.233333333333333,3,-0.007343355408717445,-0.022634768001764782,COMPLETE,28.76923076923077,5.461538461538462,6.846153846153846,5.846153846153846,70.92307692307692,21.396449704142015,61.159763313609474,171.55029585798817,17.230769230769234,13,0,0,0
2024,3,Siskiyou,18,214,196,0.08411214953271028,2024-07-01,2024 Q3,2024-09-30,7,92,0,0,1,0,1,0,0,0,1,0,0,0,Pre-credit rolloff / pre-war,99738,128,15374,0,126,0.5170079833391183,0.4686827490454703,0.8654807358556057,0.13340853870183964,0.0011107254425546686,0,4.425285714285715,4.412,14,-0.10662762193160502,8.4,31.926666666666666,3,177.11233333333334,3,175.28166666666667,3,5.4,3,-0.0031294265532216814,-0.02715878081494849,COMPLETE,27,5.3076923076923075,9,5.076923076923077,57.69230769230769,18.55621301775148,58.130177514792905,173.06508875739647,16.09467455621302,13,0,0,0
2024,4,Siskiyou,17,216,199,0.0787037037037037,2024-10-01,2024 Q4,2024-12-31,8,92,0,0,0,1,1,0,0,0,1,0,0,0,Pre-credit rolloff / pre-war,92617,181,15505,0,138,0.4802083044791003,0.40662770191038106,0.8551656002142138,0.14316316260860734,0.001671237177178841,0,4.2403076923076926,4.105,13,-0.041800243853380104,7.82,31.083333333333336,3,177.79033333333334,3,179.781,3,5.4,3,0.0038280789781248714,0.025669161064572288,COMPLETE,24.846153846153847,5.384615384615385,8.692307692307692,6.153846153846154,57.30769230769231,15.905325443786984,54.72189349112426,160.18934911242604,15.147928994082841,13,2,6000,7500
2025,1,Siskiyou,19,224,205,0.08482142857142858,2025-01-01,2025 Q1,2025-03-31,9,90,1,0,0,0,1,0,0,0,1,0,0,0,Pre-credit rolloff / pre-war,85610,68,15275,0,150,0.4294968945945143,0.3761453349578517,0.8480183847929235,0.15130803443186433,6.735807752122274e-4,0,4.388538461538461,4.585,13,0.03495755025034453,8.04,31.493333333333332,3,178.54733333333334,3,185.72533333333334,3,5.4,3,0.0042578242911595066,0.03306430230854951,COMPLETE,26.076923076923077,5.461538461538462,8,5,55,19.124260355029588,56.426035502958584,181.01775147928996,16.284023668639055,13,1,0,0
2025,2,Siskiyou,7,208,201,0.03365384615384615,2025-04-01,2025 Q2,2025-06-30,10,91,0,1,0,0,1,0,0,0,1,0,0,0,Pre-credit rolloff / pre-war,84693,62,16868,0,152,0.47184200427068673,0.4086082874939728,0.833403855426429,0.1659860464658591,6.100981077118368e-4,0,4.5673076923076925,4.36,13,0.04073548228777768,7.67,33.56666666666667,3,178.27566666666667,3,183.76566666666668,3,5.466666666666667,3,-0.0015215386396137953,-0.01055142360762129,COMPLETE,24.46153846153846,5.769230769230769,8.384615384615385,4.384615384615385,55.23076923076923,21.396449704142015,57.18343195266272,168.71005917159766,14.958579881656807,13,0,0,0
2025,3,Siskiyou,24,246,222,0.0975609756097561,2025-07-01,2025 Q3,2025-09-30,11,92,0,0,1,0,1,1,0,0,1,0,0,0,Credit-expiration pull-forward,110380,114,16595,0,149,0.5028759373352533,0.3980674960067354,0.8685252067448795,0.13057778407257906,8.970091825413687e-4,0,4.343,4.446,13,-0.049111578947368506,7.64,32.11666666666667,3,178.20466666666667,3,184.62466666666666,3,5.5,3,-3.9825962414008487e-4,0.00467443138634871,COMPLETE,27.46153846153846,5.384615384615385,12.307692307692308,8.692307692307692,68,16.09467455621302,65.13609467455622,184.4260355029586,15.905325443786984,13,0,0,0
2025,4,Siskiyou,11,227,216,0.048458149779735685,2025-10-01,2025 Q4,2025-12-31,12,92,0,0,0,1,0,0,1,0,1,0,0,0,Post-credit / pre-war,70360,119,8587,0,151,0.5716490020995117,0.500379429843422,0.8898894594389497,0.10860546884880985,0.0015050717122404068,0,4.339846153846154,4.042,13,-7.261906870471568e-4,7.24,33.4,3,178.82533333333333,3,185.69233333333332,3,5.5,2,0.003482886718267686,0.0057829036928975786,PARTIAL,20.76923076923077,3.1538461538461537,5.6923076923076925,0.23076923076923075,54.61538461538461,15.526627218934912,57.18343195266272,159.81065088757398,14.011834319526628,13,1,9800,7500
2026,1,Siskiyou,14,185,171,0.07567567567567568,2026-01-01,2026 Q1,2026-03-31,13,90,1,0,0,0,0,0,1,0,1,0.35555555555555557,1,0,War transition quarter,56856,90,7722,0,137,0.5655038040452774,0.500742252737057,0.8791983670439785,0.11940990907403971,0.0013917238819818147,0,4.591538461538462,5.711,13,0.057995675139139946,7.53,32.28666666666667,3,179.31433333333334,3,180.56266666666667,3,5.366666666666667,3,0.0027345118886958897,-0.02762454741445075,COMPLETE,33,7.307692307692308,5.307692307692308,0.6923076923076922,61.30769230769231,41.08875739644971,85.20710059171599,196.92307692307693,19.124260355029588,13,0,0,0
2026,2,Siskiyou,25,194,169,0.12886597938144329,2026-04-01,2026 Q2,2026-06-30,14,91,0,1,0,0,0,0,1,0,1,1,0,1,Full post-war quarter,75597,81,11179,0,148,0.5973611798703616,0.5192673014264826,0.870361628884258,0.12870580379244045,9.325673233015186e-4,0,5.728,5.245,13,0.247512146088122,7.14,35.25,1,178.852,3,179.806,3,5.3,2,-0.0025783400843584214,-0.004190604185435154,PARTIAL,49.84615384615385,17.46153846153846,8.076923076923077,0,79.15384615384616,38.81656804733728,153.37278106508876,234.98224852071007,23.479289940828405,13,0,0,0
2023,1,Solano,628,3618,2990,0.17357656163626312,2023-01-01,2023 Q1,2023-03-31,1,90,1,0,0,0,1,0,0,1,0,0,0,0,Pre-credit rolloff / pre-war,83811,790,14684,0,90,0.5995568313441104,0.5098252505413708,0.8441456413355491,0.147897466888251,0.007956891776199829,0,4.461384615384615,4.634,13,,7.48,28.036666666666665,3,178.34199999999998,3,188.251,3,4.466666666666667,3,,,COMPLETE,28.76923076923077,6.230769230769231,2.3846153846153846,9.923076923076923,65.53846153846153,26.698224852071007,53.58579881656805,187.83431952662724,17.79881656804734,13,0,0,0
2023,2,Solano,980,4200,3220,0.23333333333333334,2023-04-01,2023 Q2,2023-06-30,2,91,0,1,0,0,1,0,0,1,0,0,0,0,Pre-credit rolloff / pre-war,103367,972,15215,0,99,0.6270890141693294,0.5796125600147214,0.8646051156799438,0.12726466701239608,0.008130217307660137,0,4.6605384615384615,4.649,13,0.044639470326563124,7.81,30.253333333333334,3,178.84066666666666,3,196.347,3,4.566666666666666,3,0.0027961257957558328,0.04300641165252772,COMPLETE,27.923076923076923,5.769230769230769,4.076923076923077,9.153846153846153,64.07692307692308,24.236686390532547,56.426035502958584,176.85207100591717,17.988165680473376,13,0,0,0
2023,3,Solano,885,3943,3058,0.22444838955110322,2023-07-01,2023 Q3,2023-09-30,3,92,0,0,1,0,1,0,0,1,0,0,0,0,Pre-credit rolloff / pre-war,100380,1135,17422,0,104,0.5617007323204721,0.5060241976844885,0.8439762227061386,0.14648091006162928,0.00954286723223219,0,5.02476923076923,5.699,13,0.0781520788287915,7.88,29.813333333333333,3,179.192,3,191.143,3,4.8,3,0.001964504717420823,-0.026504097337876398,COMPLETE,31.692307692307693,6.153846153846154,4.076923076923077,7.153846153846154,57.69230769230769,35.40828402366864,57.94082840236687,177.23076923076923,17.230769230769234,13,0,0,0
2023,4,Solano,845,3579,2734,0.23609946912545404,2023-10-01,2023 Q4,2023-12-31,4,92,0,0,0,1,1,0,0,0.41304347826086957,0,0,0,0,Pre-credit rolloff / pre-war,86827,220,15454,0,107,0.4996243939083521,0.4510102340464971,0.8470844186885982,0.15076926078769964,0.0021463205237022076,0,4.944461538461539,4.371,13,-0.015982364287682405,8.15,30.14666666666667,3,179.22033333333334,3,188.96433333333331,3,5.033333333333333,3,1.581171778501922e-4,-0.011398098108048371,COMPLETE,28.571428571428573,5.928571428571429,4.071428571428571,6.285714285714286,56.92857142857143,30.24175824175824,52.57142857142858,156.65934065934067,15.296703296703297,14,0,0,0
2024,1,Solano,690,3387,2697,0.20372010628875112,2024-01-01,2024 Q1,2024-03-31,5,91,1,0,0,0,1,0,0,0,1,0,0,0,Pre-credit rolloff / pre-war,86431,197,16389,0,109,0.4961317064173874,0.4692720618926973,0.8389974470233068,0.15909024724074666,0.0019123057359464943,0,4.493692307692307,4.801,13,-0.09116649553501988,8.22,31.163333333333334,3,178.98266666666666,3,184.34766666666667,3,5.133333333333333,3,-0.0013261144103813294,-0.024431418274700745,COMPLETE,29.23076923076923,5.461538461538462,2.769230769230769,6.153846153846154,58.76923076923077,18.93491124260355,54.34319526627219,173.63313609467457,15.526627218934912,13,0,0,0
2024,2,Solano,915,3881,2966,0.23576397835609378,2024-04-01,2024 Q2,2024-06-30,6,91,0,1,0,0,1,0,0,0,1,0,0,0,Pre-credit rolloff / pre-war,100124,94,16596,0,111,0.5129350933963395,0.4688992757717397,0.8571232900166076,0.1420720119163799,8.046980670125156e-4,0,4.953461538461538,4.564,13,0.10231435516450404,8.2,34.093333333333334,3,177.66833333333332,3,180.175,3,5.233333333333333,3,-0.007343355408717445,-0.022634768001764782,COMPLETE,28.76923076923077,5.461538461538462,6.846153846153846,5.846153846153846,70.92307692307692,21.396449704142015,61.159763313609474,171.55029585798817,17.230769230769234,13,0,0,0
2024,3,Solano,878,3636,2758,0.24147414741474146,2024-07-01,2024 Q3,2024-09-30,7,92,0,0,1,0,1,0,0,0,1,0,0,0,Pre-credit rolloff / pre-war,99738,128,15374,0,126,0.5170079833391183,0.4686827490454703,0.8654807358556057,0.13340853870183964,0.0011107254425546686,0,4.425285714285715,4.412,14,-0.10662762193160502,8.4,31.926666666666666,3,177.11233333333334,3,175.28166666666667,3,5.4,3,-0.0031294265532216814,-0.02715878081494849,COMPLETE,27,5.3076923076923075,9,5.076923076923077,57.69230769230769,18.55621301775148,58.130177514792905,173.06508875739647,16.09467455621302,13,0,0,0
2024,4,Solano,769,3635,2866,0.21155433287482805,2024-10-01,2024 Q4,2024-12-31,8,92,0,0,0,1,1,0,0,0,1,0,0,0,Pre-credit rolloff / pre-war,92617,181,15505,0,138,0.4802083044791003,0.40662770191038106,0.8551656002142138,0.14316316260860734,0.001671237177178841,0,4.2403076923076926,4.105,13,-0.041800243853380104,7.82,31.083333333333336,3,177.79033333333334,3,179.781,3,5.4,3,0.0038280789781248714,0.025669161064572288,COMPLETE,24.846153846153847,5.384615384615385,8.692307692307692,6.153846153846154,57.30769230769231,15.905325443786984,54.72189349112426,160.18934911242604,15.147928994082841,13,2,6000,7500
2025,1,Solano,699,3496,2797,0.19994279176201374,2025-01-01,2025 Q1,2025-03-31,9,90,1,0,0,0,1,0,0,0,1,0,0,0,Pre-credit rolloff / pre-war,85610,68,15275,0,150,0.4294968945945143,0.3761453349578517,0.8480183847929235,0.15130803443186433,6.735807752122274e-4,0,4.388538461538461,4.585,13,0.03495755025034453,8.04,31.493333333333332,3,178.54733333333334,3,185.72533333333334,3,5.4,3,0.0042578242911595066,0.03306430230854951,COMPLETE,26.076923076923077,5.461538461538462,8,5,55,19.124260355029588,56.426035502958584,181.01775147928996,16.284023668639055,13,1,0,0
2025,2,Solano,753,3972,3219,0.18957703927492447,2025-04-01,2025 Q2,2025-06-30,10,91,0,1,0,0,1,0,0,0,1,0,0,0,Pre-credit rolloff / pre-war,84693,62,16868,0,152,0.47184200427068673,0.4086082874939728,0.833403855426429,0.1659860464658591,6.100981077118368e-4,0,4.5673076923076925,4.36,13,0.04073548228777768,7.67,33.56666666666667,3,178.27566666666667,3,183.76566666666668,3,5.466666666666667,3,-0.0015215386396137953,-0.01055142360762129,COMPLETE,24.46153846153846,5.769230769230769,8.384615384615385,4.384615384615385,55.23076923076923,21.396449704142015,57.18343195266272,168.71005917159766,14.958579881656807,13,0,0,0
2025,3,Solano,996,3941,2945,0.25272773407764526,2025-07-01,2025 Q3,2025-09-30,11,92,0,0,1,0,1,1,0,0,1,0,0,0,Credit-expiration pull-forward,110380,114,16595,0,149,0.5028759373352533,0.3980674960067354,0.8685252067448795,0.13057778407257906,8.970091825413687e-4,0,4.343,4.446,13,-0.049111578947368506,7.64,32.11666666666667,3,178.20466666666667,3,184.62466666666666,3,5.5,3,-3.9825962414008487e-4,0.00467443138634871,COMPLETE,27.46153846153846,5.384615384615385,12.307692307692308,8.692307692307692,68,16.09467455621302,65.13609467455622,184.4260355029586,15.905325443786984,13,0,0,0
2025,4,Solano,555,3529,2974,0.1572683479739303,2025-10-01,2025 Q4,2025-12-31,12,92,0,0,0,1,0,0,1,0,1,0,0,0,Post-credit / pre-war,70360,119,8587,0,151,0.5716490020995117,0.500379429843422,0.8898894594389497,0.10860546884880985,0.0015050717122404068,0,4.339846153846154,4.042,13,-7.261906870471568e-4,7.24,33.4,3,178.82533333333333,3,185.69233333333332,3,5.5,2,0.003482886718267686,0.0057829036928975786,PARTIAL,20.76923076923077,3.1538461538461537,5.6923076923076925,0.23076923076923075,54.61538461538461,15.526627218934912,57.18343195266272,159.81065088757398,14.011834319526628,13,1,9800,7500
2026,1,Solano,478,3347,2869,0.14281446071108456,2026-01-01,2026 Q1,2026-03-31,13,90,1,0,0,0,0,0,1,0,1,0.35555555555555557,1,0,War transition quarter,56856,90,7722,0,137,0.5655038040452774,0.500742252737057,0.8791983670439785,0.11940990907403971,0.0013917238819818147,0,4.591538461538462,5.711,13,0.057995675139139946,7.53,32.28666666666667,3,179.31433333333334,3,180.56266666666667,3,5.366666666666667,3,0.0027345118886958897,-0.02762454741445075,COMPLETE,33,7.307692307692308,5.307692307692308,0.6923076923076922,61.30769230769231,41.08875739644971,85.20710059171599,196.92307692307693,19.124260355029588,13,0,0,0
2026,2,Solano,695,3596,2901,0.19327030033370413,2026-04-01,2026 Q2,2026-06-30,14,91,0,1,0,0,0,0,1,0,1,1,0,1,Full post-war quarter,75597,81,11179,0,148,0.5973611798703616,0.5192673014264826,0.870361628884258,0.12870580379244045,9.325673233015186e-4,0,5.728,5.245,13,0.247512146088122,7.14,35.25,1,178.852,3,179.806,3,5.3,2,-0.0025783400843584214,-0.004190604185435154,PARTIAL,49.84615384615385,17.46153846153846,8.076923076923077,0,79.15384615384616,38.81656804733728,153.37278106508876,234.98224852071007,23.479289940828405,13,0,0,0
2023,1,Sonoma,875,4113,3238,0.21274009238998298,2023-01-01,2023 Q1,2023-03-31,1,90,1,0,0,0,1,0,0,1,0,0,0,0,Pre-credit rolloff / pre-war,83811,790,14684,0,90,0.5995568313441104,0.5098252505413708,0.8441456413355491,0.147897466888251,0.007956891776199829,0,4.461384615384615,4.634,13,,7.48,28.036666666666665,3,178.34199999999998,3,188.251,3,4.466666666666667,3,,,COMPLETE,28.76923076923077,6.230769230769231,2.3846153846153846,9.923076923076923,65.53846153846153,26.698224852071007,53.58579881656805,187.83431952662724,17.79881656804734,13,0,0,0
2023,2,Sonoma,1080,4219,3139,0.25598483052856125,2023-04-01,2023 Q2,2023-06-30,2,91,0,1,0,0,1,0,0,1,0,0,0,0,Pre-credit rolloff / pre-war,103367,972,15215,0,99,0.6270890141693294,0.5796125600147214,0.8646051156799438,0.12726466701239608,0.008130217307660137,0,4.6605384615384615,4.649,13,0.044639470326563124,7.81,30.253333333333334,3,178.84066666666666,3,196.347,3,4.566666666666666,3,0.0027961257957558328,0.04300641165252772,COMPLETE,27.923076923076923,5.769230769230769,4.076923076923077,9.153846153846153,64.07692307692308,24.236686390532547,56.426035502958584,176.85207100591717,17.988165680473376,13,0,0,0
2023,3,Sonoma,1014,3988,2974,0.2542627883650953,2023-07-01,2023 Q3,2023-09-30,3,92,0,0,1,0,1,0,0,1,0,0,0,0,Pre-credit rolloff / pre-war,100380,1135,17422,0,104,0.5617007323204721,0.5060241976844885,0.8439762227061386,0.14648091006162928,0.00954286723223219,0,5.02476923076923,5.699,13,0.0781520788287915,7.88,29.813333333333333,3,179.192,3,191.143,3,4.8,3,0.001964504717420823,-0.026504097337876398,COMPLETE,31.692307692307693,6.153846153846154,4.076923076923077,7.153846153846154,57.69230769230769,35.40828402366864,57.94082840236687,177.23076923076923,17.230769230769234,13,0,0,0
2023,4,Sonoma,1035,3893,2858,0.2658618032365785,2023-10-01,2023 Q4,2023-12-31,4,92,0,0,0,1,1,0,0,0.41304347826086957,0,0,0,0,Pre-credit rolloff / pre-war,86827,220,15454,0,107,0.4996243939083521,0.4510102340464971,0.8470844186885982,0.15076926078769964,0.0021463205237022076,0,4.944461538461539,4.371,13,-0.015982364287682405,8.15,30.14666666666667,3,179.22033333333334,3,188.96433333333331,3,5.033333333333333,3,1.581171778501922e-4,-0.011398098108048371,COMPLETE,28.571428571428573,5.928571428571429,4.071428571428571,6.285714285714286,56.92857142857143,30.24175824175824,52.57142857142858,156.65934065934067,15.296703296703297,14,0,0,0
2024,1,Sonoma,954,3835,2881,0.248761408083442,2024-01-01,2024 Q1,2024-03-31,5,91,1,0,0,0,1,0,0,0,1,0,0,0,Pre-credit rolloff / pre-war,86431,197,16389,0,109,0.4961317064173874,0.4692720618926973,0.8389974470233068,0.15909024724074666,0.0019123057359464943,0,4.493692307692307,4.801,13,-0.09116649553501988,8.22,31.163333333333334,3,178.98266666666666,3,184.34766666666667,3,5.133333333333333,3,-0.0013261144103813294,-0.024431418274700745,COMPLETE,29.23076923076923,5.461538461538462,2.769230769230769,6.153846153846154,58.76923076923077,18.93491124260355,54.34319526627219,173.63313609467457,15.526627218934912,13,0,0,0
2024,2,Sonoma,972,3851,2879,0.2524019735133731,2024-04-01,2024 Q2,2024-06-30,6,91,0,1,0,0,1,0,0,0,1,0,0,0,Pre-credit rolloff / pre-war,100124,94,16596,0,111,0.5129350933963395,0.4688992757717397,0.8571232900166076,0.1420720119163799,8.046980670125156e-4,0,4.953461538461538,4.564,13,0.10231435516450404,8.2,34.093333333333334,3,177.66833333333332,3,180.175,3,5.233333333333333,3,-0.007343355408717445,-0.022634768001764782,COMPLETE,28.76923076923077,5.461538461538462,6.846153846153846,5.846153846153846,70.92307692307692,21.396449704142015,61.159763313609474,171.55029585798817,17.230769230769234,13,0,0,0
2024,3,Sonoma,1001,3992,2991,0.250751503006012,2024-07-01,2024 Q3,2024-09-30,7,92,0,0,1,0,1,0,0,0,1,0,0,0,Pre-credit rolloff / pre-war,99738,128,15374,0,126,0.5170079833391183,0.4686827490454703,0.8654807358556057,0.13340853870183964,0.0011107254425546686,0,4.425285714285715,4.412,14,-0.10662762193160502,8.4,31.926666666666666,3,177.11233333333334,3,175.28166666666667,3,5.4,3,-0.0031294265532216814,-0.02715878081494849,COMPLETE,27,5.3076923076923075,9,5.076923076923077,57.69230769230769,18.55621301775148,58.130177514792905,173.06508875739647,16.09467455621302,13,0,0,0
2024,4,Sonoma,1010,4001,2991,0.2524368907773057,2024-10-01,2024 Q4,2024-12-31,8,92,0,0,0,1,1,0,0,0,1,0,0,0,Pre-credit rolloff / pre-war,92617,181,15505,0,138,0.4802083044791003,0.40662770191038106,0.8551656002142138,0.14316316260860734,0.001671237177178841,0,4.2403076923076926,4.105,13,-0.041800243853380104,7.82,31.083333333333336,3,177.79033333333334,3,179.781,3,5.4,3,0.0038280789781248714,0.025669161064572288,COMPLETE,24.846153846153847,5.384615384615385,8.692307692307692,6.153846153846154,57.30769230769231,15.905325443786984,54.72189349112426,160.18934911242604,15.147928994082841,13,2,6000,7500
2025,1,Sonoma,927,3909,2982,0.23714504988488105,2025-01-01,2025 Q1,2025-03-31,9,90,1,0,0,0,1,0,0,0,1,0,0,0,Pre-credit rolloff / pre-war,85610,68,15275,0,150,0.4294968945945143,0.3761453349578517,0.8480183847929235,0.15130803443186433,6.735807752122274e-4,0,4.388538461538461,4.585,13,0.03495755025034453,8.04,31.493333333333332,3,178.54733333333334,3,185.72533333333334,3,5.4,3,0.0042578242911595066,0.03306430230854951,COMPLETE,26.076923076923077,5.461538461538462,8,5,55,19.124260355029588,56.426035502958584,181.01775147928996,16.284023668639055,13,1,0,0
2025,2,Sonoma,842,4106,3264,0.20506575742815392,2025-04-01,2025 Q2,2025-06-30,10,91,0,1,0,0,1,0,0,0,1,0,0,0,Pre-credit rolloff / pre-war,84693,62,16868,0,152,0.47184200427068673,0.4086082874939728,0.833403855426429,0.1659860464658591,6.100981077118368e-4,0,4.5673076923076925,4.36,13,0.04073548228777768,7.67,33.56666666666667,3,178.27566666666667,3,183.76566666666668,3,5.466666666666667,3,-0.0015215386396137953,-0.01055142360762129,COMPLETE,24.46153846153846,5.769230769230769,8.384615384615385,4.384615384615385,55.23076923076923,21.396449704142015,57.18343195266272,168.71005917159766,14.958579881656807,13,0,0,0
2025,3,Sonoma,1147,4219,3072,0.2718653709409813,2025-07-01,2025 Q3,2025-09-30,11,92,0,0,1,0,1,1,0,0,1,0,0,0,Credit-expiration pull-forward,110380,114,16595,0,149,0.5028759373352533,0.3980674960067354,0.8685252067448795,0.13057778407257906,8.970091825413687e-4,0,4.343,4.446,13,-0.049111578947368506,7.64,32.11666666666667,3,178.20466666666667,3,184.62466666666666,3,5.5,3,-3.9825962414008487e-4,0.00467443138634871,COMPLETE,27.46153846153846,5.384615384615385,12.307692307692308,8.692307692307692,68,16.09467455621302,65.13609467455622,184.4260355029586,15.905325443786984,13,0,0,0
2025,4,Sonoma,689,3603,2914,0.19122953094643352,2025-10-01,2025 Q4,2025-12-31,12,92,0,0,0,1,0,0,1,0,1,0,0,0,Post-credit / pre-war,70360,119,8587,0,151,0.5716490020995117,0.500379429843422,0.8898894594389497,0.10860546884880985,0.0015050717122404068,0,4.339846153846154,4.042,13,-7.261906870471568e-4,7.24,33.4,3,178.82533333333333,3,185.69233333333332,3,5.5,2,0.003482886718267686,0.0057829036928975786,PARTIAL,20.76923076923077,3.1538461538461537,5.6923076923076925,0.23076923076923075,54.61538461538461,15.526627218934912,57.18343195266272,159.81065088757398,14.011834319526628,13,1,9800,7500
2026,1,Sonoma,591,3462,2871,0.1707105719237435,2026-01-01,2026 Q1,2026-03-31,13,90,1,0,0,0,0,0,1,0,1,0.35555555555555557,1,0,War transition quarter,56856,90,7722,0,137,0.5655038040452774,0.500742252737057,0.8791983670439785,0.11940990907403971,0.0013917238819818147,0,4.591538461538462,5.711,13,0.057995675139139946,7.53,32.28666666666667,3,179.31433333333334,3,180.56266666666667,3,5.366666666666667,3,0.0027345118886958897,-0.02762454741445075,COMPLETE,33,7.307692307692308,5.307692307692308,0.6923076923076922,61.30769230769231,41.08875739644971,85.20710059171599,196.92307692307693,19.124260355029588,13,0,0,0
2026,2,Sonoma,902,3707,2805,0.2433234421364985,2026-04-01,2026 Q2,2026-06-30,14,91,0,1,0,0,0,0,1,0,1,1,0,1,Full post-war quarter,75597,81,11179,0,148,0.5973611798703616,0.5192673014264826,0.870361628884258,0.12870580379244045,9.325673233015186e-4,0,5.728,5.245,13,0.247512146088122,7.14,35.25,1,178.852,3,179.806,3,5.3,2,-0.0025783400843584214,-0.004190604185435154,PARTIAL,49.84615384615385,17.46153846153846,8.076923076923077,0,79.15384615384616,38.81656804733728,153.37278106508876,234.98224852071007,23.479289940828405,13,0,0,0
2023,1,Stanislaus,385,3402,3017,0.11316872427983539,2023-01-01,2023 Q1,2023-03-31,1,90,1,0,0,0,1,0,0,1,0,0,0,0,Pre-credit rolloff / pre-war,83811,790,14684,0,90,0.5995568313441104,0.5098252505413708,0.8441456413355491,0.147897466888251,0.007956891776199829,0,4.461384615384615,4.634,13,,7.48,28.036666666666665,3,178.34199999999998,3,188.251,3,4.466666666666667,3,,,COMPLETE,28.76923076923077,6.230769230769231,2.3846153846153846,9.923076923076923,65.53846153846153,26.698224852071007,53.58579881656805,187.83431952662724,17.79881656804734,13,0,0,0
2023,2,Stanislaus,531,3857,3326,0.13767176562094893,2023-04-01,2023 Q2,2023-06-30,2,91,0,1,0,0,1,0,0,1,0,0,0,0,Pre-credit rolloff / pre-war,103367,972,15215,0,99,0.6270890141693294,0.5796125600147214,0.8646051156799438,0.12726466701239608,0.008130217307660137,0,4.6605384615384615,4.649,13,0.044639470326563124,7.81,30.253333333333334,3,178.84066666666666,3,196.347,3,4.566666666666666,3,0.0027961257957558328,0.04300641165252772,COMPLETE,27.923076923076923,5.769230769230769,4.076923076923077,9.153846153846153,64.07692307692308,24.236686390532547,56.426035502958584,176.85207100591717,17.988165680473376,13,0,0,0
2023,3,Stanislaus,619,3767,3148,0.16432174143881073,2023-07-01,2023 Q3,2023-09-30,3,92,0,0,1,0,1,0,0,1,0,0,0,0,Pre-credit rolloff / pre-war,100380,1135,17422,0,104,0.5617007323204721,0.5060241976844885,0.8439762227061386,0.14648091006162928,0.00954286723223219,0,5.02476923076923,5.699,13,0.0781520788287915,7.88,29.813333333333333,3,179.192,3,191.143,3,4.8,3,0.001964504717420823,-0.026504097337876398,COMPLETE,31.692307692307693,6.153846153846154,4.076923076923077,7.153846153846154,57.69230769230769,35.40828402366864,57.94082840236687,177.23076923076923,17.230769230769234,13,0,0,0
2023,4,Stanislaus,495,3209,2714,0.15425366157681522,2023-10-01,2023 Q4,2023-12-31,4,92,0,0,0,1,1,0,0,0.41304347826086957,0,0,0,0,Pre-credit rolloff / pre-war,86827,220,15454,0,107,0.4996243939083521,0.4510102340464971,0.8470844186885982,0.15076926078769964,0.0021463205237022076,0,4.944461538461539,4.371,13,-0.015982364287682405,8.15,30.14666666666667,3,179.22033333333334,3,188.96433333333331,3,5.033333333333333,3,1.581171778501922e-4,-0.011398098108048371,COMPLETE,28.571428571428573,5.928571428571429,4.071428571428571,6.285714285714286,56.92857142857143,30.24175824175824,52.57142857142858,156.65934065934067,15.296703296703297,14,0,0,0
2024,1,Stanislaus,357,3032,2675,0.11774406332453825,2024-01-01,2024 Q1,2024-03-31,5,91,1,0,0,0,1,0,0,0,1,0,0,0,Pre-credit rolloff / pre-war,86431,197,16389,0,109,0.4961317064173874,0.4692720618926973,0.8389974470233068,0.15909024724074666,0.0019123057359464943,0,4.493692307692307,4.801,13,-0.09116649553501988,8.22,31.163333333333334,3,178.98266666666666,3,184.34766666666667,3,5.133333333333333,3,-0.0013261144103813294,-0.024431418274700745,COMPLETE,29.23076923076923,5.461538461538462,2.769230769230769,6.153846153846154,58.76923076923077,18.93491124260355,54.34319526627219,173.63313609467457,15.526627218934912,13,0,0,0
2024,2,Stanislaus,560,3496,2936,0.16018306636155608,2024-04-01,2024 Q2,2024-06-30,6,91,0,1,0,0,1,0,0,0,1,0,0,0,Pre-credit rolloff / pre-war,100124,94,16596,0,111,0.5129350933963395,0.4688992757717397,0.8571232900166076,0.1420720119163799,8.046980670125156e-4,0,4.953461538461538,4.564,13,0.10231435516450404,8.2,34.093333333333334,3,177.66833333333332,3,180.175,3,5.233333333333333,3,-0.007343355408717445,-0.022634768001764782,COMPLETE,28.76923076923077,5.461538461538462,6.846153846153846,5.846153846153846,70.92307692307692,21.396449704142015,61.159763313609474,171.55029585798817,17.230769230769234,13,0,0,0
2024,3,Stanislaus,605,3577,2972,0.1691361476097288,2024-07-01,2024 Q3,2024-09-30,7,92,0,0,1,0,1,0,0,0,1,0,0,0,Pre-credit rolloff / pre-war,99738,128,15374,0,126,0.5170079833391183,0.4686827490454703,0.8654807358556057,0.13340853870183964,0.0011107254425546686,0,4.425285714285715,4.412,14,-0.10662762193160502,8.4,31.926666666666666,3,177.11233333333334,3,175.28166666666667,3,5.4,3,-0.0031294265532216814,-0.02715878081494849,COMPLETE,27,5.3076923076923075,9,5.076923076923077,57.69230769230769,18.55621301775148,58.130177514792905,173.06508875739647,16.09467455621302,13,0,0,0
2024,4,Stanislaus,536,3300,2764,0.16242424242424242,2024-10-01,2024 Q4,2024-12-31,8,92,0,0,0,1,1,0,0,0,1,0,0,0,Pre-credit rolloff / pre-war,92617,181,15505,0,138,0.4802083044791003,0.40662770191038106,0.8551656002142138,0.14316316260860734,0.001671237177178841,0,4.2403076923076926,4.105,13,-0.041800243853380104,7.82,31.083333333333336,3,177.79033333333334,3,179.781,3,5.4,3,0.0038280789781248714,0.025669161064572288,COMPLETE,24.846153846153847,5.384615384615385,8.692307692307692,6.153846153846154,57.30769230769231,15.905325443786984,54.72189349112426,160.18934911242604,15.147928994082841,13,2,6000,7500
2025,1,Stanislaus,536,3379,2843,0.15862681266646936,2025-01-01,2025 Q1,2025-03-31,9,90,1,0,0,0,1,0,0,0,1,0,0,0,Pre-credit rolloff / pre-war,85610,68,15275,0,150,0.4294968945945143,0.3761453349578517,0.8480183847929235,0.15130803443186433,6.735807752122274e-4,0,4.388538461538461,4.585,13,0.03495755025034453,8.04,31.493333333333332,3,178.54733333333334,3,185.72533333333334,3,5.4,3,0.0042578242911595066,0.03306430230854951,COMPLETE,26.076923076923077,5.461538461538462,8,5,55,19.124260355029588,56.426035502958584,181.01775147928996,16.284023668639055,13,1,0,0
2025,2,Stanislaus,572,3755,3183,0.15233022636484686,2025-04-01,2025 Q2,2025-06-30,10,91,0,1,0,0,1,0,0,0,1,0,0,0,Pre-credit rolloff / pre-war,84693,62,16868,0,152,0.47184200427068673,0.4086082874939728,0.833403855426429,0.1659860464658591,6.100981077118368e-4,0,4.5673076923076925,4.36,13,0.04073548228777768,7.67,33.56666666666667,3,178.27566666666667,3,183.76566666666668,3,5.466666666666667,3,-0.0015215386396137953,-0.01055142360762129,COMPLETE,24.46153846153846,5.769230769230769,8.384615384615385,4.384615384615385,55.23076923076923,21.396449704142015,57.18343195266272,168.71005917159766,14.958579881656807,13,0,0,0
2025,3,Stanislaus,656,3657,3001,0.1793820071096527,2025-07-01,2025 Q3,2025-09-30,11,92,0,0,1,0,1,1,0,0,1,0,0,0,Credit-expiration pull-forward,110380,114,16595,0,149,0.5028759373352533,0.3980674960067354,0.8685252067448795,0.13057778407257906,8.970091825413687e-4,0,4.343,4.446,13,-0.049111578947368506,7.64,32.11666666666667,3,178.20466666666667,3,184.62466666666666,3,5.5,3,-3.9825962414008487e-4,0.00467443138634871,COMPLETE,27.46153846153846,5.384615384615385,12.307692307692308,8.692307692307692,68,16.09467455621302,65.13609467455622,184.4260355029586,15.905325443786984,13,0,0,0
2025,4,Stanislaus,372,3484,3112,0.10677382319173363,2025-10-01,2025 Q4,2025-12-31,12,92,0,0,0,1,0,0,1,0,1,0,0,0,Post-credit / pre-war,70360,119,8587,0,151,0.5716490020995117,0.500379429843422,0.8898894594389497,0.10860546884880985,0.0015050717122404068,0,4.339846153846154,4.042,13,-7.261906870471568e-4,7.24,33.4,3,178.82533333333333,3,185.69233333333332,3,5.5,2,0.003482886718267686,0.0057829036928975786,PARTIAL,20.76923076923077,3.1538461538461537,5.6923076923076925,0.23076923076923075,54.61538461538461,15.526627218934912,57.18343195266272,159.81065088757398,14.011834319526628,13,1,9800,7500
2026,1,Stanislaus,368,3241,2873,0.11354520209811786,2026-01-01,2026 Q1,2026-03-31,13,90,1,0,0,0,0,0,1,0,1,0.35555555555555557,1,0,War transition quarter,56856,90,7722,0,137,0.5655038040452774,0.500742252737057,0.8791983670439785,0.11940990907403971,0.0013917238819818147,0,4.591538461538462,5.711,13,0.057995675139139946,7.53,32.28666666666667,3,179.31433333333334,3,180.56266666666667,3,5.366666666666667,3,0.0027345118886958897,-0.02762454741445075,COMPLETE,33,7.307692307692308,5.307692307692308,0.6923076923076922,61.30769230769231,41.08875739644971,85.20710059171599,196.92307692307693,19.124260355029588,13,0,0,0
2026,2,Stanislaus,496,3746,3250,0.13240790176187933,2026-04-01,2026 Q2,2026-06-30,14,91,0,1,0,0,0,0,1,0,1,1,0,1,Full post-war quarter,75597,81,11179,0,148,0.5973611798703616,0.5192673014264826,0.870361628884258,0.12870580379244045,9.325673233015186e-4,0,5.728,5.245,13,0.247512146088122,7.14,35.25,1,178.852,3,179.806,3,5.3,2,-0.0025783400843584214,-0.004190604185435154,PARTIAL,49.84615384615385,17.46153846153846,8.076923076923077,0,79.15384615384616,38.81656804733728,153.37278106508876,234.98224852071007,23.479289940828405,13,0,0,0
2023,1,Sutter,66,672,606,0.09821428571428571,2023-01-01,2023 Q1,2023-03-31,1,90,1,0,0,0,1,0,0,1,0,0,0,0,Pre-credit rolloff / pre-war,83811,790,14684,0,90,0.5995568313441104,0.5098252505413708,0.8441456413355491,0.147897466888251,0.007956891776199829,0,4.461384615384615,4.634,13,,7.48,28.036666666666665,3,178.34199999999998,3,188.251,3,4.466666666666667,3,,,COMPLETE,28.76923076923077,6.230769230769231,2.3846153846153846,9.923076923076923,65.53846153846153,26.698224852071007,53.58579881656805,187.83431952662724,17.79881656804734,13,0,0,0
2023,2,Sutter,81,682,601,0.1187683284457478,2023-04-01,2023 Q2,2023-06-30,2,91,0,1,0,0,1,0,0,1,0,0,0,0,Pre-credit rolloff / pre-war,103367,972,15215,0,99,0.6270890141693294,0.5796125600147214,0.8646051156799438,0.12726466701239608,0.008130217307660137,0,4.6605384615384615,4.649,13,0.044639470326563124,7.81,30.253333333333334,3,178.84066666666666,3,196.347,3,4.566666666666666,3,0.0027961257957558328,0.04300641165252772,COMPLETE,27.923076923076923,5.769230769230769,4.076923076923077,9.153846153846153,64.07692307692308,24.236686390532547,56.426035502958584,176.85207100591717,17.988165680473376,13,0,0,0
2023,3,Sutter,87,689,602,0.1262699564586357,2023-07-01,2023 Q3,2023-09-30,3,92,0,0,1,0,1,0,0,1,0,0,0,0,Pre-credit rolloff / pre-war,100380,1135,17422,0,104,0.5617007323204721,0.5060241976844885,0.8439762227061386,0.14648091006162928,0.00954286723223219,0,5.02476923076923,5.699,13,0.0781520788287915,7.88,29.813333333333333,3,179.192,3,191.143,3,4.8,3,0.001964504717420823,-0.026504097337876398,COMPLETE,31.692307692307693,6.153846153846154,4.076923076923077,7.153846153846154,57.69230769230769,35.40828402366864,57.94082840236687,177.23076923076923,17.230769230769234,13,0,0,0
2023,4,Sutter,74,595,521,0.12436974789915967,2023-10-01,2023 Q4,2023-12-31,4,92,0,0,0,1,1,0,0,0.41304347826086957,0,0,0,0,Pre-credit rolloff / pre-war,86827,220,15454,0,107,0.4996243939083521,0.4510102340464971,0.8470844186885982,0.15076926078769964,0.0021463205237022076,0,4.944461538461539,4.371,13,-0.015982364287682405,8.15,30.14666666666667,3,179.22033333333334,3,188.96433333333331,3,5.033333333333333,3,1.581171778501922e-4,-0.011398098108048371,COMPLETE,28.571428571428573,5.928571428571429,4.071428571428571,6.285714285714286,56.92857142857143,30.24175824175824,52.57142857142858,156.65934065934067,15.296703296703297,14,0,0,0
2024,1,Sutter,80,645,565,0.12403100775193798,2024-01-01,2024 Q1,2024-03-31,5,91,1,0,0,0,1,0,0,0,1,0,0,0,Pre-credit rolloff / pre-war,86431,197,16389,0,109,0.4961317064173874,0.4692720618926973,0.8389974470233068,0.15909024724074666,0.0019123057359464943,0,4.493692307692307,4.801,13,-0.09116649553501988,8.22,31.163333333333334,3,178.98266666666666,3,184.34766666666667,3,5.133333333333333,3,-0.0013261144103813294,-0.024431418274700745,COMPLETE,29.23076923076923,5.461538461538462,2.769230769230769,6.153846153846154,58.76923076923077,18.93491124260355,54.34319526627219,173.63313609467457,15.526627218934912,13,0,0,0
2024,2,Sutter,81,648,567,0.125,2024-04-01,2024 Q2,2024-06-30,6,91,0,1,0,0,1,0,0,0,1,0,0,0,Pre-credit rolloff / pre-war,100124,94,16596,0,111,0.5129350933963395,0.4688992757717397,0.8571232900166076,0.1420720119163799,8.046980670125156e-4,0,4.953461538461538,4.564,13,0.10231435516450404,8.2,34.093333333333334,3,177.66833333333332,3,180.175,3,5.233333333333333,3,-0.007343355408717445,-0.022634768001764782,COMPLETE,28.76923076923077,5.461538461538462,6.846153846153846,5.846153846153846,70.92307692307692,21.396449704142015,61.159763313609474,171.55029585798817,17.230769230769234,13,0,0,0
2024,3,Sutter,82,716,634,0.11452513966480447,2024-07-01,2024 Q3,2024-09-30,7,92,0,0,1,0,1,0,0,0,1,0,0,0,Pre-credit rolloff / pre-war,99738,128,15374,0,126,0.5170079833391183,0.4686827490454703,0.8654807358556057,0.13340853870183964,0.0011107254425546686,0,4.425285714285715,4.412,14,-0.10662762193160502,8.4,31.926666666666666,3,177.11233333333334,3,175.28166666666667,3,5.4,3,-0.0031294265532216814,-0.02715878081494849,COMPLETE,27,5.3076923076923075,9,5.076923076923077,57.69230769230769,18.55621301775148,58.130177514792905,173.06508875739647,16.09467455621302,13,0,0,0
2024,4,Sutter,75,591,516,0.12690355329949238,2024-10-01,2024 Q4,2024-12-31,8,92,0,0,0,1,1,0,0,0,1,0,0,0,Pre-credit rolloff / pre-war,92617,181,15505,0,138,0.4802083044791003,0.40662770191038106,0.8551656002142138,0.14316316260860734,0.001671237177178841,0,4.2403076923076926,4.105,13,-0.041800243853380104,7.82,31.083333333333336,3,177.79033333333334,3,179.781,3,5.4,3,0.0038280789781248714,0.025669161064572288,COMPLETE,24.846153846153847,5.384615384615385,8.692307692307692,6.153846153846154,57.30769230769231,15.905325443786984,54.72189349112426,160.18934911242604,15.147928994082841,13,2,6000,7500
2025,1,Sutter,73,701,628,0.10413694721825963,2025-01-01,2025 Q1,2025-03-31,9,90,1,0,0,0,1,0,0,0,1,0,0,0,Pre-credit rolloff / pre-war,85610,68,15275,0,150,0.4294968945945143,0.3761453349578517,0.8480183847929235,0.15130803443186433,6.735807752122274e-4,0,4.388538461538461,4.585,13,0.03495755025034453,8.04,31.493333333333332,3,178.54733333333334,3,185.72533333333334,3,5.4,3,0.0042578242911595066,0.03306430230854951,COMPLETE,26.076923076923077,5.461538461538462,8,5,55,19.124260355029588,56.426035502958584,181.01775147928996,16.284023668639055,13,1,0,0
2025,2,Sutter,97,721,624,0.13453536754507628,2025-04-01,2025 Q2,2025-06-30,10,91,0,1,0,0,1,0,0,0,1,0,0,0,Pre-credit rolloff / pre-war,84693,62,16868,0,152,0.47184200427068673,0.4086082874939728,0.833403855426429,0.1659860464658591,6.100981077118368e-4,0,4.5673076923076925,4.36,13,0.04073548228777768,7.67,33.56666666666667,3,178.27566666666667,3,183.76566666666668,3,5.466666666666667,3,-0.0015215386396137953,-0.01055142360762129,COMPLETE,24.46153846153846,5.769230769230769,8.384615384615385,4.384615384615385,55.23076923076923,21.396449704142015,57.18343195266272,168.71005917159766,14.958579881656807,13,0,0,0
2025,3,Sutter,116,715,599,0.16223776223776223,2025-07-01,2025 Q3,2025-09-30,11,92,0,0,1,0,1,1,0,0,1,0,0,0,Credit-expiration pull-forward,110380,114,16595,0,149,0.5028759373352533,0.3980674960067354,0.8685252067448795,0.13057778407257906,8.970091825413687e-4,0,4.343,4.446,13,-0.049111578947368506,7.64,32.11666666666667,3,178.20466666666667,3,184.62466666666666,3,5.5,3,-3.9825962414008487e-4,0.00467443138634871,COMPLETE,27.46153846153846,5.384615384615385,12.307692307692308,8.692307692307692,68,16.09467455621302,65.13609467455622,184.4260355029586,15.905325443786984,13,0,0,0
2025,4,Sutter,61,621,560,0.09822866344605476,2025-10-01,2025 Q4,2025-12-31,12,92,0,0,0,1,0,0,1,0,1,0,0,0,Post-credit / pre-war,70360,119,8587,0,151,0.5716490020995117,0.500379429843422,0.8898894594389497,0.10860546884880985,0.0015050717122404068,0,4.339846153846154,4.042,13,-7.261906870471568e-4,7.24,33.4,3,178.82533333333333,3,185.69233333333332,3,5.5,2,0.003482886718267686,0.0057829036928975786,PARTIAL,20.76923076923077,3.1538461538461537,5.6923076923076925,0.23076923076923075,54.61538461538461,15.526627218934912,57.18343195266272,159.81065088757398,14.011834319526628,13,1,9800,7500
2026,1,Sutter,63,623,560,0.10112359550561797,2026-01-01,2026 Q1,2026-03-31,13,90,1,0,0,0,0,0,1,0,1,0.35555555555555557,1,0,War transition quarter,56856,90,7722,0,137,0.5655038040452774,0.500742252737057,0.8791983670439785,0.11940990907403971,0.0013917238819818147,0,4.591538461538462,5.711,13,0.057995675139139946,7.53,32.28666666666667,3,179.31433333333334,3,180.56266666666667,3,5.366666666666667,3,0.0027345118886958897,-0.02762454741445075,COMPLETE,33,7.307692307692308,5.307692307692308,0.6923076923076922,61.30769230769231,41.08875739644971,85.20710059171599,196.92307692307693,19.124260355029588,13,0,0,0
2026,2,Sutter,73,708,635,0.10310734463276836,2026-04-01,2026 Q2,2026-06-30,14,91,0,1,0,0,0,0,1,0,1,1,0,1,Full post-war quarter,75597,81,11179,0,148,0.5973611798703616,0.5192673014264826,0.870361628884258,0.12870580379244045,9.325673233015186e-4,0,5.728,5.245,13,0.247512146088122,7.14,35.25,1,178.852,3,179.806,3,5.3,2,-0.0025783400843584214,-0.004190604185435154,PARTIAL,49.84615384615385,17.46153846153846,8.076923076923077,0,79.15384615384616,38.81656804733728,153.37278106508876,234.98224852071007,23.479289940828405,13,0,0,0
2023,1,Tehama,16,291,275,0.054982817869415807,2023-01-01,2023 Q1,2023-03-31,1,90,1,0,0,0,1,0,0,1,0,0,0,0,Pre-credit rolloff / pre-war,83811,790,14684,0,90,0.5995568313441104,0.5098252505413708,0.8441456413355491,0.147897466888251,0.007956891776199829,0,4.461384615384615,4.634,13,,7.48,28.036666666666665,3,178.34199999999998,3,188.251,3,4.466666666666667,3,,,COMPLETE,28.76923076923077,6.230769230769231,2.3846153846153846,9.923076923076923,65.53846153846153,26.698224852071007,53.58579881656805,187.83431952662724,17.79881656804734,13,0,0,0
2023,2,Tehama,28,330,302,0.08484848484848485,2023-04-01,2023 Q2,2023-06-30,2,91,0,1,0,0,1,0,0,1,0,0,0,0,Pre-credit rolloff / pre-war,103367,972,15215,0,99,0.6270890141693294,0.5796125600147214,0.8646051156799438,0.12726466701239608,0.008130217307660137,0,4.6605384615384615,4.649,13,0.044639470326563124,7.81,30.253333333333334,3,178.84066666666666,3,196.347,3,4.566666666666666,3,0.0027961257957558328,0.04300641165252772,COMPLETE,27.923076923076923,5.769230769230769,4.076923076923077,9.153846153846153,64.07692307692308,24.236686390532547,56.426035502958584,176.85207100591717,17.988165680473376,13,0,0,0
2023,3,Tehama,41,358,317,0.11452513966480447,2023-07-01,2023 Q3,2023-09-30,3,92,0,0,1,0,1,0,0,1,0,0,0,0,Pre-credit rolloff / pre-war,100380,1135,17422,0,104,0.5617007323204721,0.5060241976844885,0.8439762227061386,0.14648091006162928,0.00954286723223219,0,5.02476923076923,5.699,13,0.0781520788287915,7.88,29.813333333333333,3,179.192,3,191.143,3,4.8,3,0.001964504717420823,-0.026504097337876398,COMPLETE,31.692307692307693,6.153846153846154,4.076923076923077,7.153846153846154,57.69230769230769,35.40828402366864,57.94082840236687,177.23076923076923,17.230769230769234,13,0,0,0
2023,4,Tehama,24,320,296,0.075,2023-10-01,2023 Q4,2023-12-31,4,92,0,0,0,1,1,0,0,0.41304347826086957,0,0,0,0,Pre-credit rolloff / pre-war,86827,220,15454,0,107,0.4996243939083521,0.4510102340464971,0.8470844186885982,0.15076926078769964,0.0021463205237022076,0,4.944461538461539,4.371,13,-0.015982364287682405,8.15,30.14666666666667,3,179.22033333333334,3,188.96433333333331,3,5.033333333333333,3,1.581171778501922e-4,-0.011398098108048371,COMPLETE,28.571428571428573,5.928571428571429,4.071428571428571,6.285714285714286,56.92857142857143,30.24175824175824,52.57142857142858,156.65934065934067,15.296703296703297,14,0,0,0
2024,1,Tehama,19,282,263,0.0673758865248227,2024-01-01,2024 Q1,2024-03-31,5,91,1,0,0,0,1,0,0,0,1,0,0,0,Pre-credit rolloff / pre-war,86431,197,16389,0,109,0.4961317064173874,0.4692720618926973,0.8389974470233068,0.15909024724074666,0.0019123057359464943,0,4.493692307692307,4.801,13,-0.09116649553501988,8.22,31.163333333333334,3,178.98266666666666,3,184.34766666666667,3,5.133333333333333,3,-0.0013261144103813294,-0.024431418274700745,COMPLETE,29.23076923076923,5.461538461538462,2.769230769230769,6.153846153846154,58.76923076923077,18.93491124260355,54.34319526627219,173.63313609467457,15.526627218934912,13,0,0,0
2024,2,Tehama,23,304,281,0.0756578947368421,2024-04-01,2024 Q2,2024-06-30,6,91,0,1,0,0,1,0,0,0,1,0,0,0,Pre-credit rolloff / pre-war,100124,94,16596,0,111,0.5129350933963395,0.4688992757717397,0.8571232900166076,0.1420720119163799,8.046980670125156e-4,0,4.953461538461538,4.564,13,0.10231435516450404,8.2,34.093333333333334,3,177.66833333333332,3,180.175,3,5.233333333333333,3,-0.007343355408717445,-0.022634768001764782,COMPLETE,28.76923076923077,5.461538461538462,6.846153846153846,5.846153846153846,70.92307692307692,21.396449704142015,61.159763313609474,171.55029585798817,17.230769230769234,13,0,0,0
2024,3,Tehama,27,289,262,0.09342560553633218,2024-07-01,2024 Q3,2024-09-30,7,92,0,0,1,0,1,0,0,0,1,0,0,0,Pre-credit rolloff / pre-war,99738,128,15374,0,126,0.5170079833391183,0.4686827490454703,0.8654807358556057,0.13340853870183964,0.0011107254425546686,0,4.425285714285715,4.412,14,-0.10662762193160502,8.4,31.926666666666666,3,177.11233333333334,3,175.28166666666667,3,5.4,3,-0.0031294265532216814,-0.02715878081494849,COMPLETE,27,5.3076923076923075,9,5.076923076923077,57.69230769230769,18.55621301775148,58.130177514792905,173.06508875739647,16.09467455621302,13,0,0,0
2024,4,Tehama,24,294,270,0.08163265306122448,2024-10-01,2024 Q4,2024-12-31,8,92,0,0,0,1,1,0,0,0,1,0,0,0,Pre-credit rolloff / pre-war,92617,181,15505,0,138,0.4802083044791003,0.40662770191038106,0.8551656002142138,0.14316316260860734,0.001671237177178841,0,4.2403076923076926,4.105,13,-0.041800243853380104,7.82,31.083333333333336,3,177.79033333333334,3,179.781,3,5.4,3,0.0038280789781248714,0.025669161064572288,COMPLETE,24.846153846153847,5.384615384615385,8.692307692307692,6.153846153846154,57.30769230769231,15.905325443786984,54.72189349112426,160.18934911242604,15.147928994082841,13,2,6000,7500
2025,1,Tehama,25,323,298,0.07739938080495357,2025-01-01,2025 Q1,2025-03-31,9,90,1,0,0,0,1,0,0,0,1,0,0,0,Pre-credit rolloff / pre-war,85610,68,15275,0,150,0.4294968945945143,0.3761453349578517,0.8480183847929235,0.15130803443186433,6.735807752122274e-4,0,4.388538461538461,4.585,13,0.03495755025034453,8.04,31.493333333333332,3,178.54733333333334,3,185.72533333333334,3,5.4,3,0.0042578242911595066,0.03306430230854951,COMPLETE,26.076923076923077,5.461538461538462,8,5,55,19.124260355029588,56.426035502958584,181.01775147928996,16.284023668639055,13,1,0,0
2025,2,Tehama,19,338,319,0.05621301775147929,2025-04-01,2025 Q2,2025-06-30,10,91,0,1,0,0,1,0,0,0,1,0,0,0,Pre-credit rolloff / pre-war,84693,62,16868,0,152,0.47184200427068673,0.4086082874939728,0.833403855426429,0.1659860464658591,6.100981077118368e-4,0,4.5673076923076925,4.36,13,0.04073548228777768,7.67,33.56666666666667,3,178.27566666666667,3,183.76566666666668,3,5.466666666666667,3,-0.0015215386396137953,-0.01055142360762129,COMPLETE,24.46153846153846,5.769230769230769,8.384615384615385,4.384615384615385,55.23076923076923,21.396449704142015,57.18343195266272,168.71005917159766,14.958579881656807,13,0,0,0
2025,3,Tehama,29,319,290,0.09090909090909091,2025-07-01,2025 Q3,2025-09-30,11,92,0,0,1,0,1,1,0,0,1,0,0,0,Credit-expiration pull-forward,110380,114,16595,0,149,0.5028759373352533,0.3980674960067354,0.8685252067448795,0.13057778407257906,8.970091825413687e-4,0,4.343,4.446,13,-0.049111578947368506,7.64,32.11666666666667,3,178.20466666666667,3,184.62466666666666,3,5.5,3,-3.9825962414008487e-4,0.00467443138634871,COMPLETE,27.46153846153846,5.384615384615385,12.307692307692308,8.692307692307692,68,16.09467455621302,65.13609467455622,184.4260355029586,15.905325443786984,13,0,0,0
2025,4,Tehama,18,275,257,0.06545454545454546,2025-10-01,2025 Q4,2025-12-31,12,92,0,0,0,1,0,0,1,0,1,0,0,0,Post-credit / pre-war,70360,119,8587,0,151,0.5716490020995117,0.500379429843422,0.8898894594389497,0.10860546884880985,0.0015050717122404068,0,4.339846153846154,4.042,13,-7.261906870471568e-4,7.24,33.4,3,178.82533333333333,3,185.69233333333332,3,5.5,2,0.003482886718267686,0.0057829036928975786,PARTIAL,20.76923076923077,3.1538461538461537,5.6923076923076925,0.23076923076923075,54.61538461538461,15.526627218934912,57.18343195266272,159.81065088757398,14.011834319526628,13,1,9800,7500
2026,1,Tehama,12,263,251,0.045627376425855515,2026-01-01,2026 Q1,2026-03-31,13,90,1,0,0,0,0,0,1,0,1,0.35555555555555557,1,0,War transition quarter,56856,90,7722,0,137,0.5655038040452774,0.500742252737057,0.8791983670439785,0.11940990907403971,0.0013917238819818147,0,4.591538461538462,5.711,13,0.057995675139139946,7.53,32.28666666666667,3,179.31433333333334,3,180.56266666666667,3,5.366666666666667,3,0.0027345118886958897,-0.02762454741445075,COMPLETE,33,7.307692307692308,5.307692307692308,0.6923076923076922,61.30769230769231,41.08875739644971,85.20710059171599,196.92307692307693,19.124260355029588,13,0,0,0
2026,2,Tehama,28,317,289,0.08832807570977919,2026-04-01,2026 Q2,2026-06-30,14,91,0,1,0,0,0,0,1,0,1,1,0,1,Full post-war quarter,75597,81,11179,0,148,0.5973611798703616,0.5192673014264826,0.870361628884258,0.12870580379244045,9.325673233015186e-4,0,5.728,5.245,13,0.247512146088122,7.14,35.25,1,178.852,3,179.806,3,5.3,2,-0.0025783400843584214,-0.004190604185435154,PARTIAL,49.84615384615385,17.46153846153846,8.076923076923077,0,79.15384615384616,38.81656804733728,153.37278106508876,234.98224852071007,23.479289940828405,13,0,0,0
2023,1,Trinity,5,51,46,0.09803921568627451,2023-01-01,2023 Q1,2023-03-31,1,90,1,0,0,0,1,0,0,1,0,0,0,0,Pre-credit rolloff / pre-war,83811,790,14684,0,90,0.5995568313441104,0.5098252505413708,0.8441456413355491,0.147897466888251,0.007956891776199829,0,4.461384615384615,4.634,13,,7.48,28.036666666666665,3,178.34199999999998,3,188.251,3,4.466666666666667,3,,,COMPLETE,28.76923076923077,6.230769230769231,2.3846153846153846,9.923076923076923,65.53846153846153,26.698224852071007,53.58579881656805,187.83431952662724,17.79881656804734,13,0,0,0
2023,2,Trinity,3,49,46,0.061224489795918366,2023-04-01,2023 Q2,2023-06-30,2,91,0,1,0,0,1,0,0,1,0,0,0,0,Pre-credit rolloff / pre-war,103367,972,15215,0,99,0.6270890141693294,0.5796125600147214,0.8646051156799438,0.12726466701239608,0.008130217307660137,0,4.6605384615384615,4.649,13,0.044639470326563124,7.81,30.253333333333334,3,178.84066666666666,3,196.347,3,4.566666666666666,3,0.0027961257957558328,0.04300641165252772,COMPLETE,27.923076923076923,5.769230769230769,4.076923076923077,9.153846153846153,64.07692307692308,24.236686390532547,56.426035502958584,176.85207100591717,17.988165680473376,13,0,0,0
2023,3,Trinity,6,48,42,0.125,2023-07-01,2023 Q3,2023-09-30,3,92,0,0,1,0,1,0,0,1,0,0,0,0,Pre-credit rolloff / pre-war,100380,1135,17422,0,104,0.5617007323204721,0.5060241976844885,0.8439762227061386,0.14648091006162928,0.00954286723223219,0,5.02476923076923,5.699,13,0.0781520788287915,7.88,29.813333333333333,3,179.192,3,191.143,3,4.8,3,0.001964504717420823,-0.026504097337876398,COMPLETE,31.692307692307693,6.153846153846154,4.076923076923077,7.153846153846154,57.69230769230769,35.40828402366864,57.94082840236687,177.23076923076923,17.230769230769234,13,0,0,0
2023,4,Trinity,2,55,53,0.03636363636363636,2023-10-01,2023 Q4,2023-12-31,4,92,0,0,0,1,1,0,0,0.41304347826086957,0,0,0,0,Pre-credit rolloff / pre-war,86827,220,15454,0,107,0.4996243939083521,0.4510102340464971,0.8470844186885982,0.15076926078769964,0.0021463205237022076,0,4.944461538461539,4.371,13,-0.015982364287682405,8.15,30.14666666666667,3,179.22033333333334,3,188.96433333333331,3,5.033333333333333,3,1.581171778501922e-4,-0.011398098108048371,COMPLETE,28.571428571428573,5.928571428571429,4.071428571428571,6.285714285714286,56.92857142857143,30.24175824175824,52.57142857142858,156.65934065934067,15.296703296703297,14,0,0,0
2024,1,Trinity,4,56,52,0.07142857142857142,2024-01-01,2024 Q1,2024-03-31,5,91,1,0,0,0,1,0,0,0,1,0,0,0,Pre-credit rolloff / pre-war,86431,197,16389,0,109,0.4961317064173874,0.4692720618926973,0.8389974470233068,0.15909024724074666,0.0019123057359464943,0,4.493692307692307,4.801,13,-0.09116649553501988,8.22,31.163333333333334,3,178.98266666666666,3,184.34766666666667,3,5.133333333333333,3,-0.0013261144103813294,-0.024431418274700745,COMPLETE,29.23076923076923,5.461538461538462,2.769230769230769,6.153846153846154,58.76923076923077,18.93491124260355,54.34319526627219,173.63313609467457,15.526627218934912,13,0,0,0
2024,2,Trinity,8,55,47,0.14545454545454545,2024-04-01,2024 Q2,2024-06-30,6,91,0,1,0,0,1,0,0,0,1,0,0,0,Pre-credit rolloff / pre-war,100124,94,16596,0,111,0.5129350933963395,0.4688992757717397,0.8571232900166076,0.1420720119163799,8.046980670125156e-4,0,4.953461538461538,4.564,13,0.10231435516450404,8.2,34.093333333333334,3,177.66833333333332,3,180.175,3,5.233333333333333,3,-0.007343355408717445,-0.022634768001764782,COMPLETE,28.76923076923077,5.461538461538462,6.846153846153846,5.846153846153846,70.92307692307692,21.396449704142015,61.159763313609474,171.55029585798817,17.230769230769234,13,0,0,0
2024,3,Trinity,3,45,42,0.06666666666666667,2024-07-01,2024 Q3,2024-09-30,7,92,0,0,1,0,1,0,0,0,1,0,0,0,Pre-credit rolloff / pre-war,99738,128,15374,0,126,0.5170079833391183,0.4686827490454703,0.8654807358556057,0.13340853870183964,0.0011107254425546686,0,4.425285714285715,4.412,14,-0.10662762193160502,8.4,31.926666666666666,3,177.11233333333334,3,175.28166666666667,3,5.4,3,-0.0031294265532216814,-0.02715878081494849,COMPLETE,27,5.3076923076923075,9,5.076923076923077,57.69230769230769,18.55621301775148,58.130177514792905,173.06508875739647,16.09467455621302,13,0,0,0
2024,4,Trinity,3,48,45,0.0625,2024-10-01,2024 Q4,2024-12-31,8,92,0,0,0,1,1,0,0,0,1,0,0,0,Pre-credit rolloff / pre-war,92617,181,15505,0,138,0.4802083044791003,0.40662770191038106,0.8551656002142138,0.14316316260860734,0.001671237177178841,0,4.2403076923076926,4.105,13,-0.041800243853380104,7.82,31.083333333333336,3,177.79033333333334,3,179.781,3,5.4,3,0.0038280789781248714,0.025669161064572288,COMPLETE,24.846153846153847,5.384615384615385,8.692307692307692,6.153846153846154,57.30769230769231,15.905325443786984,54.72189349112426,160.18934911242604,15.147928994082841,13,2,6000,7500
2025,1,Trinity,2,48,46,0.041666666666666664,2025-01-01,2025 Q1,2025-03-31,9,90,1,0,0,0,1,0,0,0,1,0,0,0,Pre-credit rolloff / pre-war,85610,68,15275,0,150,0.4294968945945143,0.3761453349578517,0.8480183847929235,0.15130803443186433,6.735807752122274e-4,0,4.388538461538461,4.585,13,0.03495755025034453,8.04,31.493333333333332,3,178.54733333333334,3,185.72533333333334,3,5.4,3,0.0042578242911595066,0.03306430230854951,COMPLETE,26.076923076923077,5.461538461538462,8,5,55,19.124260355029588,56.426035502958584,181.01775147928996,16.284023668639055,13,1,0,0
2025,2,Trinity,3,49,46,0.061224489795918366,2025-04-01,2025 Q2,2025-06-30,10,91,0,1,0,0,1,0,0,0,1,0,0,0,Pre-credit rolloff / pre-war,84693,62,16868,0,152,0.47184200427068673,0.4086082874939728,0.833403855426429,0.1659860464658591,6.100981077118368e-4,0,4.5673076923076925,4.36,13,0.04073548228777768,7.67,33.56666666666667,3,178.27566666666667,3,183.76566666666668,3,5.466666666666667,3,-0.0015215386396137953,-0.01055142360762129,COMPLETE,24.46153846153846,5.769230769230769,8.384615384615385,4.384615384615385,55.23076923076923,21.396449704142015,57.18343195266272,168.71005917159766,14.958579881656807,13,0,0,0
2025,3,Trinity,6,47,41,0.1276595744680851,2025-07-01,2025 Q3,2025-09-30,11,92,0,0,1,0,1,1,0,0,1,0,0,0,Credit-expiration pull-forward,110380,114,16595,0,149,0.5028759373352533,0.3980674960067354,0.8685252067448795,0.13057778407257906,8.970091825413687e-4,0,4.343,4.446,13,-0.049111578947368506,7.64,32.11666666666667,3,178.20466666666667,3,184.62466666666666,3,5.5,3,-3.9825962414008487e-4,0.00467443138634871,COMPLETE,27.46153846153846,5.384615384615385,12.307692307692308,8.692307692307692,68,16.09467455621302,65.13609467455622,184.4260355029586,15.905325443786984,13,0,0,0
2025,4,Trinity,2,41,39,0.04878048780487805,2025-10-01,2025 Q4,2025-12-31,12,92,0,0,0,1,0,0,1,0,1,0,0,0,Post-credit / pre-war,70360,119,8587,0,151,0.5716490020995117,0.500379429843422,0.8898894594389497,0.10860546884880985,0.0015050717122404068,0,4.339846153846154,4.042,13,-7.261906870471568e-4,7.24,33.4,3,178.82533333333333,3,185.69233333333332,3,5.5,2,0.003482886718267686,0.0057829036928975786,PARTIAL,20.76923076923077,3.1538461538461537,5.6923076923076925,0.23076923076923075,54.61538461538461,15.526627218934912,57.18343195266272,159.81065088757398,14.011834319526628,13,1,9800,7500
2026,1,Trinity,2,55,53,0.03636363636363636,2026-01-01,2026 Q1,2026-03-31,13,90,1,0,0,0,0,0,1,0,1,0.35555555555555557,1,0,War transition quarter,56856,90,7722,0,137,0.5655038040452774,0.500742252737057,0.8791983670439785,0.11940990907403971,0.0013917238819818147,0,4.591538461538462,5.711,13,0.057995675139139946,7.53,32.28666666666667,3,179.31433333333334,3,180.56266666666667,3,5.366666666666667,3,0.0027345118886958897,-0.02762454741445075,COMPLETE,33,7.307692307692308,5.307692307692308,0.6923076923076922,61.30769230769231,41.08875739644971,85.20710059171599,196.92307692307693,19.124260355029588,13,0,0,0
2026,2,Trinity,5,47,42,0.10638297872340426,2026-04-01,2026 Q2,2026-06-30,14,91,0,1,0,0,0,0,1,0,1,1,0,1,Full post-war quarter,75597,81,11179,0,148,0.5973611798703616,0.5192673014264826,0.870361628884258,0.12870580379244045,9.325673233015186e-4,0,5.728,5.245,13,0.247512146088122,7.14,35.25,1,178.852,3,179.806,3,5.3,2,-0.0025783400843584214,-0.004190604185435154,PARTIAL,49.84615384615385,17.46153846153846,8.076923076923077,0,79.15384615384616,38.81656804733728,153.37278106508876,234.98224852071007,23.479289940828405,13,0,0,0
2023,1,Tulare,171,2770,2599,0.06173285198555957,2023-01-01,2023 Q1,2023-03-31,1,90,1,0,0,0,1,0,0,1,0,0,0,0,Pre-credit rolloff / pre-war,83811,790,14684,0,90,0.5995568313441104,0.5098252505413708,0.8441456413355491,0.147897466888251,0.007956891776199829,0,4.461384615384615,4.634,13,,7.48,28.036666666666665,3,178.34199999999998,3,188.251,3,4.466666666666667,3,,,COMPLETE,28.76923076923077,6.230769230769231,2.3846153846153846,9.923076923076923,65.53846153846153,26.698224852071007,53.58579881656805,187.83431952662724,17.79881656804734,13,0,0,0
2023,2,Tulare,258,3169,2911,0.08141369517197854,2023-04-01,2023 Q2,2023-06-30,2,91,0,1,0,0,1,0,0,1,0,0,0,0,Pre-credit rolloff / pre-war,103367,972,15215,0,99,0.6270890141693294,0.5796125600147214,0.8646051156799438,0.12726466701239608,0.008130217307660137,0,4.6605384615384615,4.649,13,0.044639470326563124,7.81,30.253333333333334,3,178.84066666666666,3,196.347,3,4.566666666666666,3,0.0027961257957558328,0.04300641165252772,COMPLETE,27.923076923076923,5.769230769230769,4.076923076923077,9.153846153846153,64.07692307692308,24.236686390532547,56.426035502958584,176.85207100591717,17.988165680473376,13,0,0,0
2023,3,Tulare,310,3002,2692,0.10326449033977349,2023-07-01,2023 Q3,2023-09-30,3,92,0,0,1,0,1,0,0,1,0,0,0,0,Pre-credit rolloff / pre-war,100380,1135,17422,0,104,0.5617007323204721,0.5060241976844885,0.8439762227061386,0.14648091006162928,0.00954286723223219,0,5.02476923076923,5.699,13,0.0781520788287915,7.88,29.813333333333333,3,179.192,3,191.143,3,4.8,3,0.001964504717420823,-0.026504097337876398,COMPLETE,31.692307692307693,6.153846153846154,4.076923076923077,7.153846153846154,57.69230769230769,35.40828402366864,57.94082840236687,177.23076923076923,17.230769230769234,13,0,0,0
2023,4,Tulare,240,2693,2453,0.08911994058670628,2023-10-01,2023 Q4,2023-12-31,4,92,0,0,0,1,1,0,0,0.41304347826086957,0,0,0,0,Pre-credit rolloff / pre-war,86827,220,15454,0,107,0.4996243939083521,0.4510102340464971,0.8470844186885982,0.15076926078769964,0.0021463205237022076,0,4.944461538461539,4.371,13,-0.015982364287682405,8.15,30.14666666666667,3,179.22033333333334,3,188.96433333333331,3,5.033333333333333,3,1.581171778501922e-4,-0.011398098108048371,COMPLETE,28.571428571428573,5.928571428571429,4.071428571428571,6.285714285714286,56.92857142857143,30.24175824175824,52.57142857142858,156.65934065934067,15.296703296703297,14,0,0,0
2024,1,Tulare,220,2734,2514,0.08046817849305048,2024-01-01,2024 Q1,2024-03-31,5,91,1,0,0,0,1,0,0,0,1,0,0,0,Pre-credit rolloff / pre-war,86431,197,16389,0,109,0.4961317064173874,0.4692720618926973,0.8389974470233068,0.15909024724074666,0.0019123057359464943,0,4.493692307692307,4.801,13,-0.09116649553501988,8.22,31.163333333333334,3,178.98266666666666,3,184.34766666666667,3,5.133333333333333,3,-0.0013261144103813294,-0.024431418274700745,COMPLETE,29.23076923076923,5.461538461538462,2.769230769230769,6.153846153846154,58.76923076923077,18.93491124260355,54.34319526627219,173.63313609467457,15.526627218934912,13,0,0,0
2024,2,Tulare,265,2646,2381,0.10015117157974301,2024-04-01,2024 Q2,2024-06-30,6,91,0,1,0,0,1,0,0,0,1,0,0,0,Pre-credit rolloff / pre-war,100124,94,16596,0,111,0.5129350933963395,0.4688992757717397,0.8571232900166076,0.1420720119163799,8.046980670125156e-4,0,4.953461538461538,4.564,13,0.10231435516450404,8.2,34.093333333333334,3,177.66833333333332,3,180.175,3,5.233333333333333,3,-0.007343355408717445,-0.022634768001764782,COMPLETE,28.76923076923077,5.461538461538462,6.846153846153846,5.846153846153846,70.92307692307692,21.396449704142015,61.159763313609474,171.55029585798817,17.230769230769234,13,0,0,0
2024,3,Tulare,322,3168,2846,0.10164141414141414,2024-07-01,2024 Q3,2024-09-30,7,92,0,0,1,0,1,0,0,0,1,0,0,0,Pre-credit rolloff / pre-war,99738,128,15374,0,126,0.5170079833391183,0.4686827490454703,0.8654807358556057,0.13340853870183964,0.0011107254425546686,0,4.425285714285715,4.412,14,-0.10662762193160502,8.4,31.926666666666666,3,177.11233333333334,3,175.28166666666667,3,5.4,3,-0.0031294265532216814,-0.02715878081494849,COMPLETE,27,5.3076923076923075,9,5.076923076923077,57.69230769230769,18.55621301775148,58.130177514792905,173.06508875739647,16.09467455621302,13,0,0,0
2024,4,Tulare,285,2808,2523,0.1014957264957265,2024-10-01,2024 Q4,2024-12-31,8,92,0,0,0,1,1,0,0,0,1,0,0,0,Pre-credit rolloff / pre-war,92617,181,15505,0,138,0.4802083044791003,0.40662770191038106,0.8551656002142138,0.14316316260860734,0.001671237177178841,0,4.2403076923076926,4.105,13,-0.041800243853380104,7.82,31.083333333333336,3,177.79033333333334,3,179.781,3,5.4,3,0.0038280789781248714,0.025669161064572288,COMPLETE,24.846153846153847,5.384615384615385,8.692307692307692,6.153846153846154,57.30769230769231,15.905325443786984,54.72189349112426,160.18934911242604,15.147928994082841,13,2,6000,7500
2025,1,Tulare,243,2802,2559,0.0867237687366167,2025-01-01,2025 Q1,2025-03-31,9,90,1,0,0,0,1,0,0,0,1,0,0,0,Pre-credit rolloff / pre-war,85610,68,15275,0,150,0.4294968945945143,0.3761453349578517,0.8480183847929235,0.15130803443186433,6.735807752122274e-4,0,4.388538461538461,4.585,13,0.03495755025034453,8.04,31.493333333333332,3,178.54733333333334,3,185.72533333333334,3,5.4,3,0.0042578242911595066,0.03306430230854951,COMPLETE,26.076923076923077,5.461538461538462,8,5,55,19.124260355029588,56.426035502958584,181.01775147928996,16.284023668639055,13,1,0,0
2025,2,Tulare,315,3156,2841,0.09980988593155894,2025-04-01,2025 Q2,2025-06-30,10,91,0,1,0,0,1,0,0,0,1,0,0,0,Pre-credit rolloff / pre-war,84693,62,16868,0,152,0.47184200427068673,0.4086082874939728,0.833403855426429,0.1659860464658591,6.100981077118368e-4,0,4.5673076923076925,4.36,13,0.04073548228777768,7.67,33.56666666666667,3,178.27566666666667,3,183.76566666666668,3,5.466666666666667,3,-0.0015215386396137953,-0.01055142360762129,COMPLETE,24.46153846153846,5.769230769230769,8.384615384615385,4.384615384615385,55.23076923076923,21.396449704142015,57.18343195266272,168.71005917159766,14.958579881656807,13,0,0,0
2025,3,Tulare,383,3181,2798,0.12040238918579063,2025-07-01,2025 Q3,2025-09-30,11,92,0,0,1,0,1,1,0,0,1,0,0,0,Credit-expiration pull-forward,110380,114,16595,0,149,0.5028759373352533,0.3980674960067354,0.8685252067448795,0.13057778407257906,8.970091825413687e-4,0,4.343,4.446,13,-0.049111578947368506,7.64,32.11666666666667,3,178.20466666666667,3,184.62466666666666,3,5.5,3,-3.9825962414008487e-4,0.00467443138634871,COMPLETE,27.46153846153846,5.384615384615385,12.307692307692308,8.692307692307692,68,16.09467455621302,65.13609467455622,184.4260355029586,15.905325443786984,13,0,0,0
2025,4,Tulare,244,2717,2473,0.08980493191019506,2025-10-01,2025 Q4,2025-12-31,12,92,0,0,0,1,0,0,1,0,1,0,0,0,Post-credit / pre-war,70360,119,8587,0,151,0.5716490020995117,0.500379429843422,0.8898894594389497,0.10860546884880985,0.0015050717122404068,0,4.339846153846154,4.042,13,-7.261906870471568e-4,7.24,33.4,3,178.82533333333333,3,185.69233333333332,3,5.5,2,0.003482886718267686,0.0057829036928975786,PARTIAL,20.76923076923077,3.1538461538461537,5.6923076923076925,0.23076923076923075,54.61538461538461,15.526627218934912,57.18343195266272,159.81065088757398,14.011834319526628,13,1,9800,7500
2026,1,Tulare,159,2641,2482,0.06020446800454373,2026-01-01,2026 Q1,2026-03-31,13,90,1,0,0,0,0,0,1,0,1,0.35555555555555557,1,0,War transition quarter,56856,90,7722,0,137,0.5655038040452774,0.500742252737057,0.8791983670439785,0.11940990907403971,0.0013917238819818147,0,4.591538461538462,5.711,13,0.057995675139139946,7.53,32.28666666666667,3,179.31433333333334,3,180.56266666666667,3,5.366666666666667,3,0.0027345118886958897,-0.02762454741445075,COMPLETE,33,7.307692307692308,5.307692307692308,0.6923076923076922,61.30769230769231,41.08875739644971,85.20710059171599,196.92307692307693,19.124260355029588,13,0,0,0
2026,2,Tulare,308,3064,2756,0.10052219321148825,2026-04-01,2026 Q2,2026-06-30,14,91,0,1,0,0,0,0,1,0,1,1,0,1,Full post-war quarter,75597,81,11179,0,148,0.5973611798703616,0.5192673014264826,0.870361628884258,0.12870580379244045,9.325673233015186e-4,0,5.728,5.245,13,0.247512146088122,7.14,35.25,1,178.852,3,179.806,3,5.3,2,-0.0025783400843584214,-0.004190604185435154,PARTIAL,49.84615384615385,17.46153846153846,8.076923076923077,0,79.15384615384616,38.81656804733728,153.37278106508876,234.98224852071007,23.479289940828405,13,0,0,0
2023,1,Tuolumne,45,325,280,0.13846153846153847,2023-01-01,2023 Q1,2023-03-31,1,90,1,0,0,0,1,0,0,1,0,0,0,0,Pre-credit rolloff / pre-war,83811,790,14684,0,90,0.5995568313441104,0.5098252505413708,0.8441456413355491,0.147897466888251,0.007956891776199829,0,4.461384615384615,4.634,13,,7.48,28.036666666666665,3,178.34199999999998,3,188.251,3,4.466666666666667,3,,,COMPLETE,28.76923076923077,6.230769230769231,2.3846153846153846,9.923076923076923,65.53846153846153,26.698224852071007,53.58579881656805,187.83431952662724,17.79881656804734,13,0,0,0
2023,2,Tuolumne,39,356,317,0.10955056179775281,2023-04-01,2023 Q2,2023-06-30,2,91,0,1,0,0,1,0,0,1,0,0,0,0,Pre-credit rolloff / pre-war,103367,972,15215,0,99,0.6270890141693294,0.5796125600147214,0.8646051156799438,0.12726466701239608,0.008130217307660137,0,4.6605384615384615,4.649,13,0.044639470326563124,7.81,30.253333333333334,3,178.84066666666666,3,196.347,3,4.566666666666666,3,0.0027961257957558328,0.04300641165252772,COMPLETE,27.923076923076923,5.769230769230769,4.076923076923077,9.153846153846153,64.07692307692308,24.236686390532547,56.426035502958584,176.85207100591717,17.988165680473376,13,0,0,0
2023,3,Tuolumne,38,303,265,0.1254125412541254,2023-07-01,2023 Q3,2023-09-30,3,92,0,0,1,0,1,0,0,1,0,0,0,0,Pre-credit rolloff / pre-war,100380,1135,17422,0,104,0.5617007323204721,0.5060241976844885,0.8439762227061386,0.14648091006162928,0.00954286723223219,0,5.02476923076923,5.699,13,0.0781520788287915,7.88,29.813333333333333,3,179.192,3,191.143,3,4.8,3,0.001964504717420823,-0.026504097337876398,COMPLETE,31.692307692307693,6.153846153846154,4.076923076923077,7.153846153846154,57.69230769230769,35.40828402366864,57.94082840236687,177.23076923076923,17.230769230769234,13,0,0,0
2023,4,Tuolumne,52,322,270,0.16149068322981366,2023-10-01,2023 Q4,2023-12-31,4,92,0,0,0,1,1,0,0,0.41304347826086957,0,0,0,0,Pre-credit rolloff / pre-war,86827,220,15454,0,107,0.4996243939083521,0.4510102340464971,0.8470844186885982,0.15076926078769964,0.0021463205237022076,0,4.944461538461539,4.371,13,-0.015982364287682405,8.15,30.14666666666667,3,179.22033333333334,3,188.96433333333331,3,5.033333333333333,3,1.581171778501922e-4,-0.011398098108048371,COMPLETE,28.571428571428573,5.928571428571429,4.071428571428571,6.285714285714286,56.92857142857143,30.24175824175824,52.57142857142858,156.65934065934067,15.296703296703297,14,0,0,0
2024,1,Tuolumne,38,316,278,0.12025316455696203,2024-01-01,2024 Q1,2024-03-31,5,91,1,0,0,0,1,0,0,0,1,0,0,0,Pre-credit rolloff / pre-war,86431,197,16389,0,109,0.4961317064173874,0.4692720618926973,0.8389974470233068,0.15909024724074666,0.0019123057359464943,0,4.493692307692307,4.801,13,-0.09116649553501988,8.22,31.163333333333334,3,178.98266666666666,3,184.34766666666667,3,5.133333333333333,3,-0.0013261144103813294,-0.024431418274700745,COMPLETE,29.23076923076923,5.461538461538462,2.769230769230769,6.153846153846154,58.76923076923077,18.93491124260355,54.34319526627219,173.63313609467457,15.526627218934912,13,0,0,0
2024,2,Tuolumne,42,310,268,0.13548387096774195,2024-04-01,2024 Q2,2024-06-30,6,91,0,1,0,0,1,0,0,0,1,0,0,0,Pre-credit rolloff / pre-war,100124,94,16596,0,111,0.5129350933963395,0.4688992757717397,0.8571232900166076,0.1420720119163799,8.046980670125156e-4,0,4.953461538461538,4.564,13,0.10231435516450404,8.2,34.093333333333334,3,177.66833333333332,3,180.175,3,5.233333333333333,3,-0.007343355408717445,-0.022634768001764782,COMPLETE,28.76923076923077,5.461538461538462,6.846153846153846,5.846153846153846,70.92307692307692,21.396449704142015,61.159763313609474,171.55029585798817,17.230769230769234,13,0,0,0
2024,3,Tuolumne,37,303,266,0.12211221122112212,2024-07-01,2024 Q3,2024-09-30,7,92,0,0,1,0,1,0,0,0,1,0,0,0,Pre-credit rolloff / pre-war,99738,128,15374,0,126,0.5170079833391183,0.4686827490454703,0.8654807358556057,0.13340853870183964,0.0011107254425546686,0,4.425285714285715,4.412,14,-0.10662762193160502,8.4,31.926666666666666,3,177.11233333333334,3,175.28166666666667,3,5.4,3,-0.0031294265532216814,-0.02715878081494849,COMPLETE,27,5.3076923076923075,9,5.076923076923077,57.69230769230769,18.55621301775148,58.130177514792905,173.06508875739647,16.09467455621302,13,0,0,0
2024,4,Tuolumne,32,310,278,0.1032258064516129,2024-10-01,2024 Q4,2024-12-31,8,92,0,0,0,1,1,0,0,0,1,0,0,0,Pre-credit rolloff / pre-war,92617,181,15505,0,138,0.4802083044791003,0.40662770191038106,0.8551656002142138,0.14316316260860734,0.001671237177178841,0,4.2403076923076926,4.105,13,-0.041800243853380104,7.82,31.083333333333336,3,177.79033333333334,3,179.781,3,5.4,3,0.0038280789781248714,0.025669161064572288,COMPLETE,24.846153846153847,5.384615384615385,8.692307692307692,6.153846153846154,57.30769230769231,15.905325443786984,54.72189349112426,160.18934911242604,15.147928994082841,13,2,6000,7500
2025,1,Tuolumne,38,320,282,0.11875,2025-01-01,2025 Q1,2025-03-31,9,90,1,0,0,0,1,0,0,0,1,0,0,0,Pre-credit rolloff / pre-war,85610,68,15275,0,150,0.4294968945945143,0.3761453349578517,0.8480183847929235,0.15130803443186433,6.735807752122274e-4,0,4.388538461538461,4.585,13,0.03495755025034453,8.04,31.493333333333332,3,178.54733333333334,3,185.72533333333334,3,5.4,3,0.0042578242911595066,0.03306430230854951,COMPLETE,26.076923076923077,5.461538461538462,8,5,55,19.124260355029588,56.426035502958584,181.01775147928996,16.284023668639055,13,1,0,0
2025,2,Tuolumne,32,320,288,0.1,2025-04-01,2025 Q2,2025-06-30,10,91,0,1,0,0,1,0,0,0,1,0,0,0,Pre-credit rolloff / pre-war,84693,62,16868,0,152,0.47184200427068673,0.4086082874939728,0.833403855426429,0.1659860464658591,6.100981077118368e-4,0,4.5673076923076925,4.36,13,0.04073548228777768,7.67,33.56666666666667,3,178.27566666666667,3,183.76566666666668,3,5.466666666666667,3,-0.0015215386396137953,-0.01055142360762129,COMPLETE,24.46153846153846,5.769230769230769,8.384615384615385,4.384615384615385,55.23076923076923,21.396449704142015,57.18343195266272,168.71005917159766,14.958579881656807,13,0,0,0
2025,3,Tuolumne,45,333,288,0.13513513513513514,2025-07-01,2025 Q3,2025-09-30,11,92,0,0,1,0,1,1,0,0,1,0,0,0,Credit-expiration pull-forward,110380,114,16595,0,149,0.5028759373352533,0.3980674960067354,0.8685252067448795,0.13057778407257906,8.970091825413687e-4,0,4.343,4.446,13,-0.049111578947368506,7.64,32.11666666666667,3,178.20466666666667,3,184.62466666666666,3,5.5,3,-3.9825962414008487e-4,0.00467443138634871,COMPLETE,27.46153846153846,5.384615384615385,12.307692307692308,8.692307692307692,68,16.09467455621302,65.13609467455622,184.4260355029586,15.905325443786984,13,0,0,0
2025,4,Tuolumne,38,312,274,0.12179487179487179,2025-10-01,2025 Q4,2025-12-31,12,92,0,0,0,1,0,0,1,0,1,0,0,0,Post-credit / pre-war,70360,119,8587,0,151,0.5716490020995117,0.500379429843422,0.8898894594389497,0.10860546884880985,0.0015050717122404068,0,4.339846153846154,4.042,13,-7.261906870471568e-4,7.24,33.4,3,178.82533333333333,3,185.69233333333332,3,5.5,2,0.003482886718267686,0.0057829036928975786,PARTIAL,20.76923076923077,3.1538461538461537,5.6923076923076925,0.23076923076923075,54.61538461538461,15.526627218934912,57.18343195266272,159.81065088757398,14.011834319526628,13,1,9800,7500
2026,1,Tuolumne,22,289,267,0.07612456747404844,2026-01-01,2026 Q1,2026-03-31,13,90,1,0,0,0,0,0,1,0,1,0.35555555555555557,1,0,War transition quarter,56856,90,7722,0,137,0.5655038040452774,0.500742252737057,0.8791983670439785,0.11940990907403971,0.0013917238819818147,0,4.591538461538462,5.711,13,0.057995675139139946,7.53,32.28666666666667,3,179.31433333333334,3,180.56266666666667,3,5.366666666666667,3,0.0027345118886958897,-0.02762454741445075,COMPLETE,33,7.307692307692308,5.307692307692308,0.6923076923076922,61.30769230769231,41.08875739644971,85.20710059171599,196.92307692307693,19.124260355029588,13,0,0,0
2026,2,Tuolumne,37,319,282,0.11598746081504702,2026-04-01,2026 Q2,2026-06-30,14,91,0,1,0,0,0,0,1,0,1,1,0,1,Full post-war quarter,75597,81,11179,0,148,0.5973611798703616,0.5192673014264826,0.870361628884258,0.12870580379244045,9.325673233015186e-4,0,5.728,5.245,13,0.247512146088122,7.14,35.25,1,178.852,3,179.806,3,5.3,2,-0.0025783400843584214,-0.004190604185435154,PARTIAL,49.84615384615385,17.46153846153846,8.076923076923077,0,79.15384615384616,38.81656804733728,153.37278106508876,234.98224852071007,23.479289940828405,13,0,0,0
2023,1,Ventura,1891,8638,6747,0.2189164158369993,2023-01-01,2023 Q1,2023-03-31,1,90,1,0,0,0,1,0,0,1,0,0,0,0,Pre-credit rolloff / pre-war,83811,790,14684,0,90,0.5995568313441104,0.5098252505413708,0.8441456413355491,0.147897466888251,0.007956891776199829,0,4.461384615384615,4.634,13,,7.48,28.036666666666665,3,178.34199999999998,3,188.251,3,4.466666666666667,3,,,COMPLETE,28.76923076923077,6.230769230769231,2.3846153846153846,9.923076923076923,65.53846153846153,26.698224852071007,53.58579881656805,187.83431952662724,17.79881656804734,13,0,0,0
2023,2,Ventura,2610,9968,7358,0.2618378812199037,2023-04-01,2023 Q2,2023-06-30,2,91,0,1,0,0,1,0,0,1,0,0,0,0,Pre-credit rolloff / pre-war,103367,972,15215,0,99,0.6270890141693294,0.5796125600147214,0.8646051156799438,0.12726466701239608,0.008130217307660137,0,4.6605384615384615,4.649,13,0.044639470326563124,7.81,30.253333333333334,3,178.84066666666666,3,196.347,3,4.566666666666666,3,0.0027961257957558328,0.04300641165252772,COMPLETE,27.923076923076923,5.769230769230769,4.076923076923077,9.153846153846153,64.07692307692308,24.236686390532547,56.426035502958584,176.85207100591717,17.988165680473376,13,0,0,0
2023,3,Ventura,2393,9552,7159,0.2505234505862647,2023-07-01,2023 Q3,2023-09-30,3,92,0,0,1,0,1,0,0,1,0,0,0,0,Pre-credit rolloff / pre-war,100380,1135,17422,0,104,0.5617007323204721,0.5060241976844885,0.8439762227061386,0.14648091006162928,0.00954286723223219,0,5.02476923076923,5.699,13,0.0781520788287915,7.88,29.813333333333333,3,179.192,3,191.143,3,4.8,3,0.001964504717420823,-0.026504097337876398,COMPLETE,31.692307692307693,6.153846153846154,4.076923076923077,7.153846153846154,57.69230769230769,35.40828402366864,57.94082840236687,177.23076923076923,17.230769230769234,13,0,0,0
2023,4,Ventura,2266,8966,6700,0.25273254517064464,2023-10-01,2023 Q4,2023-12-31,4,92,0,0,0,1,1,0,0,0.41304347826086957,0,0,0,0,Pre-credit rolloff / pre-war,86827,220,15454,0,107,0.4996243939083521,0.4510102340464971,0.8470844186885982,0.15076926078769964,0.0021463205237022076,0,4.944461538461539,4.371,13,-0.015982364287682405,8.15,30.14666666666667,3,179.22033333333334,3,188.96433333333331,3,5.033333333333333,3,1.581171778501922e-4,-0.011398098108048371,COMPLETE,28.571428571428573,5.928571428571429,4.071428571428571,6.285714285714286,56.92857142857143,30.24175824175824,52.57142857142858,156.65934065934067,15.296703296703297,14,0,0,0
2024,1,Ventura,2340,9356,7016,0.2501068832834545,2024-01-01,2024 Q1,2024-03-31,5,91,1,0,0,0,1,0,0,0,1,0,0,0,Pre-credit rolloff / pre-war,86431,197,16389,0,109,0.4961317064173874,0.4692720618926973,0.8389974470233068,0.15909024724074666,0.0019123057359464943,0,4.493692307692307,4.801,13,-0.09116649553501988,8.22,31.163333333333334,3,178.98266666666666,3,184.34766666666667,3,5.133333333333333,3,-0.0013261144103813294,-0.024431418274700745,COMPLETE,29.23076923076923,5.461538461538462,2.769230769230769,6.153846153846154,58.76923076923077,18.93491124260355,54.34319526627219,173.63313609467457,15.526627218934912,13,0,0,0
2024,2,Ventura,2469,9600,7131,0.2571875,2024-04-01,2024 Q2,2024-06-30,6,91,0,1,0,0,1,0,0,0,1,0,0,0,Pre-credit rolloff / pre-war,100124,94,16596,0,111,0.5129350933963395,0.4688992757717397,0.8571232900166076,0.1420720119163799,8.046980670125156e-4,0,4.953461538461538,4.564,13,0.10231435516450404,8.2,34.093333333333334,3,177.66833333333332,3,180.175,3,5.233333333333333,3,-0.007343355408717445,-0.022634768001764782,COMPLETE,28.76923076923077,5.461538461538462,6.846153846153846,5.846153846153846,70.92307692307692,21.396449704142015,61.159763313609474,171.55029585798817,17.230769230769234,13,0,0,0
2024,3,Ventura,2734,10193,7459,0.26822329049347593,2024-07-01,2024 Q3,2024-09-30,7,92,0,0,1,0,1,0,0,0,1,0,0,0,Pre-credit rolloff / pre-war,99738,128,15374,0,126,0.5170079833391183,0.4686827490454703,0.8654807358556057,0.13340853870183964,0.0011107254425546686,0,4.425285714285715,4.412,14,-0.10662762193160502,8.4,31.926666666666666,3,177.11233333333334,3,175.28166666666667,3,5.4,3,-0.0031294265532216814,-0.02715878081494849,COMPLETE,27,5.3076923076923075,9,5.076923076923077,57.69230769230769,18.55621301775148,58.130177514792905,173.06508875739647,16.09467455621302,13,0,0,0
2024,4,Ventura,2323,9480,7157,0.24504219409282701,2024-10-01,2024 Q4,2024-12-31,8,92,0,0,0,1,1,0,0,0,1,0,0,0,Pre-credit rolloff / pre-war,92617,181,15505,0,138,0.4802083044791003,0.40662770191038106,0.8551656002142138,0.14316316260860734,0.001671237177178841,0,4.2403076923076926,4.105,13,-0.041800243853380104,7.82,31.083333333333336,3,177.79033333333334,3,179.781,3,5.4,3,0.0038280789781248714,0.025669161064572288,COMPLETE,24.846153846153847,5.384615384615385,8.692307692307692,6.153846153846154,57.30769230769231,15.905325443786984,54.72189349112426,160.18934911242604,15.147928994082841,13,2,6000,7500
2025,1,Ventura,2060,8978,6918,0.22944976609489864,2025-01-01,2025 Q1,2025-03-31,9,90,1,0,0,0,1,0,0,0,1,0,0,0,Pre-credit rolloff / pre-war,85610,68,15275,0,150,0.4294968945945143,0.3761453349578517,0.8480183847929235,0.15130803443186433,6.735807752122274e-4,0,4.388538461538461,4.585,13,0.03495755025034453,8.04,31.493333333333332,3,178.54733333333334,3,185.72533333333334,3,5.4,3,0.0042578242911595066,0.03306430230854951,COMPLETE,26.076923076923077,5.461538461538462,8,5,55,19.124260355029588,56.426035502958584,181.01775147928996,16.284023668639055,13,1,0,0
2025,2,Ventura,2209,9801,7592,0.22538516477910417,2025-04-01,2025 Q2,2025-06-30,10,91,0,1,0,0,1,0,0,0,1,0,0,0,Pre-credit rolloff / pre-war,84693,62,16868,0,152,0.47184200427068673,0.4086082874939728,0.833403855426429,0.1659860464658591,6.100981077118368e-4,0,4.5673076923076925,4.36,13,0.04073548228777768,7.67,33.56666666666667,3,178.27566666666667,3,183.76566666666668,3,5.466666666666667,3,-0.0015215386396137953,-0.01055142360762129,COMPLETE,24.46153846153846,5.769230769230769,8.384615384615385,4.384615384615385,55.23076923076923,21.396449704142015,57.18343195266272,168.71005917159766,14.958579881656807,13,0,0,0
2025,3,Ventura,2722,9663,6941,0.2816930559867536,2025-07-01,2025 Q3,2025-09-30,11,92,0,0,1,0,1,1,0,0,1,0,0,0,Credit-expiration pull-forward,110380,114,16595,0,149,0.5028759373352533,0.3980674960067354,0.8685252067448795,0.13057778407257906,8.970091825413687e-4,0,4.343,4.446,13,-0.049111578947368506,7.64,32.11666666666667,3,178.20466666666667,3,184.62466666666666,3,5.5,3,-3.9825962414008487e-4,0.00467443138634871,COMPLETE,27.46153846153846,5.384615384615385,12.307692307692308,8.692307692307692,68,16.09467455621302,65.13609467455622,184.4260355029586,15.905325443786984,13,0,0,0
2025,4,Ventura,1621,8730,7109,0.1856815578465063,2025-10-01,2025 Q4,2025-12-31,12,92,0,0,0,1,0,0,1,0,1,0,0,0,Post-credit / pre-war,70360,119,8587,0,151,0.5716490020995117,0.500379429843422,0.8898894594389497,0.10860546884880985,0.0015050717122404068,0,4.339846153846154,4.042,13,-7.261906870471568e-4,7.24,33.4,3,178.82533333333333,3,185.69233333333332,3,5.5,2,0.003482886718267686,0.0057829036928975786,PARTIAL,20.76923076923077,3.1538461538461537,5.6923076923076925,0.23076923076923075,54.61538461538461,15.526627218934912,57.18343195266272,159.81065088757398,14.011834319526628,13,1,9800,7500
2026,1,Ventura,1371,8399,7028,0.1632337182997976,2026-01-01,2026 Q1,2026-03-31,13,90,1,0,0,0,0,0,1,0,1,0.35555555555555557,1,0,War transition quarter,56856,90,7722,0,137,0.5655038040452774,0.500742252737057,0.8791983670439785,0.11940990907403971,0.0013917238819818147,0,4.591538461538462,5.711,13,0.057995675139139946,7.53,32.28666666666667,3,179.31433333333334,3,180.56266666666667,3,5.366666666666667,3,0.0027345118886958897,-0.02762454741445075,COMPLETE,33,7.307692307692308,5.307692307692308,0.6923076923076922,61.30769230769231,41.08875739644971,85.20710059171599,196.92307692307693,19.124260355029588,13,0,0,0
2026,2,Ventura,1950,9342,7392,0.20873474630700065,2026-04-01,2026 Q2,2026-06-30,14,91,0,1,0,0,0,0,1,0,1,1,0,1,Full post-war quarter,75597,81,11179,0,148,0.5973611798703616,0.5192673014264826,0.870361628884258,0.12870580379244045,9.325673233015186e-4,0,5.728,5.245,13,0.247512146088122,7.14,35.25,1,178.852,3,179.806,3,5.3,2,-0.0025783400843584214,-0.004190604185435154,PARTIAL,49.84615384615385,17.46153846153846,8.076923076923077,0,79.15384615384616,38.81656804733728,153.37278106508876,234.98224852071007,23.479289940828405,13,0,0,0
2023,1,Yolo,363,1565,1202,0.2319488817891374,2023-01-01,2023 Q1,2023-03-31,1,90,1,0,0,0,1,0,0,1,0,0,0,0,Pre-credit rolloff / pre-war,83811,790,14684,0,90,0.5995568313441104,0.5098252505413708,0.8441456413355491,0.147897466888251,0.007956891776199829,0,4.461384615384615,4.634,13,,7.48,28.036666666666665,3,178.34199999999998,3,188.251,3,4.466666666666667,3,,,COMPLETE,28.76923076923077,6.230769230769231,2.3846153846153846,9.923076923076923,65.53846153846153,26.698224852071007,53.58579881656805,187.83431952662724,17.79881656804734,13,0,0,0
2023,2,Yolo,471,1884,1413,0.25,2023-04-01,2023 Q2,2023-06-30,2,91,0,1,0,0,1,0,0,1,0,0,0,0,Pre-credit rolloff / pre-war,103367,972,15215,0,99,0.6270890141693294,0.5796125600147214,0.8646051156799438,0.12726466701239608,0.008130217307660137,0,4.6605384615384615,4.649,13,0.044639470326563124,7.81,30.253333333333334,3,178.84066666666666,3,196.347,3,4.566666666666666,3,0.0027961257957558328,0.04300641165252772,COMPLETE,27.923076923076923,5.769230769230769,4.076923076923077,9.153846153846153,64.07692307692308,24.236686390532547,56.426035502958584,176.85207100591717,17.988165680473376,13,0,0,0
2023,3,Yolo,468,1896,1428,0.2468354430379747,2023-07-01,2023 Q3,2023-09-30,3,92,0,0,1,0,1,0,0,1,0,0,0,0,Pre-credit rolloff / pre-war,100380,1135,17422,0,104,0.5617007323204721,0.5060241976844885,0.8439762227061386,0.14648091006162928,0.00954286723223219,0,5.02476923076923,5.699,13,0.0781520788287915,7.88,29.813333333333333,3,179.192,3,191.143,3,4.8,3,0.001964504717420823,-0.026504097337876398,COMPLETE,31.692307692307693,6.153846153846154,4.076923076923077,7.153846153846154,57.69230769230769,35.40828402366864,57.94082840236687,177.23076923076923,17.230769230769234,13,0,0,0
2023,4,Yolo,373,1688,1315,0.22097156398104265,2023-10-01,2023 Q4,2023-12-31,4,92,0,0,0,1,1,0,0,0.41304347826086957,0,0,0,0,Pre-credit rolloff / pre-war,86827,220,15454,0,107,0.4996243939083521,0.4510102340464971,0.8470844186885982,0.15076926078769964,0.0021463205237022076,0,4.944461538461539,4.371,13,-0.015982364287682405,8.15,30.14666666666667,3,179.22033333333334,3,188.96433333333331,3,5.033333333333333,3,1.581171778501922e-4,-0.011398098108048371,COMPLETE,28.571428571428573,5.928571428571429,4.071428571428571,6.285714285714286,56.92857142857143,30.24175824175824,52.57142857142858,156.65934065934067,15.296703296703297,14,0,0,0
2024,1,Yolo,497,1909,1412,0.2603457307490833,2024-01-01,2024 Q1,2024-03-31,5,91,1,0,0,0,1,0,0,0,1,0,0,0,Pre-credit rolloff / pre-war,86431,197,16389,0,109,0.4961317064173874,0.4692720618926973,0.8389974470233068,0.15909024724074666,0.0019123057359464943,0,4.493692307692307,4.801,13,-0.09116649553501988,8.22,31.163333333333334,3,178.98266666666666,3,184.34766666666667,3,5.133333333333333,3,-0.0013261144103813294,-0.024431418274700745,COMPLETE,29.23076923076923,5.461538461538462,2.769230769230769,6.153846153846154,58.76923076923077,18.93491124260355,54.34319526627219,173.63313609467457,15.526627218934912,13,0,0,0
2024,2,Yolo,398,1596,1198,0.24937343358395989,2024-04-01,2024 Q2,2024-06-30,6,91,0,1,0,0,1,0,0,0,1,0,0,0,Pre-credit rolloff / pre-war,100124,94,16596,0,111,0.5129350933963395,0.4688992757717397,0.8571232900166076,0.1420720119163799,8.046980670125156e-4,0,4.953461538461538,4.564,13,0.10231435516450404,8.2,34.093333333333334,3,177.66833333333332,3,180.175,3,5.233333333333333,3,-0.007343355408717445,-0.022634768001764782,COMPLETE,28.76923076923077,5.461538461538462,6.846153846153846,5.846153846153846,70.92307692307692,21.396449704142015,61.159763313609474,171.55029585798817,17.230769230769234,13,0,0,0
2024,3,Yolo,420,1818,1398,0.23102310231023102,2024-07-01,2024 Q3,2024-09-30,7,92,0,0,1,0,1,0,0,0,1,0,0,0,Pre-credit rolloff / pre-war,99738,128,15374,0,126,0.5170079833391183,0.4686827490454703,0.8654807358556057,0.13340853870183964,0.0011107254425546686,0,4.425285714285715,4.412,14,-0.10662762193160502,8.4,31.926666666666666,3,177.11233333333334,3,175.28166666666667,3,5.4,3,-0.0031294265532216814,-0.02715878081494849,COMPLETE,27,5.3076923076923075,9,5.076923076923077,57.69230769230769,18.55621301775148,58.130177514792905,173.06508875739647,16.09467455621302,13,0,0,0
2024,4,Yolo,399,1816,1417,0.21971365638766518,2024-10-01,2024 Q4,2024-12-31,8,92,0,0,0,1,1,0,0,0,1,0,0,0,Pre-credit rolloff / pre-war,92617,181,15505,0,138,0.4802083044791003,0.40662770191038106,0.8551656002142138,0.14316316260860734,0.001671237177178841,0,4.2403076923076926,4.105,13,-0.041800243853380104,7.82,31.083333333333336,3,177.79033333333334,3,179.781,3,5.4,3,0.0038280789781248714,0.025669161064572288,COMPLETE,24.846153846153847,5.384615384615385,8.692307692307692,6.153846153846154,57.30769230769231,15.905325443786984,54.72189349112426,160.18934911242604,15.147928994082841,13,2,6000,7500
2025,1,Yolo,376,1988,1612,0.1891348088531187,2025-01-01,2025 Q1,2025-03-31,9,90,1,0,0,0,1,0,0,0,1,0,0,0,Pre-credit rolloff / pre-war,85610,68,15275,0,150,0.4294968945945143,0.3761453349578517,0.8480183847929235,0.15130803443186433,6.735807752122274e-4,0,4.388538461538461,4.585,13,0.03495755025034453,8.04,31.493333333333332,3,178.54733333333334,3,185.72533333333334,3,5.4,3,0.0042578242911595066,0.03306430230854951,COMPLETE,26.076923076923077,5.461538461538462,8,5,55,19.124260355029588,56.426035502958584,181.01775147928996,16.284023668639055,13,1,0,0
2025,2,Yolo,337,1777,1440,0.18964546989307823,2025-04-01,2025 Q2,2025-06-30,10,91,0,1,0,0,1,0,0,0,1,0,0,0,Pre-credit rolloff / pre-war,84693,62,16868,0,152,0.47184200427068673,0.4086082874939728,0.833403855426429,0.1659860464658591,6.100981077118368e-4,0,4.5673076923076925,4.36,13,0.04073548228777768,7.67,33.56666666666667,3,178.27566666666667,3,183.76566666666668,3,5.466666666666667,3,-0.0015215386396137953,-0.01055142360762129,COMPLETE,24.46153846153846,5.769230769230769,8.384615384615385,4.384615384615385,55.23076923076923,21.396449704142015,57.18343195266272,168.71005917159766,14.958579881656807,13,0,0,0
2025,3,Yolo,446,1851,1405,0.24095083738519718,2025-07-01,2025 Q3,2025-09-30,11,92,0,0,1,0,1,1,0,0,1,0,0,0,Credit-expiration pull-forward,110380,114,16595,0,149,0.5028759373352533,0.3980674960067354,0.8685252067448795,0.13057778407257906,8.970091825413687e-4,0,4.343,4.446,13,-0.049111578947368506,7.64,32.11666666666667,3,178.20466666666667,3,184.62466666666666,3,5.5,3,-3.9825962414008487e-4,0.00467443138634871,COMPLETE,27.46153846153846,5.384615384615385,12.307692307692308,8.692307692307692,68,16.09467455621302,65.13609467455622,184.4260355029586,15.905325443786984,13,0,0,0
2025,4,Yolo,336,1641,1305,0.20475319926873858,2025-10-01,2025 Q4,2025-12-31,12,92,0,0,0,1,0,0,1,0,1,0,0,0,Post-credit / pre-war,70360,119,8587,0,151,0.5716490020995117,0.500379429843422,0.8898894594389497,0.10860546884880985,0.0015050717122404068,0,4.339846153846154,4.042,13,-7.261906870471568e-4,7.24,33.4,3,178.82533333333333,3,185.69233333333332,3,5.5,2,0.003482886718267686,0.0057829036928975786,PARTIAL,20.76923076923077,3.1538461538461537,5.6923076923076925,0.23076923076923075,54.61538461538461,15.526627218934912,57.18343195266272,159.81065088757398,14.011834319526628,13,1,9800,7500
2026,1,Yolo,251,1429,1178,0.17564730580825752,2026-01-01,2026 Q1,2026-03-31,13,90,1,0,0,0,0,0,1,0,1,0.35555555555555557,1,0,War transition quarter,56856,90,7722,0,137,0.5655038040452774,0.500742252737057,0.8791983670439785,0.11940990907403971,0.0013917238819818147,0,4.591538461538462,5.711,13,0.057995675139139946,7.53,32.28666666666667,3,179.31433333333334,3,180.56266666666667,3,5.366666666666667,3,0.0027345118886958897,-0.02762454741445075,COMPLETE,33,7.307692307692308,5.307692307692308,0.6923076923076922,61.30769230769231,41.08875739644971,85.20710059171599,196.92307692307693,19.124260355029588,13,0,0,0
2026,2,Yolo,328,1635,1307,0.20061162079510703,2026-04-01,2026 Q2,2026-06-30,14,91,0,1,0,0,0,0,1,0,1,1,0,1,Full post-war quarter,75597,81,11179,0,148,0.5973611798703616,0.5192673014264826,0.870361628884258,0.12870580379244045,9.325673233015186e-4,0,5.728,5.245,13,0.247512146088122,7.14,35.25,1,178.852,3,179.806,3,5.3,2,-0.0025783400843584214,-0.004190604185435154,PARTIAL,49.84615384615385,17.46153846153846,8.076923076923077,0,79.15384615384616,38.81656804733728,153.37278106508876,234.98224852071007,23.479289940828405,13,0,0,0
2023,1,Yuba,42,440,398,0.09545454545454546,2023-01-01,2023 Q1,2023-03-31,1,90,1,0,0,0,1,0,0,1,0,0,0,0,Pre-credit rolloff / pre-war,83811,790,14684,0,90,0.5995568313441104,0.5098252505413708,0.8441456413355491,0.147897466888251,0.007956891776199829,0,4.461384615384615,4.634,13,,7.48,28.036666666666665,3,178.34199999999998,3,188.251,3,4.466666666666667,3,,,COMPLETE,28.76923076923077,6.230769230769231,2.3846153846153846,9.923076923076923,65.53846153846153,26.698224852071007,53.58579881656805,187.83431952662724,17.79881656804734,13,0,0,0
2023,2,Yuba,57,488,431,0.1168032786885246,2023-04-01,2023 Q2,2023-06-30,2,91,0,1,0,0,1,0,0,1,0,0,0,0,Pre-credit rolloff / pre-war,103367,972,15215,0,99,0.6270890141693294,0.5796125600147214,0.8646051156799438,0.12726466701239608,0.008130217307660137,0,4.6605384615384615,4.649,13,0.044639470326563124,7.81,30.253333333333334,3,178.84066666666666,3,196.347,3,4.566666666666666,3,0.0027961257957558328,0.04300641165252772,COMPLETE,27.923076923076923,5.769230769230769,4.076923076923077,9.153846153846153,64.07692307692308,24.236686390532547,56.426035502958584,176.85207100591717,17.988165680473376,13,0,0,0
2023,3,Yuba,72,453,381,0.15894039735099338,2023-07-01,2023 Q3,2023-09-30,3,92,0,0,1,0,1,0,0,1,0,0,0,0,Pre-credit rolloff / pre-war,100380,1135,17422,0,104,0.5617007323204721,0.5060241976844885,0.8439762227061386,0.14648091006162928,0.00954286723223219,0,5.02476923076923,5.699,13,0.0781520788287915,7.88,29.813333333333333,3,179.192,3,191.143,3,4.8,3,0.001964504717420823,-0.026504097337876398,COMPLETE,31.692307692307693,6.153846153846154,4.076923076923077,7.153846153846154,57.69230769230769,35.40828402366864,57.94082840236687,177.23076923076923,17.230769230769234,13,0,0,0
2023,4,Yuba,69,410,341,0.16829268292682928,2023-10-01,2023 Q4,2023-12-31,4,92,0,0,0,1,1,0,0,0.41304347826086957,0,0,0,0,Pre-credit rolloff / pre-war,86827,220,15454,0,107,0.4996243939083521,0.4510102340464971,0.8470844186885982,0.15076926078769964,0.0021463205237022076,0,4.944461538461539,4.371,13,-0.015982364287682405,8.15,30.14666666666667,3,179.22033333333334,3,188.96433333333331,3,5.033333333333333,3,1.581171778501922e-4,-0.011398098108048371,COMPLETE,28.571428571428573,5.928571428571429,4.071428571428571,6.285714285714286,56.92857142857143,30.24175824175824,52.57142857142858,156.65934065934067,15.296703296703297,14,0,0,0
2024,1,Yuba,52,352,300,0.14772727272727273,2024-01-01,2024 Q1,2024-03-31,5,91,1,0,0,0,1,0,0,0,1,0,0,0,Pre-credit rolloff / pre-war,86431,197,16389,0,109,0.4961317064173874,0.4692720618926973,0.8389974470233068,0.15909024724074666,0.0019123057359464943,0,4.493692307692307,4.801,13,-0.09116649553501988,8.22,31.163333333333334,3,178.98266666666666,3,184.34766666666667,3,5.133333333333333,3,-0.0013261144103813294,-0.024431418274700745,COMPLETE,29.23076923076923,5.461538461538462,2.769230769230769,6.153846153846154,58.76923076923077,18.93491124260355,54.34319526627219,173.63313609467457,15.526627218934912,13,0,0,0
2024,2,Yuba,82,453,371,0.18101545253863136,2024-04-01,2024 Q2,2024-06-30,6,91,0,1,0,0,1,0,0,0,1,0,0,0,Pre-credit rolloff / pre-war,100124,94,16596,0,111,0.5129350933963395,0.4688992757717397,0.8571232900166076,0.1420720119163799,8.046980670125156e-4,0,4.953461538461538,4.564,13,0.10231435516450404,8.2,34.093333333333334,3,177.66833333333332,3,180.175,3,5.233333333333333,3,-0.007343355408717445,-0.022634768001764782,COMPLETE,28.76923076923077,5.461538461538462,6.846153846153846,5.846153846153846,70.92307692307692,21.396449704142015,61.159763313609474,171.55029585798817,17.230769230769234,13,0,0,0
2024,3,Yuba,84,480,396,0.175,2024-07-01,2024 Q3,2024-09-30,7,92,0,0,1,0,1,0,0,0,1,0,0,0,Pre-credit rolloff / pre-war,99738,128,15374,0,126,0.5170079833391183,0.4686827490454703,0.8654807358556057,0.13340853870183964,0.0011107254425546686,0,4.425285714285715,4.412,14,-0.10662762193160502,8.4,31.926666666666666,3,177.11233333333334,3,175.28166666666667,3,5.4,3,-0.0031294265532216814,-0.02715878081494849,COMPLETE,27,5.3076923076923075,9,5.076923076923077,57.69230769230769,18.55621301775148,58.130177514792905,173.06508875739647,16.09467455621302,13,0,0,0
2024,4,Yuba,72,462,390,0.15584415584415584,2024-10-01,2024 Q4,2024-12-31,8,92,0,0,0,1,1,0,0,0,1,0,0,0,Pre-credit rolloff / pre-war,92617,181,15505,0,138,0.4802083044791003,0.40662770191038106,0.8551656002142138,0.14316316260860734,0.001671237177178841,0,4.2403076923076926,4.105,13,-0.041800243853380104,7.82,31.083333333333336,3,177.79033333333334,3,179.781,3,5.4,3,0.0038280789781248714,0.025669161064572288,COMPLETE,24.846153846153847,5.384615384615385,8.692307692307692,6.153846153846154,57.30769230769231,15.905325443786984,54.72189349112426,160.18934911242604,15.147928994082841,13,2,6000,7500
2025,1,Yuba,63,436,373,0.1444954128440367,2025-01-01,2025 Q1,2025-03-31,9,90,1,0,0,0,1,0,0,0,1,0,0,0,Pre-credit rolloff / pre-war,85610,68,15275,0,150,0.4294968945945143,0.3761453349578517,0.8480183847929235,0.15130803443186433,6.735807752122274e-4,0,4.388538461538461,4.585,13,0.03495755025034453,8.04,31.493333333333332,3,178.54733333333334,3,185.72533333333334,3,5.4,3,0.0042578242911595066,0.03306430230854951,COMPLETE,26.076923076923077,5.461538461538462,8,5,55,19.124260355029588,56.426035502958584,181.01775147928996,16.284023668639055,13,1,0,0
2025,2,Yuba,67,515,448,0.13009708737864079,2025-04-01,2025 Q2,2025-06-30,10,91,0,1,0,0,1,0,0,0,1,0,0,0,Pre-credit rolloff / pre-war,84693,62,16868,0,152,0.47184200427068673,0.4086082874939728,0.833403855426429,0.1659860464658591,6.100981077118368e-4,0,4.5673076923076925,4.36,13,0.04073548228777768,7.67,33.56666666666667,3,178.27566666666667,3,183.76566666666668,3,5.466666666666667,3,-0.0015215386396137953,-0.01055142360762129,COMPLETE,24.46153846153846,5.769230769230769,8.384615384615385,4.384615384615385,55.23076923076923,21.396449704142015,57.18343195266272,168.71005917159766,14.958579881656807,13,0,0,0
2025,3,Yuba,81,496,415,0.16330645161290322,2025-07-01,2025 Q3,2025-09-30,11,92,0,0,1,0,1,1,0,0,1,0,0,0,Credit-expiration pull-forward,110380,114,16595,0,149,0.5028759373352533,0.3980674960067354,0.8685252067448795,0.13057778407257906,8.970091825413687e-4,0,4.343,4.446,13,-0.049111578947368506,7.64,32.11666666666667,3,178.20466666666667,3,184.62466666666666,3,5.5,3,-3.9825962414008487e-4,0.00467443138634871,COMPLETE,27.46153846153846,5.384615384615385,12.307692307692308,8.692307692307692,68,16.09467455621302,65.13609467455622,184.4260355029586,15.905325443786984,13,0,0,0
2025,4,Yuba,50,435,385,0.11494252873563218,2025-10-01,2025 Q4,2025-12-31,12,92,0,0,0,1,0,0,1,0,1,0,0,0,Post-credit / pre-war,70360,119,8587,0,151,0.5716490020995117,0.500379429843422,0.8898894594389497,0.10860546884880985,0.0015050717122404068,0,4.339846153846154,4.042,13,-7.261906870471568e-4,7.24,33.4,3,178.82533333333333,3,185.69233333333332,3,5.5,2,0.003482886718267686,0.0057829036928975786,PARTIAL,20.76923076923077,3.1538461538461537,5.6923076923076925,0.23076923076923075,54.61538461538461,15.526627218934912,57.18343195266272,159.81065088757398,14.011834319526628,13,1,9800,7500
2026,1,Yuba,39,410,371,0.0951219512195122,2026-01-01,2026 Q1,2026-03-31,13,90,1,0,0,0,0,0,1,0,1,0.35555555555555557,1,0,War transition quarter,56856,90,7722,0,137,0.5655038040452774,0.500742252737057,0.8791983670439785,0.11940990907403971,0.0013917238819818147,0,4.591538461538462,5.711,13,0.057995675139139946,7.53,32.28666666666667,3,179.31433333333334,3,180.56266666666667,3,5.366666666666667,3,0.0027345118886958897,-0.02762454741445075,COMPLETE,33,7.307692307692308,5.307692307692308,0.6923076923076922,61.30769230769231,41.08875739644971,85.20710059171599,196.92307692307693,19.124260355029588,13,0,0,0
2026,2,Yuba,61,491,430,0.12423625254582485,2026-04-01,2026 Q2,2026-06-30,14,91,0,1,0,0,0,0,1,0,1,1,0,1,Full post-war quarter,75597,81,11179,0,148,0.5973611798703616,0.5192673014264826,0.870361628884258,0.12870580379244045,9.325673233015186e-4,0,5.728,5.245,13,0.247512146088122,7.14,35.25,1,178.852,3,179.806,3,5.3,2,-0.0025783400843584214,-0.004190604185435154,PARTIAL,49.84615384615385,17.46153846153846,8.076923076923077,0,79.15384615384616,38.81656804733728,153.37278106508876,234.98224852071007,23.479289940828405,13,0,0,0
