county,month,other_powertrain_titles,bev_titles,phev_titles,fcev_titles,total_new_ldv_titles,zev_titles,zev_share,source_url
Adams,2017-01-01,43,0,0,0,43,0,0,https://data.wa.gov/Transportation/Vehicle-Title-Transactions-by-Department-of-Licens/cdk6-5kdf
Adams,2017-02-01,34,0,0,0,34,0,0,https://data.wa.gov/Transportation/Vehicle-Title-Transactions-by-Department-of-Licens/cdk6-5kdf
Adams,2017-03-01,21,0,0,0,21,0,0,https://data.wa.gov/Transportation/Vehicle-Title-Transactions-by-Department-of-Licens/cdk6-5kdf
Adams,2017-04-01,32,0,0,0,32,0,0,https://data.wa.gov/Transportation/Vehicle-Title-Transactions-by-Department-of-Licens/cdk6-5kdf
Adams,2017-05-01,35,0,0,0,35,0,0,https://data.wa.gov/Transportation/Vehicle-Title-Transactions-by-Department-of-Licens/cdk6-5kdf
Adams,2017-06-01,39,0,0,0,39,0,0,https://data.wa.gov/Transportation/Vehicle-Title-Transactions-by-Department-of-Licens/cdk6-5kdf
Adams,2017-07-01,25,1,0,0,26,1,0.038461538461538464,https://data.wa.gov/Transportation/Vehicle-Title-Transactions-by-Department-of-Licens/cdk6-5kdf
Adams,2017-08-01,28,0,0,0,28,0,0,https://data.wa.gov/Transportation/Vehicle-Title-Transactions-by-Department-of-Licens/cdk6-5kdf
Adams,2017-09-01,30,0,0,0,30,0,0,https://data.wa.gov/Transportation/Vehicle-Title-Transactions-by-Department-of-Licens/cdk6-5kdf
Adams,2017-10-01,32,0,0,0,32,0,0,https://data.wa.gov/Transportation/Vehicle-Title-Transactions-by-Department-of-Licens/cdk6-5kdf
Adams,2017-11-01,46,0,1,0,47,1,0.02127659574468085,https://data.wa.gov/Transportation/Vehicle-Title-Transactions-by-Department-of-Licens/cdk6-5kdf
Adams,2017-12-01,47,1,0,0,48,1,0.020833333333333332,https://data.wa.gov/Transportation/Vehicle-Title-Transactions-by-Department-of-Licens/cdk6-5kdf
Adams,2018-01-01,36,0,0,0,36,0,0,https://data.wa.gov/Transportation/Vehicle-Title-Transactions-by-Department-of-Licens/cdk6-5kdf
Adams,2018-02-01,32,0,0,0,32,0,0,https://data.wa.gov/Transportation/Vehicle-Title-Transactions-by-Department-of-Licens/cdk6-5kdf
Adams,2018-03-01,35,0,0,0,35,0,0,https://data.wa.gov/Transportation/Vehicle-Title-Transactions-by-Department-of-Licens/cdk6-5kdf
Adams,2018-04-01,26,0,0,0,26,0,0,https://data.wa.gov/Transportation/Vehicle-Title-Transactions-by-Department-of-Licens/cdk6-5kdf
Adams,2018-05-01,33,0,1,0,34,1,0.029411764705882353,https://data.wa.gov/Transportation/Vehicle-Title-Transactions-by-Department-of-Licens/cdk6-5kdf
Adams,2018-06-01,28,0,0,0,28,0,0,https://data.wa.gov/Transportation/Vehicle-Title-Transactions-by-Department-of-Licens/cdk6-5kdf
Adams,2018-07-01,24,0,0,0,24,0,0,https://data.wa.gov/Transportation/Vehicle-Title-Transactions-by-Department-of-Licens/cdk6-5kdf
Adams,2018-08-01,36,0,0,0,36,0,0,https://data.wa.gov/Transportation/Vehicle-Title-Transactions-by-Department-of-Licens/cdk6-5kdf
Adams,2018-09-01,41,0,0,0,41,0,0,https://data.wa.gov/Transportation/Vehicle-Title-Transactions-by-Department-of-Licens/cdk6-5kdf
Adams,2018-10-01,36,0,0,0,36,0,0,https://data.wa.gov/Transportation/Vehicle-Title-Transactions-by-Department-of-Licens/cdk6-5kdf
Adams,2018-11-01,46,0,0,0,46,0,0,https://data.wa.gov/Transportation/Vehicle-Title-Transactions-by-Department-of-Licens/cdk6-5kdf
Adams,2018-12-01,47,0,1,0,48,1,0.020833333333333332,https://data.wa.gov/Transportation/Vehicle-Title-Transactions-by-Department-of-Licens/cdk6-5kdf
Adams,2019-01-01,35,0,0,0,35,0,0,https://data.wa.gov/Transportation/Vehicle-Title-Transactions-by-Department-of-Licens/cdk6-5kdf
Adams,2019-02-01,24,0,0,0,24,0,0,https://data.wa.gov/Transportation/Vehicle-Title-Transactions-by-Department-of-Licens/cdk6-5kdf
Adams,2019-03-01,33,0,0,0,33,0,0,https://data.wa.gov/Transportation/Vehicle-Title-Transactions-by-Department-of-Licens/cdk6-5kdf
Adams,2019-04-01,36,1,0,0,37,1,0.02702702702702703,https://data.wa.gov/Transportation/Vehicle-Title-Transactions-by-Department-of-Licens/cdk6-5kdf
Adams,2019-05-01,29,0,0,0,29,0,0,https://data.wa.gov/Transportation/Vehicle-Title-Transactions-by-Department-of-Licens/cdk6-5kdf
Adams,2019-06-01,34,0,0,0,34,0,0,https://data.wa.gov/Transportation/Vehicle-Title-Transactions-by-Department-of-Licens/cdk6-5kdf
Adams,2019-07-01,32,0,0,0,32,0,0,https://data.wa.gov/Transportation/Vehicle-Title-Transactions-by-Department-of-Licens/cdk6-5kdf
Adams,2019-08-01,26,0,0,0,26,0,0,https://data.wa.gov/Transportation/Vehicle-Title-Transactions-by-Department-of-Licens/cdk6-5kdf
Adams,2019-09-01,38,0,0,0,38,0,0,https://data.wa.gov/Transportation/Vehicle-Title-Transactions-by-Department-of-Licens/cdk6-5kdf
Adams,2019-10-01,31,1,0,0,32,1,0.03125,https://data.wa.gov/Transportation/Vehicle-Title-Transactions-by-Department-of-Licens/cdk6-5kdf
Adams,2019-11-01,36,0,0,0,36,0,0,https://data.wa.gov/Transportation/Vehicle-Title-Transactions-by-Department-of-Licens/cdk6-5kdf
Adams,2019-12-01,40,0,0,0,40,0,0,https://data.wa.gov/Transportation/Vehicle-Title-Transactions-by-Department-of-Licens/cdk6-5kdf
Adams,2020-01-01,49,0,0,0,49,0,0,https://data.wa.gov/Transportation/Vehicle-Title-Transactions-by-Department-of-Licens/cdk6-5kdf
Adams,2020-02-01,25,0,0,0,25,0,0,https://data.wa.gov/Transportation/Vehicle-Title-Transactions-by-Department-of-Licens/cdk6-5kdf
Adams,2020-03-01,35,0,0,0,35,0,0,https://data.wa.gov/Transportation/Vehicle-Title-Transactions-by-Department-of-Licens/cdk6-5kdf
Adams,2020-04-01,10,0,0,0,10,0,0,https://data.wa.gov/Transportation/Vehicle-Title-Transactions-by-Department-of-Licens/cdk6-5kdf
Adams,2020-05-01,17,1,0,0,18,1,0.05555555555555555,https://data.wa.gov/Transportation/Vehicle-Title-Transactions-by-Department-of-Licens/cdk6-5kdf
Adams,2020-06-01,30,0,0,0,30,0,0,https://data.wa.gov/Transportation/Vehicle-Title-Transactions-by-Department-of-Licens/cdk6-5kdf
Adams,2020-07-01,22,0,0,0,22,0,0,https://data.wa.gov/Transportation/Vehicle-Title-Transactions-by-Department-of-Licens/cdk6-5kdf
Adams,2020-08-01,31,0,0,0,31,0,0,https://data.wa.gov/Transportation/Vehicle-Title-Transactions-by-Department-of-Licens/cdk6-5kdf
Adams,2020-09-01,46,0,0,0,46,0,0,https://data.wa.gov/Transportation/Vehicle-Title-Transactions-by-Department-of-Licens/cdk6-5kdf
Adams,2020-10-01,40,0,0,0,40,0,0,https://data.wa.gov/Transportation/Vehicle-Title-Transactions-by-Department-of-Licens/cdk6-5kdf
Adams,2020-11-01,23,1,0,0,24,1,0.041666666666666664,https://data.wa.gov/Transportation/Vehicle-Title-Transactions-by-Department-of-Licens/cdk6-5kdf
Adams,2020-12-01,30,0,0,0,30,0,0,https://data.wa.gov/Transportation/Vehicle-Title-Transactions-by-Department-of-Licens/cdk6-5kdf
Adams,2021-01-01,50,0,0,0,50,0,0,https://data.wa.gov/Transportation/Vehicle-Title-Transactions-by-Department-of-Licens/cdk6-5kdf
Adams,2021-02-01,35,1,0,0,36,1,0.027777777777777776,https://data.wa.gov/Transportation/Vehicle-Title-Transactions-by-Department-of-Licens/cdk6-5kdf
Adams,2021-03-01,45,0,0,0,45,0,0,https://data.wa.gov/Transportation/Vehicle-Title-Transactions-by-Department-of-Licens/cdk6-5kdf
Adams,2021-04-01,32,1,0,0,33,1,0.030303030303030304,https://data.wa.gov/Transportation/Vehicle-Title-Transactions-by-Department-of-Licens/cdk6-5kdf
Adams,2021-05-01,23,0,0,0,23,0,0,https://data.wa.gov/Transportation/Vehicle-Title-Transactions-by-Department-of-Licens/cdk6-5kdf
Adams,2021-06-01,41,3,0,0,44,3,0.06818181818181818,https://data.wa.gov/Transportation/Vehicle-Title-Transactions-by-Department-of-Licens/cdk6-5kdf
Adams,2021-07-01,32,0,0,0,32,0,0,https://data.wa.gov/Transportation/Vehicle-Title-Transactions-by-Department-of-Licens/cdk6-5kdf
Adams,2021-08-01,47,0,1,0,48,1,0.020833333333333332,https://data.wa.gov/Transportation/Vehicle-Title-Transactions-by-Department-of-Licens/cdk6-5kdf
Adams,2021-09-01,32,0,0,0,32,0,0,https://data.wa.gov/Transportation/Vehicle-Title-Transactions-by-Department-of-Licens/cdk6-5kdf
Adams,2021-10-01,23,0,0,0,23,0,0,https://data.wa.gov/Transportation/Vehicle-Title-Transactions-by-Department-of-Licens/cdk6-5kdf
Adams,2021-11-01,29,0,0,0,29,0,0,https://data.wa.gov/Transportation/Vehicle-Title-Transactions-by-Department-of-Licens/cdk6-5kdf
Adams,2021-12-01,34,1,0,0,35,1,0.02857142857142857,https://data.wa.gov/Transportation/Vehicle-Title-Transactions-by-Department-of-Licens/cdk6-5kdf
Adams,2022-01-01,24,0,0,0,24,0,0,https://data.wa.gov/Transportation/Vehicle-Title-Transactions-by-Department-of-Licens/cdk6-5kdf
Adams,2022-02-01,36,0,0,0,36,0,0,https://data.wa.gov/Transportation/Vehicle-Title-Transactions-by-Department-of-Licens/cdk6-5kdf
Adams,2022-03-01,38,0,0,0,38,0,0,https://data.wa.gov/Transportation/Vehicle-Title-Transactions-by-Department-of-Licens/cdk6-5kdf
Adams,2022-04-01,18,0,0,0,18,0,0,https://data.wa.gov/Transportation/Vehicle-Title-Transactions-by-Department-of-Licens/cdk6-5kdf
Adams,2022-05-01,30,0,0,0,30,0,0,https://data.wa.gov/Transportation/Vehicle-Title-Transactions-by-Department-of-Licens/cdk6-5kdf
Adams,2022-06-01,25,2,0,0,27,2,0.07407407407407407,https://data.wa.gov/Transportation/Vehicle-Title-Transactions-by-Department-of-Licens/cdk6-5kdf
Adams,2022-07-01,25,1,0,0,26,1,0.038461538461538464,https://data.wa.gov/Transportation/Vehicle-Title-Transactions-by-Department-of-Licens/cdk6-5kdf
Adams,2022-08-01,41,1,0,0,42,1,0.023809523809523808,https://data.wa.gov/Transportation/Vehicle-Title-Transactions-by-Department-of-Licens/cdk6-5kdf
Adams,2022-09-01,35,0,0,0,35,0,0,https://data.wa.gov/Transportation/Vehicle-Title-Transactions-by-Department-of-Licens/cdk6-5kdf
Adams,2022-10-01,33,0,0,0,33,0,0,https://data.wa.gov/Transportation/Vehicle-Title-Transactions-by-Department-of-Licens/cdk6-5kdf
Adams,2022-11-01,16,1,0,0,17,1,0.058823529411764705,https://data.wa.gov/Transportation/Vehicle-Title-Transactions-by-Department-of-Licens/cdk6-5kdf
Adams,2022-12-01,35,1,0,0,36,1,0.027777777777777776,https://data.wa.gov/Transportation/Vehicle-Title-Transactions-by-Department-of-Licens/cdk6-5kdf
Adams,2023-01-01,27,1,0,0,28,1,0.03571428571428571,https://data.wa.gov/Transportation/Vehicle-Title-Transactions-by-Department-of-Licens/cdk6-5kdf
Adams,2023-02-01,28,0,0,0,28,0,0,https://data.wa.gov/Transportation/Vehicle-Title-Transactions-by-Department-of-Licens/cdk6-5kdf
Adams,2023-03-01,42,0,0,0,42,0,0,https://data.wa.gov/Transportation/Vehicle-Title-Transactions-by-Department-of-Licens/cdk6-5kdf
Adams,2023-04-01,33,1,1,0,35,2,0.05714285714285714,https://data.wa.gov/Transportation/Vehicle-Title-Transactions-by-Department-of-Licens/cdk6-5kdf
Adams,2023-05-01,34,0,0,0,34,0,0,https://data.wa.gov/Transportation/Vehicle-Title-Transactions-by-Department-of-Licens/cdk6-5kdf
Adams,2023-06-01,35,1,0,0,36,1,0.027777777777777776,https://data.wa.gov/Transportation/Vehicle-Title-Transactions-by-Department-of-Licens/cdk6-5kdf
Adams,2023-07-01,25,0,1,0,26,1,0.038461538461538464,https://data.wa.gov/Transportation/Vehicle-Title-Transactions-by-Department-of-Licens/cdk6-5kdf
Adams,2023-08-01,28,1,0,0,29,1,0.034482758620689655,https://data.wa.gov/Transportation/Vehicle-Title-Transactions-by-Department-of-Licens/cdk6-5kdf
Adams,2023-09-01,27,1,0,0,28,1,0.03571428571428571,https://data.wa.gov/Transportation/Vehicle-Title-Transactions-by-Department-of-Licens/cdk6-5kdf
Adams,2023-10-01,26,1,0,0,27,1,0.037037037037037035,https://data.wa.gov/Transportation/Vehicle-Title-Transactions-by-Department-of-Licens/cdk6-5kdf
Adams,2023-11-01,33,1,0,0,34,1,0.029411764705882353,https://data.wa.gov/Transportation/Vehicle-Title-Transactions-by-Department-of-Licens/cdk6-5kdf
Adams,2023-12-01,33,1,0,0,34,1,0.029411764705882353,https://data.wa.gov/Transportation/Vehicle-Title-Transactions-by-Department-of-Licens/cdk6-5kdf
Adams,2024-01-01,34,1,0,0,35,1,0.02857142857142857,https://data.wa.gov/Transportation/Vehicle-Title-Transactions-by-Department-of-Licens/cdk6-5kdf
Adams,2024-02-01,23,1,0,0,24,1,0.041666666666666664,https://data.wa.gov/Transportation/Vehicle-Title-Transactions-by-Department-of-Licens/cdk6-5kdf
Adams,2024-03-01,34,2,1,0,37,3,0.08108108108108109,https://data.wa.gov/Transportation/Vehicle-Title-Transactions-by-Department-of-Licens/cdk6-5kdf
Adams,2024-04-01,26,1,1,0,28,2,0.07142857142857142,https://data.wa.gov/Transportation/Vehicle-Title-Transactions-by-Department-of-Licens/cdk6-5kdf
Adams,2024-05-01,37,0,0,0,37,0,0,https://data.wa.gov/Transportation/Vehicle-Title-Transactions-by-Department-of-Licens/cdk6-5kdf
Adams,2024-06-01,33,0,0,0,33,0,0,https://data.wa.gov/Transportation/Vehicle-Title-Transactions-by-Department-of-Licens/cdk6-5kdf
Adams,2024-07-01,34,1,0,0,35,1,0.02857142857142857,https://data.wa.gov/Transportation/Vehicle-Title-Transactions-by-Department-of-Licens/cdk6-5kdf
Adams,2024-08-01,36,2,0,0,38,2,0.05263157894736842,https://data.wa.gov/Transportation/Vehicle-Title-Transactions-by-Department-of-Licens/cdk6-5kdf
Adams,2024-09-01,29,2,1,0,32,3,0.09375,https://data.wa.gov/Transportation/Vehicle-Title-Transactions-by-Department-of-Licens/cdk6-5kdf
Adams,2024-10-01,36,4,0,0,40,4,0.1,https://data.wa.gov/Transportation/Vehicle-Title-Transactions-by-Department-of-Licens/cdk6-5kdf
Adams,2024-11-01,22,1,1,0,24,2,0.08333333333333333,https://data.wa.gov/Transportation/Vehicle-Title-Transactions-by-Department-of-Licens/cdk6-5kdf
Adams,2024-12-01,26,2,1,0,29,3,0.10344827586206896,https://data.wa.gov/Transportation/Vehicle-Title-Transactions-by-Department-of-Licens/cdk6-5kdf
Adams,2025-01-01,37,1,0,0,38,1,0.02631578947368421,https://data.wa.gov/Transportation/Vehicle-Title-Transactions-by-Department-of-Licens/cdk6-5kdf
Adams,2025-02-01,22,0,0,0,22,0,0,https://data.wa.gov/Transportation/Vehicle-Title-Transactions-by-Department-of-Licens/cdk6-5kdf
Adams,2025-03-01,21,2,0,0,23,2,0.08695652173913043,https://data.wa.gov/Transportation/Vehicle-Title-Transactions-by-Department-of-Licens/cdk6-5kdf
Adams,2025-04-01,29,3,3,0,35,6,0.17142857142857143,https://data.wa.gov/Transportation/Vehicle-Title-Transactions-by-Department-of-Licens/cdk6-5kdf
Adams,2025-05-01,23,2,0,0,25,2,0.08,https://data.wa.gov/Transportation/Vehicle-Title-Transactions-by-Department-of-Licens/cdk6-5kdf
Adams,2025-06-01,24,3,1,0,28,4,0.14285714285714285,https://data.wa.gov/Transportation/Vehicle-Title-Transactions-by-Department-of-Licens/cdk6-5kdf
Adams,2025-07-01,26,2,0,0,28,2,0.07142857142857142,https://data.wa.gov/Transportation/Vehicle-Title-Transactions-by-Department-of-Licens/cdk6-5kdf
Adams,2025-08-01,28,1,0,0,29,1,0.034482758620689655,https://data.wa.gov/Transportation/Vehicle-Title-Transactions-by-Department-of-Licens/cdk6-5kdf
Adams,2025-09-01,32,0,0,0,32,0,0,https://data.wa.gov/Transportation/Vehicle-Title-Transactions-by-Department-of-Licens/cdk6-5kdf
Adams,2025-10-01,39,2,0,0,41,2,0.04878048780487805,https://data.wa.gov/Transportation/Vehicle-Title-Transactions-by-Department-of-Licens/cdk6-5kdf
Adams,2025-11-01,30,2,0,0,32,2,0.0625,https://data.wa.gov/Transportation/Vehicle-Title-Transactions-by-Department-of-Licens/cdk6-5kdf
Adams,2025-12-01,41,0,0,0,41,0,0,https://data.wa.gov/Transportation/Vehicle-Title-Transactions-by-Department-of-Licens/cdk6-5kdf
Adams,2026-01-01,30,0,0,0,30,0,0,https://data.wa.gov/Transportation/Vehicle-Title-Transactions-by-Department-of-Licens/cdk6-5kdf
Adams,2026-02-01,21,0,0,0,21,0,0,https://data.wa.gov/Transportation/Vehicle-Title-Transactions-by-Department-of-Licens/cdk6-5kdf
Adams,2026-03-01,21,1,0,0,22,1,0.045454545454545456,https://data.wa.gov/Transportation/Vehicle-Title-Transactions-by-Department-of-Licens/cdk6-5kdf
Adams,2026-04-01,29,2,0,0,31,2,0.06451612903225806,https://data.wa.gov/Transportation/Vehicle-Title-Transactions-by-Department-of-Licens/cdk6-5kdf
Adams,2026-05-01,20,0,0,0,20,0,0,https://data.wa.gov/Transportation/Vehicle-Title-Transactions-by-Department-of-Licens/cdk6-5kdf
Adams,2026-06-01,24,1,1,0,26,2,0.07692307692307693,https://data.wa.gov/Transportation/Vehicle-Title-Transactions-by-Department-of-Licens/cdk6-5kdf
Asotin,2017-01-01,43,0,0,0,43,0,0,https://data.wa.gov/Transportation/Vehicle-Title-Transactions-by-Department-of-Licens/cdk6-5kdf
Asotin,2017-02-01,54,0,0,0,54,0,0,https://data.wa.gov/Transportation/Vehicle-Title-Transactions-by-Department-of-Licens/cdk6-5kdf
Asotin,2017-03-01,35,0,0,0,35,0,0,https://data.wa.gov/Transportation/Vehicle-Title-Transactions-by-Department-of-Licens/cdk6-5kdf
Asotin,2017-04-01,42,0,0,0,42,0,0,https://data.wa.gov/Transportation/Vehicle-Title-Transactions-by-Department-of-Licens/cdk6-5kdf
Asotin,2017-05-01,51,0,1,0,52,1,0.019230769230769232,https://data.wa.gov/Transportation/Vehicle-Title-Transactions-by-Department-of-Licens/cdk6-5kdf
Asotin,2017-06-01,38,0,0,0,38,0,0,https://data.wa.gov/Transportation/Vehicle-Title-Transactions-by-Department-of-Licens/cdk6-5kdf
Asotin,2017-07-01,42,0,0,0,42,0,0,https://data.wa.gov/Transportation/Vehicle-Title-Transactions-by-Department-of-Licens/cdk6-5kdf
Asotin,2017-08-01,55,0,0,0,55,0,0,https://data.wa.gov/Transportation/Vehicle-Title-Transactions-by-Department-of-Licens/cdk6-5kdf
Asotin,2017-09-01,45,0,0,0,45,0,0,https://data.wa.gov/Transportation/Vehicle-Title-Transactions-by-Department-of-Licens/cdk6-5kdf
Asotin,2017-10-01,57,0,0,0,57,0,0,https://data.wa.gov/Transportation/Vehicle-Title-Transactions-by-Department-of-Licens/cdk6-5kdf
Asotin,2017-11-01,48,0,0,0,48,0,0,https://data.wa.gov/Transportation/Vehicle-Title-Transactions-by-Department-of-Licens/cdk6-5kdf
Asotin,2017-12-01,39,1,0,0,40,1,0.025,https://data.wa.gov/Transportation/Vehicle-Title-Transactions-by-Department-of-Licens/cdk6-5kdf
Asotin,2018-01-01,54,0,0,0,54,0,0,https://data.wa.gov/Transportation/Vehicle-Title-Transactions-by-Department-of-Licens/cdk6-5kdf
Asotin,2018-02-01,43,0,0,0,43,0,0,https://data.wa.gov/Transportation/Vehicle-Title-Transactions-by-Department-of-Licens/cdk6-5kdf
Asotin,2018-03-01,44,1,0,0,45,1,0.022222222222222223,https://data.wa.gov/Transportation/Vehicle-Title-Transactions-by-Department-of-Licens/cdk6-5kdf
Asotin,2018-04-01,55,0,1,0,56,1,0.017857142857142856,https://data.wa.gov/Transportation/Vehicle-Title-Transactions-by-Department-of-Licens/cdk6-5kdf
Asotin,2018-05-01,35,0,0,0,35,0,0,https://data.wa.gov/Transportation/Vehicle-Title-Transactions-by-Department-of-Licens/cdk6-5kdf
Asotin,2018-06-01,46,0,0,0,46,0,0,https://data.wa.gov/Transportation/Vehicle-Title-Transactions-by-Department-of-Licens/cdk6-5kdf
Asotin,2018-07-01,46,1,1,0,48,2,0.041666666666666664,https://data.wa.gov/Transportation/Vehicle-Title-Transactions-by-Department-of-Licens/cdk6-5kdf
Asotin,2018-08-01,56,0,0,0,56,0,0,https://data.wa.gov/Transportation/Vehicle-Title-Transactions-by-Department-of-Licens/cdk6-5kdf
Asotin,2018-09-01,37,0,0,0,37,0,0,https://data.wa.gov/Transportation/Vehicle-Title-Transactions-by-Department-of-Licens/cdk6-5kdf
Asotin,2018-10-01,48,0,1,0,49,1,0.02040816326530612,https://data.wa.gov/Transportation/Vehicle-Title-Transactions-by-Department-of-Licens/cdk6-5kdf
Asotin,2018-11-01,46,0,0,0,46,0,0,https://data.wa.gov/Transportation/Vehicle-Title-Transactions-by-Department-of-Licens/cdk6-5kdf
Asotin,2018-12-01,55,0,0,0,55,0,0,https://data.wa.gov/Transportation/Vehicle-Title-Transactions-by-Department-of-Licens/cdk6-5kdf
Asotin,2019-01-01,43,0,0,0,43,0,0,https://data.wa.gov/Transportation/Vehicle-Title-Transactions-by-Department-of-Licens/cdk6-5kdf
Asotin,2019-02-01,41,0,0,0,41,0,0,https://data.wa.gov/Transportation/Vehicle-Title-Transactions-by-Department-of-Licens/cdk6-5kdf
Asotin,2019-03-01,44,0,0,0,44,0,0,https://data.wa.gov/Transportation/Vehicle-Title-Transactions-by-Department-of-Licens/cdk6-5kdf
Asotin,2019-04-01,46,0,0,0,46,0,0,https://data.wa.gov/Transportation/Vehicle-Title-Transactions-by-Department-of-Licens/cdk6-5kdf
Asotin,2019-05-01,43,0,0,0,43,0,0,https://data.wa.gov/Transportation/Vehicle-Title-Transactions-by-Department-of-Licens/cdk6-5kdf
Asotin,2019-06-01,47,0,0,0,47,0,0,https://data.wa.gov/Transportation/Vehicle-Title-Transactions-by-Department-of-Licens/cdk6-5kdf
Asotin,2019-07-01,47,0,0,0,47,0,0,https://data.wa.gov/Transportation/Vehicle-Title-Transactions-by-Department-of-Licens/cdk6-5kdf
Asotin,2019-08-01,43,0,0,0,43,0,0,https://data.wa.gov/Transportation/Vehicle-Title-Transactions-by-Department-of-Licens/cdk6-5kdf
Asotin,2019-09-01,33,0,0,0,33,0,0,https://data.wa.gov/Transportation/Vehicle-Title-Transactions-by-Department-of-Licens/cdk6-5kdf
Asotin,2019-10-01,43,1,0,0,44,1,0.022727272727272728,https://data.wa.gov/Transportation/Vehicle-Title-Transactions-by-Department-of-Licens/cdk6-5kdf
Asotin,2019-11-01,40,0,0,0,40,0,0,https://data.wa.gov/Transportation/Vehicle-Title-Transactions-by-Department-of-Licens/cdk6-5kdf
Asotin,2019-12-01,50,0,0,0,50,0,0,https://data.wa.gov/Transportation/Vehicle-Title-Transactions-by-Department-of-Licens/cdk6-5kdf
Asotin,2020-01-01,54,1,1,0,56,2,0.03571428571428571,https://data.wa.gov/Transportation/Vehicle-Title-Transactions-by-Department-of-Licens/cdk6-5kdf
Asotin,2020-02-01,35,0,0,0,35,0,0,https://data.wa.gov/Transportation/Vehicle-Title-Transactions-by-Department-of-Licens/cdk6-5kdf
Asotin,2020-03-01,38,1,1,0,40,2,0.05,https://data.wa.gov/Transportation/Vehicle-Title-Transactions-by-Department-of-Licens/cdk6-5kdf
Asotin,2020-04-01,37,0,0,0,37,0,0,https://data.wa.gov/Transportation/Vehicle-Title-Transactions-by-Department-of-Licens/cdk6-5kdf
Asotin,2020-05-01,31,0,0,0,31,0,0,https://data.wa.gov/Transportation/Vehicle-Title-Transactions-by-Department-of-Licens/cdk6-5kdf
Asotin,2020-06-01,53,1,0,0,54,1,0.018518518518518517,https://data.wa.gov/Transportation/Vehicle-Title-Transactions-by-Department-of-Licens/cdk6-5kdf
Asotin,2020-07-01,43,0,0,0,43,0,0,https://data.wa.gov/Transportation/Vehicle-Title-Transactions-by-Department-of-Licens/cdk6-5kdf
Asotin,2020-08-01,40,0,0,0,40,0,0,https://data.wa.gov/Transportation/Vehicle-Title-Transactions-by-Department-of-Licens/cdk6-5kdf
Asotin,2020-09-01,46,0,0,0,46,0,0,https://data.wa.gov/Transportation/Vehicle-Title-Transactions-by-Department-of-Licens/cdk6-5kdf
Asotin,2020-10-01,47,1,0,0,48,1,0.020833333333333332,https://data.wa.gov/Transportation/Vehicle-Title-Transactions-by-Department-of-Licens/cdk6-5kdf
Asotin,2020-11-01,27,0,0,0,27,0,0,https://data.wa.gov/Transportation/Vehicle-Title-Transactions-by-Department-of-Licens/cdk6-5kdf
Asotin,2020-12-01,41,0,0,0,41,0,0,https://data.wa.gov/Transportation/Vehicle-Title-Transactions-by-Department-of-Licens/cdk6-5kdf
Asotin,2021-01-01,43,0,0,0,43,0,0,https://data.wa.gov/Transportation/Vehicle-Title-Transactions-by-Department-of-Licens/cdk6-5kdf
Asotin,2021-02-01,43,0,1,0,44,1,0.022727272727272728,https://data.wa.gov/Transportation/Vehicle-Title-Transactions-by-Department-of-Licens/cdk6-5kdf
Asotin,2021-03-01,46,0,0,0,46,0,0,https://data.wa.gov/Transportation/Vehicle-Title-Transactions-by-Department-of-Licens/cdk6-5kdf
Asotin,2021-04-01,62,0,0,0,62,0,0,https://data.wa.gov/Transportation/Vehicle-Title-Transactions-by-Department-of-Licens/cdk6-5kdf
Asotin,2021-05-01,52,0,0,0,52,0,0,https://data.wa.gov/Transportation/Vehicle-Title-Transactions-by-Department-of-Licens/cdk6-5kdf
Asotin,2021-06-01,58,0,3,0,61,3,0.04918032786885246,https://data.wa.gov/Transportation/Vehicle-Title-Transactions-by-Department-of-Licens/cdk6-5kdf
Asotin,2021-07-01,42,1,0,0,43,1,0.023255813953488372,https://data.wa.gov/Transportation/Vehicle-Title-Transactions-by-Department-of-Licens/cdk6-5kdf
Asotin,2021-08-01,49,0,0,0,49,0,0,https://data.wa.gov/Transportation/Vehicle-Title-Transactions-by-Department-of-Licens/cdk6-5kdf
Asotin,2021-09-01,42,0,0,0,42,0,0,https://data.wa.gov/Transportation/Vehicle-Title-Transactions-by-Department-of-Licens/cdk6-5kdf
Asotin,2021-10-01,42,0,0,0,42,0,0,https://data.wa.gov/Transportation/Vehicle-Title-Transactions-by-Department-of-Licens/cdk6-5kdf
Asotin,2021-11-01,34,0,0,0,34,0,0,https://data.wa.gov/Transportation/Vehicle-Title-Transactions-by-Department-of-Licens/cdk6-5kdf
Asotin,2021-12-01,37,0,0,0,37,0,0,https://data.wa.gov/Transportation/Vehicle-Title-Transactions-by-Department-of-Licens/cdk6-5kdf
Asotin,2022-01-01,45,1,0,0,46,1,0.021739130434782608,https://data.wa.gov/Transportation/Vehicle-Title-Transactions-by-Department-of-Licens/cdk6-5kdf
Asotin,2022-02-01,35,0,1,0,36,1,0.027777777777777776,https://data.wa.gov/Transportation/Vehicle-Title-Transactions-by-Department-of-Licens/cdk6-5kdf
Asotin,2022-03-01,56,0,0,0,56,0,0,https://data.wa.gov/Transportation/Vehicle-Title-Transactions-by-Department-of-Licens/cdk6-5kdf
Asotin,2022-04-01,45,2,0,0,47,2,0.0425531914893617,https://data.wa.gov/Transportation/Vehicle-Title-Transactions-by-Department-of-Licens/cdk6-5kdf
Asotin,2022-05-01,34,0,0,0,34,0,0,https://data.wa.gov/Transportation/Vehicle-Title-Transactions-by-Department-of-Licens/cdk6-5kdf
Asotin,2022-06-01,48,1,0,0,49,1,0.02040816326530612,https://data.wa.gov/Transportation/Vehicle-Title-Transactions-by-Department-of-Licens/cdk6-5kdf
Asotin,2022-07-01,36,1,0,0,37,1,0.02702702702702703,https://data.wa.gov/Transportation/Vehicle-Title-Transactions-by-Department-of-Licens/cdk6-5kdf
Asotin,2022-08-01,41,0,0,0,41,0,0,https://data.wa.gov/Transportation/Vehicle-Title-Transactions-by-Department-of-Licens/cdk6-5kdf
Asotin,2022-09-01,31,0,1,0,32,1,0.03125,https://data.wa.gov/Transportation/Vehicle-Title-Transactions-by-Department-of-Licens/cdk6-5kdf
Asotin,2022-10-01,42,1,0,0,43,1,0.023255813953488372,https://data.wa.gov/Transportation/Vehicle-Title-Transactions-by-Department-of-Licens/cdk6-5kdf
Asotin,2022-11-01,32,1,1,0,34,2,0.058823529411764705,https://data.wa.gov/Transportation/Vehicle-Title-Transactions-by-Department-of-Licens/cdk6-5kdf
Asotin,2022-12-01,39,0,0,0,39,0,0,https://data.wa.gov/Transportation/Vehicle-Title-Transactions-by-Department-of-Licens/cdk6-5kdf
Asotin,2023-01-01,35,1,0,0,36,1,0.027777777777777776,https://data.wa.gov/Transportation/Vehicle-Title-Transactions-by-Department-of-Licens/cdk6-5kdf
Asotin,2023-02-01,47,1,0,0,48,1,0.020833333333333332,https://data.wa.gov/Transportation/Vehicle-Title-Transactions-by-Department-of-Licens/cdk6-5kdf
Asotin,2023-03-01,36,1,1,0,38,2,0.05263157894736842,https://data.wa.gov/Transportation/Vehicle-Title-Transactions-by-Department-of-Licens/cdk6-5kdf
Asotin,2023-04-01,33,1,1,0,35,2,0.05714285714285714,https://data.wa.gov/Transportation/Vehicle-Title-Transactions-by-Department-of-Licens/cdk6-5kdf
Asotin,2023-05-01,51,1,1,0,53,2,0.03773584905660377,https://data.wa.gov/Transportation/Vehicle-Title-Transactions-by-Department-of-Licens/cdk6-5kdf
Asotin,2023-06-01,45,1,2,0,48,3,0.0625,https://data.wa.gov/Transportation/Vehicle-Title-Transactions-by-Department-of-Licens/cdk6-5kdf
Asotin,2023-07-01,45,0,2,0,47,2,0.0425531914893617,https://data.wa.gov/Transportation/Vehicle-Title-Transactions-by-Department-of-Licens/cdk6-5kdf
Asotin,2023-08-01,43,1,0,0,44,1,0.022727272727272728,https://data.wa.gov/Transportation/Vehicle-Title-Transactions-by-Department-of-Licens/cdk6-5kdf
Asotin,2023-09-01,33,3,0,0,36,3,0.08333333333333333,https://data.wa.gov/Transportation/Vehicle-Title-Transactions-by-Department-of-Licens/cdk6-5kdf
Asotin,2023-10-01,55,1,1,0,57,2,0.03508771929824561,https://data.wa.gov/Transportation/Vehicle-Title-Transactions-by-Department-of-Licens/cdk6-5kdf
Asotin,2023-11-01,35,2,0,0,37,2,0.05405405405405406,https://data.wa.gov/Transportation/Vehicle-Title-Transactions-by-Department-of-Licens/cdk6-5kdf
Asotin,2023-12-01,34,1,0,0,35,1,0.02857142857142857,https://data.wa.gov/Transportation/Vehicle-Title-Transactions-by-Department-of-Licens/cdk6-5kdf
Asotin,2024-01-01,47,2,0,0,49,2,0.04081632653061224,https://data.wa.gov/Transportation/Vehicle-Title-Transactions-by-Department-of-Licens/cdk6-5kdf
Asotin,2024-02-01,40,1,0,0,41,1,0.024390243902439025,https://data.wa.gov/Transportation/Vehicle-Title-Transactions-by-Department-of-Licens/cdk6-5kdf
Asotin,2024-03-01,30,1,0,0,31,1,0.03225806451612903,https://data.wa.gov/Transportation/Vehicle-Title-Transactions-by-Department-of-Licens/cdk6-5kdf
Asotin,2024-04-01,36,2,0,0,38,2,0.05263157894736842,https://data.wa.gov/Transportation/Vehicle-Title-Transactions-by-Department-of-Licens/cdk6-5kdf
Asotin,2024-05-01,39,0,0,0,39,0,0,https://data.wa.gov/Transportation/Vehicle-Title-Transactions-by-Department-of-Licens/cdk6-5kdf
Asotin,2024-06-01,40,1,0,0,41,1,0.024390243902439025,https://data.wa.gov/Transportation/Vehicle-Title-Transactions-by-Department-of-Licens/cdk6-5kdf
Asotin,2024-07-01,39,1,0,0,40,1,0.025,https://data.wa.gov/Transportation/Vehicle-Title-Transactions-by-Department-of-Licens/cdk6-5kdf
Asotin,2024-08-01,40,2,1,0,43,3,0.06976744186046512,https://data.wa.gov/Transportation/Vehicle-Title-Transactions-by-Department-of-Licens/cdk6-5kdf
Asotin,2024-09-01,45,2,0,0,47,2,0.0425531914893617,https://data.wa.gov/Transportation/Vehicle-Title-Transactions-by-Department-of-Licens/cdk6-5kdf
Asotin,2024-10-01,42,1,0,0,43,1,0.023255813953488372,https://data.wa.gov/Transportation/Vehicle-Title-Transactions-by-Department-of-Licens/cdk6-5kdf
Asotin,2024-11-01,39,1,1,0,41,2,0.04878048780487805,https://data.wa.gov/Transportation/Vehicle-Title-Transactions-by-Department-of-Licens/cdk6-5kdf
Asotin,2024-12-01,38,1,0,0,39,1,0.02564102564102564,https://data.wa.gov/Transportation/Vehicle-Title-Transactions-by-Department-of-Licens/cdk6-5kdf
Asotin,2025-01-01,62,1,1,0,64,2,0.03125,https://data.wa.gov/Transportation/Vehicle-Title-Transactions-by-Department-of-Licens/cdk6-5kdf
Asotin,2025-02-01,34,3,1,0,38,4,0.10526315789473684,https://data.wa.gov/Transportation/Vehicle-Title-Transactions-by-Department-of-Licens/cdk6-5kdf
Asotin,2025-03-01,42,0,0,0,42,0,0,https://data.wa.gov/Transportation/Vehicle-Title-Transactions-by-Department-of-Licens/cdk6-5kdf
Asotin,2025-04-01,41,1,1,0,43,2,0.046511627906976744,https://data.wa.gov/Transportation/Vehicle-Title-Transactions-by-Department-of-Licens/cdk6-5kdf
Asotin,2025-05-01,45,2,0,0,47,2,0.0425531914893617,https://data.wa.gov/Transportation/Vehicle-Title-Transactions-by-Department-of-Licens/cdk6-5kdf
Asotin,2025-06-01,41,1,0,0,42,1,0.023809523809523808,https://data.wa.gov/Transportation/Vehicle-Title-Transactions-by-Department-of-Licens/cdk6-5kdf
Asotin,2025-07-01,42,1,0,0,43,1,0.023255813953488372,https://data.wa.gov/Transportation/Vehicle-Title-Transactions-by-Department-of-Licens/cdk6-5kdf
Asotin,2025-08-01,24,2,0,0,26,2,0.07692307692307693,https://data.wa.gov/Transportation/Vehicle-Title-Transactions-by-Department-of-Licens/cdk6-5kdf
Asotin,2025-09-01,49,3,1,0,53,4,0.07547169811320754,https://data.wa.gov/Transportation/Vehicle-Title-Transactions-by-Department-of-Licens/cdk6-5kdf
Asotin,2025-10-01,39,1,0,0,40,1,0.025,https://data.wa.gov/Transportation/Vehicle-Title-Transactions-by-Department-of-Licens/cdk6-5kdf
Asotin,2025-11-01,40,3,0,0,43,3,0.06976744186046512,https://data.wa.gov/Transportation/Vehicle-Title-Transactions-by-Department-of-Licens/cdk6-5kdf
Asotin,2025-12-01,41,1,0,0,42,1,0.023809523809523808,https://data.wa.gov/Transportation/Vehicle-Title-Transactions-by-Department-of-Licens/cdk6-5kdf
Asotin,2026-01-01,41,0,0,0,41,0,0,https://data.wa.gov/Transportation/Vehicle-Title-Transactions-by-Department-of-Licens/cdk6-5kdf
Asotin,2026-02-01,43,0,0,0,43,0,0,https://data.wa.gov/Transportation/Vehicle-Title-Transactions-by-Department-of-Licens/cdk6-5kdf
Asotin,2026-03-01,49,1,0,0,50,1,0.02,https://data.wa.gov/Transportation/Vehicle-Title-Transactions-by-Department-of-Licens/cdk6-5kdf
Asotin,2026-04-01,33,0,2,0,35,2,0.05714285714285714,https://data.wa.gov/Transportation/Vehicle-Title-Transactions-by-Department-of-Licens/cdk6-5kdf
Asotin,2026-05-01,33,2,0,0,35,2,0.05714285714285714,https://data.wa.gov/Transportation/Vehicle-Title-Transactions-by-Department-of-Licens/cdk6-5kdf
Asotin,2026-06-01,46,2,0,0,48,2,0.041666666666666664,https://data.wa.gov/Transportation/Vehicle-Title-Transactions-by-Department-of-Licens/cdk6-5kdf
Benton,2017-01-01,473,1,2,0,476,3,0.0063025210084033615,https://data.wa.gov/Transportation/Vehicle-Title-Transactions-by-Department-of-Licens/cdk6-5kdf
Benton,2017-02-01,365,2,4,0,371,6,0.016172506738544475,https://data.wa.gov/Transportation/Vehicle-Title-Transactions-by-Department-of-Licens/cdk6-5kdf
Benton,2017-03-01,527,3,1,0,531,4,0.007532956685499058,https://data.wa.gov/Transportation/Vehicle-Title-Transactions-by-Department-of-Licens/cdk6-5kdf
Benton,2017-04-01,453,0,1,0,454,1,0.0022026431718061676,https://data.wa.gov/Transportation/Vehicle-Title-Transactions-by-Department-of-Licens/cdk6-5kdf
Benton,2017-05-01,464,3,0,0,467,3,0.006423982869379015,https://data.wa.gov/Transportation/Vehicle-Title-Transactions-by-Department-of-Licens/cdk6-5kdf
Benton,2017-06-01,507,0,2,0,509,2,0.003929273084479371,https://data.wa.gov/Transportation/Vehicle-Title-Transactions-by-Department-of-Licens/cdk6-5kdf
Benton,2017-07-01,490,2,4,0,496,6,0.012096774193548387,https://data.wa.gov/Transportation/Vehicle-Title-Transactions-by-Department-of-Licens/cdk6-5kdf
Benton,2017-08-01,555,8,0,0,563,8,0.014209591474245116,https://data.wa.gov/Transportation/Vehicle-Title-Transactions-by-Department-of-Licens/cdk6-5kdf
Benton,2017-09-01,547,2,2,0,551,4,0.007259528130671506,https://data.wa.gov/Transportation/Vehicle-Title-Transactions-by-Department-of-Licens/cdk6-5kdf
Benton,2017-10-01,494,1,2,0,497,3,0.006036217303822937,https://data.wa.gov/Transportation/Vehicle-Title-Transactions-by-Department-of-Licens/cdk6-5kdf
Benton,2017-11-01,541,1,3,0,545,4,0.007339449541284404,https://data.wa.gov/Transportation/Vehicle-Title-Transactions-by-Department-of-Licens/cdk6-5kdf
Benton,2017-12-01,444,2,6,0,452,8,0.017699115044247787,https://data.wa.gov/Transportation/Vehicle-Title-Transactions-by-Department-of-Licens/cdk6-5kdf
Benton,2018-01-01,545,1,9,0,555,10,0.018018018018018018,https://data.wa.gov/Transportation/Vehicle-Title-Transactions-by-Department-of-Licens/cdk6-5kdf
Benton,2018-02-01,371,2,0,0,373,2,0.005361930294906166,https://data.wa.gov/Transportation/Vehicle-Title-Transactions-by-Department-of-Licens/cdk6-5kdf
Benton,2018-03-01,474,3,6,0,483,9,0.018633540372670808,https://data.wa.gov/Transportation/Vehicle-Title-Transactions-by-Department-of-Licens/cdk6-5kdf
Benton,2018-04-01,414,3,2,0,419,5,0.011933174224343675,https://data.wa.gov/Transportation/Vehicle-Title-Transactions-by-Department-of-Licens/cdk6-5kdf
Benton,2018-05-01,479,7,6,0,492,13,0.026422764227642278,https://data.wa.gov/Transportation/Vehicle-Title-Transactions-by-Department-of-Licens/cdk6-5kdf
Benton,2018-06-01,453,4,3,0,460,7,0.015217391304347827,https://data.wa.gov/Transportation/Vehicle-Title-Transactions-by-Department-of-Licens/cdk6-5kdf
Benton,2018-07-01,480,1,1,0,482,2,0.004149377593360996,https://data.wa.gov/Transportation/Vehicle-Title-Transactions-by-Department-of-Licens/cdk6-5kdf
Benton,2018-08-01,584,1,2,0,587,3,0.005110732538330494,https://data.wa.gov/Transportation/Vehicle-Title-Transactions-by-Department-of-Licens/cdk6-5kdf
Benton,2018-09-01,514,2,7,0,523,9,0.017208413001912046,https://data.wa.gov/Transportation/Vehicle-Title-Transactions-by-Department-of-Licens/cdk6-5kdf
Benton,2018-10-01,460,2,6,0,468,8,0.017094017094017096,https://data.wa.gov/Transportation/Vehicle-Title-Transactions-by-Department-of-Licens/cdk6-5kdf
Benton,2018-11-01,469,20,4,0,493,24,0.0486815415821501,https://data.wa.gov/Transportation/Vehicle-Title-Transactions-by-Department-of-Licens/cdk6-5kdf
Benton,2018-12-01,477,16,8,0,501,24,0.04790419161676647,https://data.wa.gov/Transportation/Vehicle-Title-Transactions-by-Department-of-Licens/cdk6-5kdf
Benton,2019-01-01,466,6,6,0,478,12,0.02510460251046025,https://data.wa.gov/Transportation/Vehicle-Title-Transactions-by-Department-of-Licens/cdk6-5kdf
Benton,2019-02-01,328,2,0,0,330,2,0.006060606060606061,https://data.wa.gov/Transportation/Vehicle-Title-Transactions-by-Department-of-Licens/cdk6-5kdf
Benton,2019-03-01,395,3,1,0,399,4,0.010025062656641603,https://data.wa.gov/Transportation/Vehicle-Title-Transactions-by-Department-of-Licens/cdk6-5kdf
Benton,2019-04-01,451,11,3,0,465,14,0.030107526881720432,https://data.wa.gov/Transportation/Vehicle-Title-Transactions-by-Department-of-Licens/cdk6-5kdf
Benton,2019-05-01,450,2,5,0,457,7,0.015317286652078774,https://data.wa.gov/Transportation/Vehicle-Title-Transactions-by-Department-of-Licens/cdk6-5kdf
Benton,2019-06-01,523,4,4,0,531,8,0.015065913370998116,https://data.wa.gov/Transportation/Vehicle-Title-Transactions-by-Department-of-Licens/cdk6-5kdf
Benton,2019-07-01,498,8,4,0,510,12,0.023529411764705882,https://data.wa.gov/Transportation/Vehicle-Title-Transactions-by-Department-of-Licens/cdk6-5kdf
Benton,2019-08-01,484,8,2,0,494,10,0.020242914979757085,https://data.wa.gov/Transportation/Vehicle-Title-Transactions-by-Department-of-Licens/cdk6-5kdf
Benton,2019-09-01,488,10,2,0,500,12,0.024,https://data.wa.gov/Transportation/Vehicle-Title-Transactions-by-Department-of-Licens/cdk6-5kdf
Benton,2019-10-01,524,18,2,0,544,20,0.03676470588235294,https://data.wa.gov/Transportation/Vehicle-Title-Transactions-by-Department-of-Licens/cdk6-5kdf
Benton,2019-11-01,442,2,3,0,447,5,0.011185682326621925,https://data.wa.gov/Transportation/Vehicle-Title-Transactions-by-Department-of-Licens/cdk6-5kdf
Benton,2019-12-01,459,5,1,0,465,6,0.012903225806451613,https://data.wa.gov/Transportation/Vehicle-Title-Transactions-by-Department-of-Licens/cdk6-5kdf
Benton,2020-01-01,418,19,3,0,440,22,0.05,https://data.wa.gov/Transportation/Vehicle-Title-Transactions-by-Department-of-Licens/cdk6-5kdf
Benton,2020-02-01,360,2,2,0,364,4,0.01098901098901099,https://data.wa.gov/Transportation/Vehicle-Title-Transactions-by-Department-of-Licens/cdk6-5kdf
Benton,2020-03-01,433,4,3,0,440,7,0.015909090909090907,https://data.wa.gov/Transportation/Vehicle-Title-Transactions-by-Department-of-Licens/cdk6-5kdf
Benton,2020-04-01,176,2,0,0,178,2,0.011235955056179775,https://data.wa.gov/Transportation/Vehicle-Title-Transactions-by-Department-of-Licens/cdk6-5kdf
Benton,2020-05-01,279,5,1,0,285,6,0.021052631578947368,https://data.wa.gov/Transportation/Vehicle-Title-Transactions-by-Department-of-Licens/cdk6-5kdf
Benton,2020-06-01,511,4,0,0,515,4,0.007766990291262136,https://data.wa.gov/Transportation/Vehicle-Title-Transactions-by-Department-of-Licens/cdk6-5kdf
Benton,2020-07-01,464,19,1,0,484,20,0.04132231404958678,https://data.wa.gov/Transportation/Vehicle-Title-Transactions-by-Department-of-Licens/cdk6-5kdf
Benton,2020-08-01,415,4,1,0,420,5,0.011904761904761904,https://data.wa.gov/Transportation/Vehicle-Title-Transactions-by-Department-of-Licens/cdk6-5kdf
Benton,2020-09-01,510,8,5,0,523,13,0.0248565965583174,https://data.wa.gov/Transportation/Vehicle-Title-Transactions-by-Department-of-Licens/cdk6-5kdf
Benton,2020-10-01,479,10,3,0,492,13,0.026422764227642278,https://data.wa.gov/Transportation/Vehicle-Title-Transactions-by-Department-of-Licens/cdk6-5kdf
Benton,2020-11-01,360,20,6,0,386,26,0.06735751295336788,https://data.wa.gov/Transportation/Vehicle-Title-Transactions-by-Department-of-Licens/cdk6-5kdf
Benton,2020-12-01,535,9,2,0,546,11,0.020146520146520148,https://data.wa.gov/Transportation/Vehicle-Title-Transactions-by-Department-of-Licens/cdk6-5kdf
Benton,2021-01-01,455,12,3,0,470,15,0.031914893617021274,https://data.wa.gov/Transportation/Vehicle-Title-Transactions-by-Department-of-Licens/cdk6-5kdf
Benton,2021-02-01,415,5,2,0,422,7,0.016587677725118485,https://data.wa.gov/Transportation/Vehicle-Title-Transactions-by-Department-of-Licens/cdk6-5kdf
Benton,2021-03-01,553,6,6,0,565,12,0.021238938053097345,https://data.wa.gov/Transportation/Vehicle-Title-Transactions-by-Department-of-Licens/cdk6-5kdf
Benton,2021-04-01,577,22,5,0,604,27,0.04470198675496689,https://data.wa.gov/Transportation/Vehicle-Title-Transactions-by-Department-of-Licens/cdk6-5kdf
Benton,2021-05-01,503,9,5,0,517,14,0.027079303675048357,https://data.wa.gov/Transportation/Vehicle-Title-Transactions-by-Department-of-Licens/cdk6-5kdf
Benton,2021-06-01,661,9,9,0,679,18,0.026509572901325478,https://data.wa.gov/Transportation/Vehicle-Title-Transactions-by-Department-of-Licens/cdk6-5kdf
Benton,2021-07-01,498,24,5,0,527,29,0.05502846299810247,https://data.wa.gov/Transportation/Vehicle-Title-Transactions-by-Department-of-Licens/cdk6-5kdf
Benton,2021-08-01,478,19,7,0,504,26,0.051587301587301584,https://data.wa.gov/Transportation/Vehicle-Title-Transactions-by-Department-of-Licens/cdk6-5kdf
Benton,2021-09-01,454,7,1,0,462,8,0.017316017316017316,https://data.wa.gov/Transportation/Vehicle-Title-Transactions-by-Department-of-Licens/cdk6-5kdf
Benton,2021-10-01,316,13,9,0,338,22,0.0650887573964497,https://data.wa.gov/Transportation/Vehicle-Title-Transactions-by-Department-of-Licens/cdk6-5kdf
Benton,2021-11-01,410,18,10,0,438,28,0.0639269406392694,https://data.wa.gov/Transportation/Vehicle-Title-Transactions-by-Department-of-Licens/cdk6-5kdf
Benton,2021-12-01,467,12,5,0,484,17,0.03512396694214876,https://data.wa.gov/Transportation/Vehicle-Title-Transactions-by-Department-of-Licens/cdk6-5kdf
Benton,2022-01-01,394,11,4,0,409,15,0.03667481662591687,https://data.wa.gov/Transportation/Vehicle-Title-Transactions-by-Department-of-Licens/cdk6-5kdf
Benton,2022-02-01,383,13,5,0,401,18,0.04488778054862843,https://data.wa.gov/Transportation/Vehicle-Title-Transactions-by-Department-of-Licens/cdk6-5kdf
Benton,2022-03-01,516,23,1,0,540,24,0.044444444444444446,https://data.wa.gov/Transportation/Vehicle-Title-Transactions-by-Department-of-Licens/cdk6-5kdf
Benton,2022-04-01,367,14,0,0,381,14,0.03674540682414698,https://data.wa.gov/Transportation/Vehicle-Title-Transactions-by-Department-of-Licens/cdk6-5kdf
Benton,2022-05-01,440,13,10,0,463,23,0.04967602591792657,https://data.wa.gov/Transportation/Vehicle-Title-Transactions-by-Department-of-Licens/cdk6-5kdf
Benton,2022-06-01,472,18,5,0,495,23,0.046464646464646465,https://data.wa.gov/Transportation/Vehicle-Title-Transactions-by-Department-of-Licens/cdk6-5kdf
Benton,2022-07-01,434,25,4,0,463,29,0.06263498920086392,https://data.wa.gov/Transportation/Vehicle-Title-Transactions-by-Department-of-Licens/cdk6-5kdf
Benton,2022-08-01,480,35,5,0,520,40,0.07692307692307693,https://data.wa.gov/Transportation/Vehicle-Title-Transactions-by-Department-of-Licens/cdk6-5kdf
Benton,2022-09-01,452,16,7,0,475,23,0.04842105263157895,https://data.wa.gov/Transportation/Vehicle-Title-Transactions-by-Department-of-Licens/cdk6-5kdf
Benton,2022-10-01,438,31,5,0,474,36,0.0759493670886076,https://data.wa.gov/Transportation/Vehicle-Title-Transactions-by-Department-of-Licens/cdk6-5kdf
Benton,2022-11-01,387,41,5,0,433,46,0.10623556581986143,https://data.wa.gov/Transportation/Vehicle-Title-Transactions-by-Department-of-Licens/cdk6-5kdf
Benton,2022-12-01,424,26,6,0,456,32,0.07017543859649122,https://data.wa.gov/Transportation/Vehicle-Title-Transactions-by-Department-of-Licens/cdk6-5kdf
Benton,2023-01-01,404,24,12,0,440,36,0.08181818181818182,https://data.wa.gov/Transportation/Vehicle-Title-Transactions-by-Department-of-Licens/cdk6-5kdf
Benton,2023-02-01,382,25,9,0,416,34,0.08173076923076923,https://data.wa.gov/Transportation/Vehicle-Title-Transactions-by-Department-of-Licens/cdk6-5kdf
Benton,2023-03-01,493,44,9,0,546,53,0.09706959706959707,https://data.wa.gov/Transportation/Vehicle-Title-Transactions-by-Department-of-Licens/cdk6-5kdf
Benton,2023-04-01,412,45,10,0,467,55,0.11777301927194861,https://data.wa.gov/Transportation/Vehicle-Title-Transactions-by-Department-of-Licens/cdk6-5kdf
Benton,2023-05-01,483,25,10,0,518,35,0.06756756756756757,https://data.wa.gov/Transportation/Vehicle-Title-Transactions-by-Department-of-Licens/cdk6-5kdf
Benton,2023-06-01,474,24,14,0,512,38,0.07421875,https://data.wa.gov/Transportation/Vehicle-Title-Transactions-by-Department-of-Licens/cdk6-5kdf
Benton,2023-07-01,455,32,5,0,492,37,0.07520325203252033,https://data.wa.gov/Transportation/Vehicle-Title-Transactions-by-Department-of-Licens/cdk6-5kdf
Benton,2023-08-01,494,40,15,0,549,55,0.10018214936247723,https://data.wa.gov/Transportation/Vehicle-Title-Transactions-by-Department-of-Licens/cdk6-5kdf
Benton,2023-09-01,400,41,16,0,457,57,0.12472647702407003,https://data.wa.gov/Transportation/Vehicle-Title-Transactions-by-Department-of-Licens/cdk6-5kdf
Benton,2023-10-01,454,36,18,0,508,54,0.1062992125984252,https://data.wa.gov/Transportation/Vehicle-Title-Transactions-by-Department-of-Licens/cdk6-5kdf
Benton,2023-11-01,434,36,13,0,483,49,0.10144927536231885,https://data.wa.gov/Transportation/Vehicle-Title-Transactions-by-Department-of-Licens/cdk6-5kdf
Benton,2023-12-01,384,28,11,0,423,39,0.09219858156028368,https://data.wa.gov/Transportation/Vehicle-Title-Transactions-by-Department-of-Licens/cdk6-5kdf
Benton,2024-01-01,460,30,21,0,511,51,0.09980430528375733,https://data.wa.gov/Transportation/Vehicle-Title-Transactions-by-Department-of-Licens/cdk6-5kdf
Benton,2024-02-01,384,20,14,0,418,34,0.08133971291866028,https://data.wa.gov/Transportation/Vehicle-Title-Transactions-by-Department-of-Licens/cdk6-5kdf
Benton,2024-03-01,381,19,6,0,406,25,0.06157635467980296,https://data.wa.gov/Transportation/Vehicle-Title-Transactions-by-Department-of-Licens/cdk6-5kdf
Benton,2024-04-01,330,33,9,0,372,42,0.11290322580645161,https://data.wa.gov/Transportation/Vehicle-Title-Transactions-by-Department-of-Licens/cdk6-5kdf
Benton,2024-05-01,488,27,13,0,528,40,0.07575757575757576,https://data.wa.gov/Transportation/Vehicle-Title-Transactions-by-Department-of-Licens/cdk6-5kdf
Benton,2024-06-01,397,27,14,0,438,41,0.09360730593607305,https://data.wa.gov/Transportation/Vehicle-Title-Transactions-by-Department-of-Licens/cdk6-5kdf
Benton,2024-07-01,544,65,21,0,630,86,0.1365079365079365,https://data.wa.gov/Transportation/Vehicle-Title-Transactions-by-Department-of-Licens/cdk6-5kdf
Benton,2024-08-01,433,43,13,0,489,56,0.11451942740286299,https://data.wa.gov/Transportation/Vehicle-Title-Transactions-by-Department-of-Licens/cdk6-5kdf
Benton,2024-09-01,407,55,22,0,484,77,0.1590909090909091,https://data.wa.gov/Transportation/Vehicle-Title-Transactions-by-Department-of-Licens/cdk6-5kdf
Benton,2024-10-01,500,47,20,0,567,67,0.11816578483245149,https://data.wa.gov/Transportation/Vehicle-Title-Transactions-by-Department-of-Licens/cdk6-5kdf
Benton,2024-11-01,473,47,12,0,532,59,0.11090225563909774,https://data.wa.gov/Transportation/Vehicle-Title-Transactions-by-Department-of-Licens/cdk6-5kdf
Benton,2024-12-01,461,46,19,0,526,65,0.12357414448669202,https://data.wa.gov/Transportation/Vehicle-Title-Transactions-by-Department-of-Licens/cdk6-5kdf
Benton,2025-01-01,498,59,15,0,572,74,0.12937062937062938,https://data.wa.gov/Transportation/Vehicle-Title-Transactions-by-Department-of-Licens/cdk6-5kdf
Benton,2025-02-01,355,34,8,0,397,42,0.10579345088161209,https://data.wa.gov/Transportation/Vehicle-Title-Transactions-by-Department-of-Licens/cdk6-5kdf
Benton,2025-03-01,464,38,17,0,519,55,0.10597302504816955,https://data.wa.gov/Transportation/Vehicle-Title-Transactions-by-Department-of-Licens/cdk6-5kdf
Benton,2025-04-01,520,51,20,0,591,71,0.12013536379018612,https://data.wa.gov/Transportation/Vehicle-Title-Transactions-by-Department-of-Licens/cdk6-5kdf
Benton,2025-05-01,476,37,13,0,526,50,0.09505703422053231,https://data.wa.gov/Transportation/Vehicle-Title-Transactions-by-Department-of-Licens/cdk6-5kdf
Benton,2025-06-01,449,42,8,0,499,50,0.10020040080160321,https://data.wa.gov/Transportation/Vehicle-Title-Transactions-by-Department-of-Licens/cdk6-5kdf
Benton,2025-07-01,473,45,13,0,531,58,0.10922787193973635,https://data.wa.gov/Transportation/Vehicle-Title-Transactions-by-Department-of-Licens/cdk6-5kdf
Benton,2025-08-01,435,50,11,0,496,61,0.12298387096774194,https://data.wa.gov/Transportation/Vehicle-Title-Transactions-by-Department-of-Licens/cdk6-5kdf
Benton,2025-09-01,464,51,14,0,529,65,0.12287334593572778,https://data.wa.gov/Transportation/Vehicle-Title-Transactions-by-Department-of-Licens/cdk6-5kdf
Benton,2025-10-01,388,56,11,0,455,67,0.14725274725274726,https://data.wa.gov/Transportation/Vehicle-Title-Transactions-by-Department-of-Licens/cdk6-5kdf
Benton,2025-11-01,355,37,6,0,398,43,0.10804020100502512,https://data.wa.gov/Transportation/Vehicle-Title-Transactions-by-Department-of-Licens/cdk6-5kdf
Benton,2025-12-01,465,17,4,0,486,21,0.043209876543209874,https://data.wa.gov/Transportation/Vehicle-Title-Transactions-by-Department-of-Licens/cdk6-5kdf
Benton,2026-01-01,468,19,10,0,497,29,0.05835010060362173,https://data.wa.gov/Transportation/Vehicle-Title-Transactions-by-Department-of-Licens/cdk6-5kdf
Benton,2026-02-01,356,25,6,0,387,31,0.08010335917312661,https://data.wa.gov/Transportation/Vehicle-Title-Transactions-by-Department-of-Licens/cdk6-5kdf
Benton,2026-03-01,459,23,8,0,490,31,0.06326530612244897,https://data.wa.gov/Transportation/Vehicle-Title-Transactions-by-Department-of-Licens/cdk6-5kdf
Benton,2026-04-01,450,51,4,0,505,55,0.10891089108910891,https://data.wa.gov/Transportation/Vehicle-Title-Transactions-by-Department-of-Licens/cdk6-5kdf
Benton,2026-05-01,369,31,11,0,411,42,0.10218978102189781,https://data.wa.gov/Transportation/Vehicle-Title-Transactions-by-Department-of-Licens/cdk6-5kdf
Benton,2026-06-01,479,34,10,0,523,44,0.0841300191204589,https://data.wa.gov/Transportation/Vehicle-Title-Transactions-by-Department-of-Licens/cdk6-5kdf
Chelan,2017-01-01,155,2,0,0,157,2,0.012738853503184714,https://data.wa.gov/Transportation/Vehicle-Title-Transactions-by-Department-of-Licens/cdk6-5kdf
Chelan,2017-02-01,132,0,1,0,133,1,0.007518796992481203,https://data.wa.gov/Transportation/Vehicle-Title-Transactions-by-Department-of-Licens/cdk6-5kdf
Chelan,2017-03-01,168,1,1,0,170,2,0.011764705882352941,https://data.wa.gov/Transportation/Vehicle-Title-Transactions-by-Department-of-Licens/cdk6-5kdf
Chelan,2017-04-01,158,0,0,0,158,0,0,https://data.wa.gov/Transportation/Vehicle-Title-Transactions-by-Department-of-Licens/cdk6-5kdf
Chelan,2017-05-01,192,0,2,0,194,2,0.010309278350515464,https://data.wa.gov/Transportation/Vehicle-Title-Transactions-by-Department-of-Licens/cdk6-5kdf
Chelan,2017-06-01,172,4,0,0,176,4,0.022727272727272728,https://data.wa.gov/Transportation/Vehicle-Title-Transactions-by-Department-of-Licens/cdk6-5kdf
Chelan,2017-07-01,134,0,0,0,134,0,0,https://data.wa.gov/Transportation/Vehicle-Title-Transactions-by-Department-of-Licens/cdk6-5kdf
Chelan,2017-08-01,202,1,0,0,203,1,0.0049261083743842365,https://data.wa.gov/Transportation/Vehicle-Title-Transactions-by-Department-of-Licens/cdk6-5kdf
Chelan,2017-09-01,199,2,1,0,202,3,0.01485148514851485,https://data.wa.gov/Transportation/Vehicle-Title-Transactions-by-Department-of-Licens/cdk6-5kdf
Chelan,2017-10-01,199,0,0,0,199,0,0,https://data.wa.gov/Transportation/Vehicle-Title-Transactions-by-Department-of-Licens/cdk6-5kdf
Chelan,2017-11-01,183,3,0,0,186,3,0.016129032258064516,https://data.wa.gov/Transportation/Vehicle-Title-Transactions-by-Department-of-Licens/cdk6-5kdf
Chelan,2017-12-01,167,4,1,0,172,5,0.029069767441860465,https://data.wa.gov/Transportation/Vehicle-Title-Transactions-by-Department-of-Licens/cdk6-5kdf
Chelan,2018-01-01,175,2,0,0,177,2,0.011299435028248588,https://data.wa.gov/Transportation/Vehicle-Title-Transactions-by-Department-of-Licens/cdk6-5kdf
Chelan,2018-02-01,159,0,1,0,160,1,0.00625,https://data.wa.gov/Transportation/Vehicle-Title-Transactions-by-Department-of-Licens/cdk6-5kdf
Chelan,2018-03-01,163,2,0,0,165,2,0.012121212121212121,https://data.wa.gov/Transportation/Vehicle-Title-Transactions-by-Department-of-Licens/cdk6-5kdf
Chelan,2018-04-01,169,2,3,0,174,5,0.028735632183908046,https://data.wa.gov/Transportation/Vehicle-Title-Transactions-by-Department-of-Licens/cdk6-5kdf
Chelan,2018-05-01,170,4,2,0,176,6,0.03409090909090909,https://data.wa.gov/Transportation/Vehicle-Title-Transactions-by-Department-of-Licens/cdk6-5kdf
Chelan,2018-06-01,144,3,1,0,148,4,0.02702702702702703,https://data.wa.gov/Transportation/Vehicle-Title-Transactions-by-Department-of-Licens/cdk6-5kdf
Chelan,2018-07-01,154,1,0,0,155,1,0.0064516129032258064,https://data.wa.gov/Transportation/Vehicle-Title-Transactions-by-Department-of-Licens/cdk6-5kdf
Chelan,2018-08-01,222,1,0,0,223,1,0.004484304932735426,https://data.wa.gov/Transportation/Vehicle-Title-Transactions-by-Department-of-Licens/cdk6-5kdf
Chelan,2018-09-01,195,2,2,0,199,4,0.020100502512562814,https://data.wa.gov/Transportation/Vehicle-Title-Transactions-by-Department-of-Licens/cdk6-5kdf
Chelan,2018-10-01,201,5,2,0,208,7,0.03365384615384615,https://data.wa.gov/Transportation/Vehicle-Title-Transactions-by-Department-of-Licens/cdk6-5kdf
Chelan,2018-11-01,174,11,1,0,186,12,0.06451612903225806,https://data.wa.gov/Transportation/Vehicle-Title-Transactions-by-Department-of-Licens/cdk6-5kdf
Chelan,2018-12-01,175,7,1,0,183,8,0.04371584699453552,https://data.wa.gov/Transportation/Vehicle-Title-Transactions-by-Department-of-Licens/cdk6-5kdf
Chelan,2019-01-01,182,1,3,0,186,4,0.021505376344086023,https://data.wa.gov/Transportation/Vehicle-Title-Transactions-by-Department-of-Licens/cdk6-5kdf
Chelan,2019-02-01,103,5,2,0,110,7,0.06363636363636363,https://data.wa.gov/Transportation/Vehicle-Title-Transactions-by-Department-of-Licens/cdk6-5kdf
Chelan,2019-03-01,150,1,0,0,151,1,0.006622516556291391,https://data.wa.gov/Transportation/Vehicle-Title-Transactions-by-Department-of-Licens/cdk6-5kdf
Chelan,2019-04-01,167,3,1,0,171,4,0.023391812865497075,https://data.wa.gov/Transportation/Vehicle-Title-Transactions-by-Department-of-Licens/cdk6-5kdf
Chelan,2019-05-01,173,2,0,0,175,2,0.011428571428571429,https://data.wa.gov/Transportation/Vehicle-Title-Transactions-by-Department-of-Licens/cdk6-5kdf
Chelan,2019-06-01,172,4,0,0,176,4,0.022727272727272728,https://data.wa.gov/Transportation/Vehicle-Title-Transactions-by-Department-of-Licens/cdk6-5kdf
Chelan,2019-07-01,155,3,0,0,158,3,0.0189873417721519,https://data.wa.gov/Transportation/Vehicle-Title-Transactions-by-Department-of-Licens/cdk6-5kdf
Chelan,2019-08-01,186,5,0,0,191,5,0.02617801047120419,https://data.wa.gov/Transportation/Vehicle-Title-Transactions-by-Department-of-Licens/cdk6-5kdf
Chelan,2019-09-01,189,6,1,0,196,7,0.03571428571428571,https://data.wa.gov/Transportation/Vehicle-Title-Transactions-by-Department-of-Licens/cdk6-5kdf
Chelan,2019-10-01,202,14,1,0,217,15,0.06912442396313365,https://data.wa.gov/Transportation/Vehicle-Title-Transactions-by-Department-of-Licens/cdk6-5kdf
Chelan,2019-11-01,163,4,0,0,167,4,0.023952095808383235,https://data.wa.gov/Transportation/Vehicle-Title-Transactions-by-Department-of-Licens/cdk6-5kdf
Chelan,2019-12-01,167,4,1,0,172,5,0.029069767441860465,https://data.wa.gov/Transportation/Vehicle-Title-Transactions-by-Department-of-Licens/cdk6-5kdf
Chelan,2020-01-01,175,6,0,0,181,6,0.03314917127071823,https://data.wa.gov/Transportation/Vehicle-Title-Transactions-by-Department-of-Licens/cdk6-5kdf
Chelan,2020-02-01,145,0,1,0,146,1,0.00684931506849315,https://data.wa.gov/Transportation/Vehicle-Title-Transactions-by-Department-of-Licens/cdk6-5kdf
Chelan,2020-03-01,122,4,0,0,126,4,0.031746031746031744,https://data.wa.gov/Transportation/Vehicle-Title-Transactions-by-Department-of-Licens/cdk6-5kdf
Chelan,2020-04-01,52,4,0,0,56,4,0.07142857142857142,https://data.wa.gov/Transportation/Vehicle-Title-Transactions-by-Department-of-Licens/cdk6-5kdf
Chelan,2020-05-01,85,2,0,0,87,2,0.022988505747126436,https://data.wa.gov/Transportation/Vehicle-Title-Transactions-by-Department-of-Licens/cdk6-5kdf
Chelan,2020-06-01,180,4,0,0,184,4,0.021739130434782608,https://data.wa.gov/Transportation/Vehicle-Title-Transactions-by-Department-of-Licens/cdk6-5kdf
Chelan,2020-07-01,192,14,0,0,206,14,0.06796116504854369,https://data.wa.gov/Transportation/Vehicle-Title-Transactions-by-Department-of-Licens/cdk6-5kdf
Chelan,2020-08-01,147,7,0,0,154,7,0.045454545454545456,https://data.wa.gov/Transportation/Vehicle-Title-Transactions-by-Department-of-Licens/cdk6-5kdf
Chelan,2020-09-01,188,2,0,0,190,2,0.010526315789473684,https://data.wa.gov/Transportation/Vehicle-Title-Transactions-by-Department-of-Licens/cdk6-5kdf
Chelan,2020-10-01,195,6,1,0,202,7,0.034653465346534656,https://data.wa.gov/Transportation/Vehicle-Title-Transactions-by-Department-of-Licens/cdk6-5kdf
Chelan,2020-11-01,156,7,0,0,163,7,0.04294478527607362,https://data.wa.gov/Transportation/Vehicle-Title-Transactions-by-Department-of-Licens/cdk6-5kdf
Chelan,2020-12-01,200,4,1,0,205,5,0.024390243902439025,https://data.wa.gov/Transportation/Vehicle-Title-Transactions-by-Department-of-Licens/cdk6-5kdf
Chelan,2021-01-01,178,12,0,0,190,12,0.06315789473684211,https://data.wa.gov/Transportation/Vehicle-Title-Transactions-by-Department-of-Licens/cdk6-5kdf
Chelan,2021-02-01,145,4,0,0,149,4,0.026845637583892617,https://data.wa.gov/Transportation/Vehicle-Title-Transactions-by-Department-of-Licens/cdk6-5kdf
Chelan,2021-03-01,182,4,1,0,187,5,0.026737967914438502,https://data.wa.gov/Transportation/Vehicle-Title-Transactions-by-Department-of-Licens/cdk6-5kdf
Chelan,2021-04-01,207,8,1,0,216,9,0.041666666666666664,https://data.wa.gov/Transportation/Vehicle-Title-Transactions-by-Department-of-Licens/cdk6-5kdf
Chelan,2021-05-01,190,3,1,0,194,4,0.020618556701030927,https://data.wa.gov/Transportation/Vehicle-Title-Transactions-by-Department-of-Licens/cdk6-5kdf
Chelan,2021-06-01,195,7,2,0,204,9,0.04411764705882353,https://data.wa.gov/Transportation/Vehicle-Title-Transactions-by-Department-of-Licens/cdk6-5kdf
Chelan,2021-07-01,155,11,1,0,167,12,0.0718562874251497,https://data.wa.gov/Transportation/Vehicle-Title-Transactions-by-Department-of-Licens/cdk6-5kdf
Chelan,2021-08-01,157,9,0,0,166,9,0.05421686746987952,https://data.wa.gov/Transportation/Vehicle-Title-Transactions-by-Department-of-Licens/cdk6-5kdf
Chelan,2021-09-01,165,6,1,0,172,7,0.040697674418604654,https://data.wa.gov/Transportation/Vehicle-Title-Transactions-by-Department-of-Licens/cdk6-5kdf
Chelan,2021-10-01,127,8,1,0,136,9,0.0661764705882353,https://data.wa.gov/Transportation/Vehicle-Title-Transactions-by-Department-of-Licens/cdk6-5kdf
Chelan,2021-11-01,138,10,2,0,150,12,0.08,https://data.wa.gov/Transportation/Vehicle-Title-Transactions-by-Department-of-Licens/cdk6-5kdf
Chelan,2021-12-01,148,7,1,0,156,8,0.05128205128205128,https://data.wa.gov/Transportation/Vehicle-Title-Transactions-by-Department-of-Licens/cdk6-5kdf
Chelan,2022-01-01,113,9,3,0,125,12,0.096,https://data.wa.gov/Transportation/Vehicle-Title-Transactions-by-Department-of-Licens/cdk6-5kdf
Chelan,2022-02-01,156,9,0,0,165,9,0.05454545454545454,https://data.wa.gov/Transportation/Vehicle-Title-Transactions-by-Department-of-Licens/cdk6-5kdf
Chelan,2022-03-01,151,8,1,0,160,9,0.05625,https://data.wa.gov/Transportation/Vehicle-Title-Transactions-by-Department-of-Licens/cdk6-5kdf
Chelan,2022-04-01,140,3,0,0,143,3,0.02097902097902098,https://data.wa.gov/Transportation/Vehicle-Title-Transactions-by-Department-of-Licens/cdk6-5kdf
Chelan,2022-05-01,148,8,2,0,158,10,0.06329113924050633,https://data.wa.gov/Transportation/Vehicle-Title-Transactions-by-Department-of-Licens/cdk6-5kdf
Chelan,2022-06-01,141,7,1,0,149,8,0.053691275167785234,https://data.wa.gov/Transportation/Vehicle-Title-Transactions-by-Department-of-Licens/cdk6-5kdf
Chelan,2022-07-01,140,16,0,0,156,16,0.10256410256410256,https://data.wa.gov/Transportation/Vehicle-Title-Transactions-by-Department-of-Licens/cdk6-5kdf
Chelan,2022-08-01,181,7,4,0,192,11,0.057291666666666664,https://data.wa.gov/Transportation/Vehicle-Title-Transactions-by-Department-of-Licens/cdk6-5kdf
Chelan,2022-09-01,154,11,3,0,168,14,0.08333333333333333,https://data.wa.gov/Transportation/Vehicle-Title-Transactions-by-Department-of-Licens/cdk6-5kdf
Chelan,2022-10-01,140,15,4,0,159,19,0.11949685534591195,https://data.wa.gov/Transportation/Vehicle-Title-Transactions-by-Department-of-Licens/cdk6-5kdf
Chelan,2022-11-01,152,17,1,0,170,18,0.10588235294117647,https://data.wa.gov/Transportation/Vehicle-Title-Transactions-by-Department-of-Licens/cdk6-5kdf
Chelan,2022-12-01,114,12,2,0,128,14,0.109375,https://data.wa.gov/Transportation/Vehicle-Title-Transactions-by-Department-of-Licens/cdk6-5kdf
Chelan,2023-01-01,156,20,4,0,180,24,0.13333333333333333,https://data.wa.gov/Transportation/Vehicle-Title-Transactions-by-Department-of-Licens/cdk6-5kdf
Chelan,2023-02-01,120,15,3,0,138,18,0.13043478260869565,https://data.wa.gov/Transportation/Vehicle-Title-Transactions-by-Department-of-Licens/cdk6-5kdf
Chelan,2023-03-01,150,14,2,0,166,16,0.0963855421686747,https://data.wa.gov/Transportation/Vehicle-Title-Transactions-by-Department-of-Licens/cdk6-5kdf
Chelan,2023-04-01,130,19,3,0,152,22,0.14473684210526316,https://data.wa.gov/Transportation/Vehicle-Title-Transactions-by-Department-of-Licens/cdk6-5kdf
Chelan,2023-05-01,146,15,5,0,166,20,0.12048192771084337,https://data.wa.gov/Transportation/Vehicle-Title-Transactions-by-Department-of-Licens/cdk6-5kdf
Chelan,2023-06-01,144,22,3,0,169,25,0.14792899408284024,https://data.wa.gov/Transportation/Vehicle-Title-Transactions-by-Department-of-Licens/cdk6-5kdf
Chelan,2023-07-01,139,10,4,0,153,14,0.0915032679738562,https://data.wa.gov/Transportation/Vehicle-Title-Transactions-by-Department-of-Licens/cdk6-5kdf
Chelan,2023-08-01,176,23,3,0,202,26,0.12871287128712872,https://data.wa.gov/Transportation/Vehicle-Title-Transactions-by-Department-of-Licens/cdk6-5kdf
Chelan,2023-09-01,120,14,4,0,138,18,0.13043478260869565,https://data.wa.gov/Transportation/Vehicle-Title-Transactions-by-Department-of-Licens/cdk6-5kdf
Chelan,2023-10-01,175,13,9,0,197,22,0.1116751269035533,https://data.wa.gov/Transportation/Vehicle-Title-Transactions-by-Department-of-Licens/cdk6-5kdf
Chelan,2023-11-01,155,18,9,0,182,27,0.14835164835164835,https://data.wa.gov/Transportation/Vehicle-Title-Transactions-by-Department-of-Licens/cdk6-5kdf
Chelan,2023-12-01,153,24,5,0,182,29,0.15934065934065933,https://data.wa.gov/Transportation/Vehicle-Title-Transactions-by-Department-of-Licens/cdk6-5kdf
Chelan,2024-01-01,137,25,7,0,169,32,0.1893491124260355,https://data.wa.gov/Transportation/Vehicle-Title-Transactions-by-Department-of-Licens/cdk6-5kdf
Chelan,2024-02-01,92,16,3,0,111,19,0.17117117117117117,https://data.wa.gov/Transportation/Vehicle-Title-Transactions-by-Department-of-Licens/cdk6-5kdf
Chelan,2024-03-01,134,16,4,0,154,20,0.12987012987012986,https://data.wa.gov/Transportation/Vehicle-Title-Transactions-by-Department-of-Licens/cdk6-5kdf
Chelan,2024-04-01,128,9,4,0,141,13,0.09219858156028368,https://data.wa.gov/Transportation/Vehicle-Title-Transactions-by-Department-of-Licens/cdk6-5kdf
Chelan,2024-05-01,187,10,4,0,201,14,0.06965174129353234,https://data.wa.gov/Transportation/Vehicle-Title-Transactions-by-Department-of-Licens/cdk6-5kdf
Chelan,2024-06-01,137,21,3,0,161,24,0.14906832298136646,https://data.wa.gov/Transportation/Vehicle-Title-Transactions-by-Department-of-Licens/cdk6-5kdf
Chelan,2024-07-01,180,14,6,0,200,20,0.1,https://data.wa.gov/Transportation/Vehicle-Title-Transactions-by-Department-of-Licens/cdk6-5kdf
Chelan,2024-08-01,169,26,4,0,199,30,0.1507537688442211,https://data.wa.gov/Transportation/Vehicle-Title-Transactions-by-Department-of-Licens/cdk6-5kdf
Chelan,2024-09-01,155,34,2,0,191,36,0.18848167539267016,https://data.wa.gov/Transportation/Vehicle-Title-Transactions-by-Department-of-Licens/cdk6-5kdf
Chelan,2024-10-01,192,29,8,0,229,37,0.1615720524017467,https://data.wa.gov/Transportation/Vehicle-Title-Transactions-by-Department-of-Licens/cdk6-5kdf
Chelan,2024-11-01,162,21,6,0,189,27,0.14285714285714285,https://data.wa.gov/Transportation/Vehicle-Title-Transactions-by-Department-of-Licens/cdk6-5kdf
Chelan,2024-12-01,177,16,5,0,198,21,0.10606060606060606,https://data.wa.gov/Transportation/Vehicle-Title-Transactions-by-Department-of-Licens/cdk6-5kdf
Chelan,2025-01-01,176,27,5,0,208,32,0.15384615384615385,https://data.wa.gov/Transportation/Vehicle-Title-Transactions-by-Department-of-Licens/cdk6-5kdf
Chelan,2025-02-01,123,22,2,0,147,24,0.16326530612244897,https://data.wa.gov/Transportation/Vehicle-Title-Transactions-by-Department-of-Licens/cdk6-5kdf
Chelan,2025-03-01,128,26,5,0,159,31,0.1949685534591195,https://data.wa.gov/Transportation/Vehicle-Title-Transactions-by-Department-of-Licens/cdk6-5kdf
Chelan,2025-04-01,183,27,7,0,217,34,0.15668202764976957,https://data.wa.gov/Transportation/Vehicle-Title-Transactions-by-Department-of-Licens/cdk6-5kdf
Chelan,2025-05-01,145,16,2,0,163,18,0.11042944785276074,https://data.wa.gov/Transportation/Vehicle-Title-Transactions-by-Department-of-Licens/cdk6-5kdf
Chelan,2025-06-01,169,15,2,0,186,17,0.0913978494623656,https://data.wa.gov/Transportation/Vehicle-Title-Transactions-by-Department-of-Licens/cdk6-5kdf
Chelan,2025-07-01,172,31,3,0,206,34,0.1650485436893204,https://data.wa.gov/Transportation/Vehicle-Title-Transactions-by-Department-of-Licens/cdk6-5kdf
Chelan,2025-08-01,167,15,4,0,186,19,0.10215053763440861,https://data.wa.gov/Transportation/Vehicle-Title-Transactions-by-Department-of-Licens/cdk6-5kdf
Chelan,2025-09-01,138,23,8,0,169,31,0.1834319526627219,https://data.wa.gov/Transportation/Vehicle-Title-Transactions-by-Department-of-Licens/cdk6-5kdf
Chelan,2025-10-01,173,27,4,0,204,31,0.15196078431372548,https://data.wa.gov/Transportation/Vehicle-Title-Transactions-by-Department-of-Licens/cdk6-5kdf
Chelan,2025-11-01,133,12,7,0,152,19,0.125,https://data.wa.gov/Transportation/Vehicle-Title-Transactions-by-Department-of-Licens/cdk6-5kdf
Chelan,2025-12-01,158,8,2,0,168,10,0.05952380952380952,https://data.wa.gov/Transportation/Vehicle-Title-Transactions-by-Department-of-Licens/cdk6-5kdf
Chelan,2026-01-01,133,15,3,0,151,18,0.11920529801324503,https://data.wa.gov/Transportation/Vehicle-Title-Transactions-by-Department-of-Licens/cdk6-5kdf
Chelan,2026-02-01,123,19,1,0,143,20,0.13986013986013987,https://data.wa.gov/Transportation/Vehicle-Title-Transactions-by-Department-of-Licens/cdk6-5kdf
Chelan,2026-03-01,120,10,1,0,131,11,0.08396946564885496,https://data.wa.gov/Transportation/Vehicle-Title-Transactions-by-Department-of-Licens/cdk6-5kdf
Chelan,2026-04-01,127,25,4,0,156,29,0.1858974358974359,https://data.wa.gov/Transportation/Vehicle-Title-Transactions-by-Department-of-Licens/cdk6-5kdf
Chelan,2026-05-01,139,20,4,0,163,24,0.147239263803681,https://data.wa.gov/Transportation/Vehicle-Title-Transactions-by-Department-of-Licens/cdk6-5kdf
Chelan,2026-06-01,158,24,3,0,185,27,0.14594594594594595,https://data.wa.gov/Transportation/Vehicle-Title-Transactions-by-Department-of-Licens/cdk6-5kdf
Clallam,2017-01-01,193,1,5,0,199,6,0.03015075376884422,https://data.wa.gov/Transportation/Vehicle-Title-Transactions-by-Department-of-Licens/cdk6-5kdf
Clallam,2017-02-01,115,1,1,0,117,2,0.017094017094017096,https://data.wa.gov/Transportation/Vehicle-Title-Transactions-by-Department-of-Licens/cdk6-5kdf
Clallam,2017-03-01,180,2,0,0,182,2,0.01098901098901099,https://data.wa.gov/Transportation/Vehicle-Title-Transactions-by-Department-of-Licens/cdk6-5kdf
Clallam,2017-04-01,130,3,3,0,136,6,0.04411764705882353,https://data.wa.gov/Transportation/Vehicle-Title-Transactions-by-Department-of-Licens/cdk6-5kdf
Clallam,2017-05-01,188,4,3,0,195,7,0.035897435897435895,https://data.wa.gov/Transportation/Vehicle-Title-Transactions-by-Department-of-Licens/cdk6-5kdf
Clallam,2017-06-01,184,2,1,0,187,3,0.016042780748663103,https://data.wa.gov/Transportation/Vehicle-Title-Transactions-by-Department-of-Licens/cdk6-5kdf
Clallam,2017-07-01,153,2,1,0,156,3,0.019230769230769232,https://data.wa.gov/Transportation/Vehicle-Title-Transactions-by-Department-of-Licens/cdk6-5kdf
Clallam,2017-08-01,170,0,0,0,170,0,0,https://data.wa.gov/Transportation/Vehicle-Title-Transactions-by-Department-of-Licens/cdk6-5kdf
Clallam,2017-09-01,175,2,4,0,181,6,0.03314917127071823,https://data.wa.gov/Transportation/Vehicle-Title-Transactions-by-Department-of-Licens/cdk6-5kdf
Clallam,2017-10-01,191,2,1,0,194,3,0.015463917525773196,https://data.wa.gov/Transportation/Vehicle-Title-Transactions-by-Department-of-Licens/cdk6-5kdf
Clallam,2017-11-01,186,0,1,0,187,1,0.0053475935828877,https://data.wa.gov/Transportation/Vehicle-Title-Transactions-by-Department-of-Licens/cdk6-5kdf
Clallam,2017-12-01,139,3,5,0,147,8,0.05442176870748299,https://data.wa.gov/Transportation/Vehicle-Title-Transactions-by-Department-of-Licens/cdk6-5kdf
Clallam,2018-01-01,181,6,3,0,190,9,0.04736842105263158,https://data.wa.gov/Transportation/Vehicle-Title-Transactions-by-Department-of-Licens/cdk6-5kdf
Clallam,2018-02-01,109,1,2,0,112,3,0.026785714285714284,https://data.wa.gov/Transportation/Vehicle-Title-Transactions-by-Department-of-Licens/cdk6-5kdf
Clallam,2018-03-01,143,4,3,0,150,7,0.04666666666666667,https://data.wa.gov/Transportation/Vehicle-Title-Transactions-by-Department-of-Licens/cdk6-5kdf
Clallam,2018-04-01,149,1,3,0,153,4,0.026143790849673203,https://data.wa.gov/Transportation/Vehicle-Title-Transactions-by-Department-of-Licens/cdk6-5kdf
Clallam,2018-05-01,132,3,3,0,138,6,0.043478260869565216,https://data.wa.gov/Transportation/Vehicle-Title-Transactions-by-Department-of-Licens/cdk6-5kdf
Clallam,2018-06-01,160,4,1,0,165,5,0.030303030303030304,https://data.wa.gov/Transportation/Vehicle-Title-Transactions-by-Department-of-Licens/cdk6-5kdf
Clallam,2018-07-01,146,2,1,0,149,3,0.020134228187919462,https://data.wa.gov/Transportation/Vehicle-Title-Transactions-by-Department-of-Licens/cdk6-5kdf
Clallam,2018-08-01,182,2,3,0,187,5,0.026737967914438502,https://data.wa.gov/Transportation/Vehicle-Title-Transactions-by-Department-of-Licens/cdk6-5kdf
Clallam,2018-09-01,144,0,4,0,148,4,0.02702702702702703,https://data.wa.gov/Transportation/Vehicle-Title-Transactions-by-Department-of-Licens/cdk6-5kdf
Clallam,2018-10-01,156,5,0,0,161,5,0.031055900621118012,https://data.wa.gov/Transportation/Vehicle-Title-Transactions-by-Department-of-Licens/cdk6-5kdf
Clallam,2018-11-01,131,8,2,0,141,10,0.07092198581560284,https://data.wa.gov/Transportation/Vehicle-Title-Transactions-by-Department-of-Licens/cdk6-5kdf
Clallam,2018-12-01,123,3,3,0,129,6,0.046511627906976744,https://data.wa.gov/Transportation/Vehicle-Title-Transactions-by-Department-of-Licens/cdk6-5kdf
Clallam,2019-01-01,153,3,2,0,158,5,0.03164556962025317,https://data.wa.gov/Transportation/Vehicle-Title-Transactions-by-Department-of-Licens/cdk6-5kdf
Clallam,2019-02-01,110,3,0,0,113,3,0.02654867256637168,https://data.wa.gov/Transportation/Vehicle-Title-Transactions-by-Department-of-Licens/cdk6-5kdf
Clallam,2019-03-01,120,0,2,0,122,2,0.01639344262295082,https://data.wa.gov/Transportation/Vehicle-Title-Transactions-by-Department-of-Licens/cdk6-5kdf
Clallam,2019-04-01,169,4,3,0,176,7,0.03977272727272727,https://data.wa.gov/Transportation/Vehicle-Title-Transactions-by-Department-of-Licens/cdk6-5kdf
Clallam,2019-05-01,143,7,3,0,153,10,0.06535947712418301,https://data.wa.gov/Transportation/Vehicle-Title-Transactions-by-Department-of-Licens/cdk6-5kdf
Clallam,2019-06-01,132,8,4,0,144,12,0.08333333333333333,https://data.wa.gov/Transportation/Vehicle-Title-Transactions-by-Department-of-Licens/cdk6-5kdf
Clallam,2019-07-01,159,3,0,0,162,3,0.018518518518518517,https://data.wa.gov/Transportation/Vehicle-Title-Transactions-by-Department-of-Licens/cdk6-5kdf
Clallam,2019-08-01,147,7,0,0,154,7,0.045454545454545456,https://data.wa.gov/Transportation/Vehicle-Title-Transactions-by-Department-of-Licens/cdk6-5kdf
Clallam,2019-09-01,162,1,2,0,165,3,0.01818181818181818,https://data.wa.gov/Transportation/Vehicle-Title-Transactions-by-Department-of-Licens/cdk6-5kdf
Clallam,2019-10-01,164,5,1,0,170,6,0.03529411764705882,https://data.wa.gov/Transportation/Vehicle-Title-Transactions-by-Department-of-Licens/cdk6-5kdf
Clallam,2019-11-01,112,3,0,0,115,3,0.02608695652173913,https://data.wa.gov/Transportation/Vehicle-Title-Transactions-by-Department-of-Licens/cdk6-5kdf
Clallam,2019-12-01,128,2,1,0,131,3,0.022900763358778626,https://data.wa.gov/Transportation/Vehicle-Title-Transactions-by-Department-of-Licens/cdk6-5kdf
Clallam,2020-01-01,191,7,1,0,199,8,0.04020100502512563,https://data.wa.gov/Transportation/Vehicle-Title-Transactions-by-Department-of-Licens/cdk6-5kdf
Clallam,2020-02-01,112,1,0,0,113,1,0.008849557522123894,https://data.wa.gov/Transportation/Vehicle-Title-Transactions-by-Department-of-Licens/cdk6-5kdf
Clallam,2020-03-01,123,5,1,0,129,6,0.046511627906976744,https://data.wa.gov/Transportation/Vehicle-Title-Transactions-by-Department-of-Licens/cdk6-5kdf
Clallam,2020-04-01,55,2,0,0,57,2,0.03508771929824561,https://data.wa.gov/Transportation/Vehicle-Title-Transactions-by-Department-of-Licens/cdk6-5kdf
Clallam,2020-05-01,76,0,0,0,76,0,0,https://data.wa.gov/Transportation/Vehicle-Title-Transactions-by-Department-of-Licens/cdk6-5kdf
Clallam,2020-06-01,156,2,2,0,160,4,0.025,https://data.wa.gov/Transportation/Vehicle-Title-Transactions-by-Department-of-Licens/cdk6-5kdf
Clallam,2020-07-01,156,7,0,0,163,7,0.04294478527607362,https://data.wa.gov/Transportation/Vehicle-Title-Transactions-by-Department-of-Licens/cdk6-5kdf
Clallam,2020-08-01,134,2,0,0,136,2,0.014705882352941176,https://data.wa.gov/Transportation/Vehicle-Title-Transactions-by-Department-of-Licens/cdk6-5kdf
Clallam,2020-09-01,175,3,1,0,179,4,0.0223463687150838,https://data.wa.gov/Transportation/Vehicle-Title-Transactions-by-Department-of-Licens/cdk6-5kdf
Clallam,2020-10-01,148,6,0,0,154,6,0.03896103896103896,https://data.wa.gov/Transportation/Vehicle-Title-Transactions-by-Department-of-Licens/cdk6-5kdf
Clallam,2020-11-01,132,9,1,0,142,10,0.07042253521126761,https://data.wa.gov/Transportation/Vehicle-Title-Transactions-by-Department-of-Licens/cdk6-5kdf
Clallam,2020-12-01,153,5,3,0,161,8,0.049689440993788817,https://data.wa.gov/Transportation/Vehicle-Title-Transactions-by-Department-of-Licens/cdk6-5kdf
Clallam,2021-01-01,147,6,2,0,155,8,0.05161290322580645,https://data.wa.gov/Transportation/Vehicle-Title-Transactions-by-Department-of-Licens/cdk6-5kdf
Clallam,2021-02-01,118,1,2,0,121,3,0.024793388429752067,https://data.wa.gov/Transportation/Vehicle-Title-Transactions-by-Department-of-Licens/cdk6-5kdf
Clallam,2021-03-01,147,9,0,0,156,9,0.057692307692307696,https://data.wa.gov/Transportation/Vehicle-Title-Transactions-by-Department-of-Licens/cdk6-5kdf
Clallam,2021-04-01,165,10,5,0,180,15,0.08333333333333333,https://data.wa.gov/Transportation/Vehicle-Title-Transactions-by-Department-of-Licens/cdk6-5kdf
Clallam,2021-05-01,149,13,1,0,163,14,0.08588957055214724,https://data.wa.gov/Transportation/Vehicle-Title-Transactions-by-Department-of-Licens/cdk6-5kdf
Clallam,2021-06-01,197,4,3,0,204,7,0.03431372549019608,https://data.wa.gov/Transportation/Vehicle-Title-Transactions-by-Department-of-Licens/cdk6-5kdf
Clallam,2021-07-01,115,8,3,0,126,11,0.0873015873015873,https://data.wa.gov/Transportation/Vehicle-Title-Transactions-by-Department-of-Licens/cdk6-5kdf
Clallam,2021-08-01,164,8,0,0,172,8,0.046511627906976744,https://data.wa.gov/Transportation/Vehicle-Title-Transactions-by-Department-of-Licens/cdk6-5kdf
Clallam,2021-09-01,149,8,5,0,162,13,0.08024691358024691,https://data.wa.gov/Transportation/Vehicle-Title-Transactions-by-Department-of-Licens/cdk6-5kdf
Clallam,2021-10-01,121,10,1,0,132,11,0.08333333333333333,https://data.wa.gov/Transportation/Vehicle-Title-Transactions-by-Department-of-Licens/cdk6-5kdf
Clallam,2021-11-01,115,1,2,0,118,3,0.025423728813559324,https://data.wa.gov/Transportation/Vehicle-Title-Transactions-by-Department-of-Licens/cdk6-5kdf
Clallam,2021-12-01,109,14,2,0,125,16,0.128,https://data.wa.gov/Transportation/Vehicle-Title-Transactions-by-Department-of-Licens/cdk6-5kdf
Clallam,2022-01-01,132,10,1,0,143,11,0.07692307692307693,https://data.wa.gov/Transportation/Vehicle-Title-Transactions-by-Department-of-Licens/cdk6-5kdf
Clallam,2022-02-01,108,3,6,0,117,9,0.07692307692307693,https://data.wa.gov/Transportation/Vehicle-Title-Transactions-by-Department-of-Licens/cdk6-5kdf
Clallam,2022-03-01,134,11,0,0,145,11,0.07586206896551724,https://data.wa.gov/Transportation/Vehicle-Title-Transactions-by-Department-of-Licens/cdk6-5kdf
Clallam,2022-04-01,124,2,2,0,128,4,0.03125,https://data.wa.gov/Transportation/Vehicle-Title-Transactions-by-Department-of-Licens/cdk6-5kdf
Clallam,2022-05-01,134,7,2,0,143,9,0.06293706293706294,https://data.wa.gov/Transportation/Vehicle-Title-Transactions-by-Department-of-Licens/cdk6-5kdf
Clallam,2022-06-01,118,13,2,0,133,15,0.11278195488721804,https://data.wa.gov/Transportation/Vehicle-Title-Transactions-by-Department-of-Licens/cdk6-5kdf
Clallam,2022-07-01,135,13,0,0,148,13,0.08783783783783784,https://data.wa.gov/Transportation/Vehicle-Title-Transactions-by-Department-of-Licens/cdk6-5kdf
Clallam,2022-08-01,114,4,1,0,119,5,0.04201680672268908,https://data.wa.gov/Transportation/Vehicle-Title-Transactions-by-Department-of-Licens/cdk6-5kdf
Clallam,2022-09-01,103,9,3,0,115,12,0.10434782608695652,https://data.wa.gov/Transportation/Vehicle-Title-Transactions-by-Department-of-Licens/cdk6-5kdf
Clallam,2022-10-01,124,12,4,0,140,16,0.11428571428571428,https://data.wa.gov/Transportation/Vehicle-Title-Transactions-by-Department-of-Licens/cdk6-5kdf
Clallam,2022-11-01,117,11,3,0,131,14,0.10687022900763359,https://data.wa.gov/Transportation/Vehicle-Title-Transactions-by-Department-of-Licens/cdk6-5kdf
Clallam,2022-12-01,119,12,4,0,135,16,0.11851851851851852,https://data.wa.gov/Transportation/Vehicle-Title-Transactions-by-Department-of-Licens/cdk6-5kdf
Clallam,2023-01-01,103,17,3,0,123,20,0.16260162601626016,https://data.wa.gov/Transportation/Vehicle-Title-Transactions-by-Department-of-Licens/cdk6-5kdf
Clallam,2023-02-01,127,10,5,0,142,15,0.1056338028169014,https://data.wa.gov/Transportation/Vehicle-Title-Transactions-by-Department-of-Licens/cdk6-5kdf
Clallam,2023-03-01,139,14,2,0,155,16,0.1032258064516129,https://data.wa.gov/Transportation/Vehicle-Title-Transactions-by-Department-of-Licens/cdk6-5kdf
Clallam,2023-04-01,121,11,2,0,134,13,0.09701492537313433,https://data.wa.gov/Transportation/Vehicle-Title-Transactions-by-Department-of-Licens/cdk6-5kdf
Clallam,2023-05-01,110,13,4,0,127,17,0.13385826771653545,https://data.wa.gov/Transportation/Vehicle-Title-Transactions-by-Department-of-Licens/cdk6-5kdf
Clallam,2023-06-01,147,12,5,0,164,17,0.10365853658536585,https://data.wa.gov/Transportation/Vehicle-Title-Transactions-by-Department-of-Licens/cdk6-5kdf
Clallam,2023-07-01,125,14,4,0,143,18,0.1258741258741259,https://data.wa.gov/Transportation/Vehicle-Title-Transactions-by-Department-of-Licens/cdk6-5kdf
Clallam,2023-08-01,155,23,7,0,185,30,0.16216216216216217,https://data.wa.gov/Transportation/Vehicle-Title-Transactions-by-Department-of-Licens/cdk6-5kdf
Clallam,2023-09-01,113,16,5,0,134,21,0.15671641791044777,https://data.wa.gov/Transportation/Vehicle-Title-Transactions-by-Department-of-Licens/cdk6-5kdf
Clallam,2023-10-01,128,20,4,0,152,24,0.15789473684210525,https://data.wa.gov/Transportation/Vehicle-Title-Transactions-by-Department-of-Licens/cdk6-5kdf
Clallam,2023-11-01,120,19,5,0,144,24,0.16666666666666666,https://data.wa.gov/Transportation/Vehicle-Title-Transactions-by-Department-of-Licens/cdk6-5kdf
Clallam,2023-12-01,117,14,7,0,138,21,0.15217391304347827,https://data.wa.gov/Transportation/Vehicle-Title-Transactions-by-Department-of-Licens/cdk6-5kdf
Clallam,2024-01-01,129,18,4,0,151,22,0.1456953642384106,https://data.wa.gov/Transportation/Vehicle-Title-Transactions-by-Department-of-Licens/cdk6-5kdf
Clallam,2024-02-01,123,11,5,0,139,16,0.11510791366906475,https://data.wa.gov/Transportation/Vehicle-Title-Transactions-by-Department-of-Licens/cdk6-5kdf
Clallam,2024-03-01,119,15,2,0,136,17,0.125,https://data.wa.gov/Transportation/Vehicle-Title-Transactions-by-Department-of-Licens/cdk6-5kdf
Clallam,2024-04-01,140,8,5,0,153,13,0.08496732026143791,https://data.wa.gov/Transportation/Vehicle-Title-Transactions-by-Department-of-Licens/cdk6-5kdf
Clallam,2024-05-01,150,11,5,0,166,16,0.0963855421686747,https://data.wa.gov/Transportation/Vehicle-Title-Transactions-by-Department-of-Licens/cdk6-5kdf
Clallam,2024-06-01,115,8,9,0,132,17,0.12878787878787878,https://data.wa.gov/Transportation/Vehicle-Title-Transactions-by-Department-of-Licens/cdk6-5kdf
Clallam,2024-07-01,153,15,3,0,171,18,0.10526315789473684,https://data.wa.gov/Transportation/Vehicle-Title-Transactions-by-Department-of-Licens/cdk6-5kdf
Clallam,2024-08-01,112,20,3,0,135,23,0.17037037037037037,https://data.wa.gov/Transportation/Vehicle-Title-Transactions-by-Department-of-Licens/cdk6-5kdf
Clallam,2024-09-01,127,29,6,0,162,35,0.21604938271604937,https://data.wa.gov/Transportation/Vehicle-Title-Transactions-by-Department-of-Licens/cdk6-5kdf
Clallam,2024-10-01,160,26,6,0,192,32,0.16666666666666666,https://data.wa.gov/Transportation/Vehicle-Title-Transactions-by-Department-of-Licens/cdk6-5kdf
Clallam,2024-11-01,131,9,3,0,143,12,0.08391608391608392,https://data.wa.gov/Transportation/Vehicle-Title-Transactions-by-Department-of-Licens/cdk6-5kdf
Clallam,2024-12-01,147,22,4,0,173,26,0.15028901734104047,https://data.wa.gov/Transportation/Vehicle-Title-Transactions-by-Department-of-Licens/cdk6-5kdf
Clallam,2025-01-01,151,21,7,0,179,28,0.1564245810055866,https://data.wa.gov/Transportation/Vehicle-Title-Transactions-by-Department-of-Licens/cdk6-5kdf
Clallam,2025-02-01,80,15,3,0,98,18,0.1836734693877551,https://data.wa.gov/Transportation/Vehicle-Title-Transactions-by-Department-of-Licens/cdk6-5kdf
Clallam,2025-03-01,158,17,9,0,184,26,0.14130434782608695,https://data.wa.gov/Transportation/Vehicle-Title-Transactions-by-Department-of-Licens/cdk6-5kdf
Clallam,2025-04-01,179,22,3,0,204,25,0.12254901960784313,https://data.wa.gov/Transportation/Vehicle-Title-Transactions-by-Department-of-Licens/cdk6-5kdf
Clallam,2025-05-01,152,16,3,0,171,19,0.1111111111111111,https://data.wa.gov/Transportation/Vehicle-Title-Transactions-by-Department-of-Licens/cdk6-5kdf
Clallam,2025-06-01,120,7,9,0,136,16,0.11764705882352941,https://data.wa.gov/Transportation/Vehicle-Title-Transactions-by-Department-of-Licens/cdk6-5kdf
Clallam,2025-07-01,128,24,4,0,156,28,0.1794871794871795,https://data.wa.gov/Transportation/Vehicle-Title-Transactions-by-Department-of-Licens/cdk6-5kdf
Clallam,2025-08-01,139,17,8,0,164,25,0.1524390243902439,https://data.wa.gov/Transportation/Vehicle-Title-Transactions-by-Department-of-Licens/cdk6-5kdf
Clallam,2025-09-01,123,30,3,0,156,33,0.21153846153846154,https://data.wa.gov/Transportation/Vehicle-Title-Transactions-by-Department-of-Licens/cdk6-5kdf
Clallam,2025-10-01,140,19,1,0,160,20,0.125,https://data.wa.gov/Transportation/Vehicle-Title-Transactions-by-Department-of-Licens/cdk6-5kdf
Clallam,2025-11-01,120,8,2,0,130,10,0.07692307692307693,https://data.wa.gov/Transportation/Vehicle-Title-Transactions-by-Department-of-Licens/cdk6-5kdf
Clallam,2025-12-01,130,6,4,0,140,10,0.07142857142857142,https://data.wa.gov/Transportation/Vehicle-Title-Transactions-by-Department-of-Licens/cdk6-5kdf
Clallam,2026-01-01,135,11,0,0,146,11,0.07534246575342465,https://data.wa.gov/Transportation/Vehicle-Title-Transactions-by-Department-of-Licens/cdk6-5kdf
Clallam,2026-02-01,117,5,4,0,126,9,0.07142857142857142,https://data.wa.gov/Transportation/Vehicle-Title-Transactions-by-Department-of-Licens/cdk6-5kdf
Clallam,2026-03-01,124,20,2,0,146,22,0.1506849315068493,https://data.wa.gov/Transportation/Vehicle-Title-Transactions-by-Department-of-Licens/cdk6-5kdf
Clallam,2026-04-01,118,23,4,0,145,27,0.18620689655172415,https://data.wa.gov/Transportation/Vehicle-Title-Transactions-by-Department-of-Licens/cdk6-5kdf
Clallam,2026-05-01,106,11,3,0,120,14,0.11666666666666667,https://data.wa.gov/Transportation/Vehicle-Title-Transactions-by-Department-of-Licens/cdk6-5kdf
Clallam,2026-06-01,132,21,3,0,156,24,0.15384615384615385,https://data.wa.gov/Transportation/Vehicle-Title-Transactions-by-Department-of-Licens/cdk6-5kdf
Clark,2017-01-01,1542,21,16,0,1579,37,0.023432552248258392,https://data.wa.gov/Transportation/Vehicle-Title-Transactions-by-Department-of-Licens/cdk6-5kdf
Clark,2017-02-01,1157,16,6,0,1179,22,0.018659881255301103,https://data.wa.gov/Transportation/Vehicle-Title-Transactions-by-Department-of-Licens/cdk6-5kdf
Clark,2017-03-01,1469,8,19,0,1496,27,0.01804812834224599,https://data.wa.gov/Transportation/Vehicle-Title-Transactions-by-Department-of-Licens/cdk6-5kdf
Clark,2017-04-01,1371,21,10,0,1402,31,0.02211126961483595,https://data.wa.gov/Transportation/Vehicle-Title-Transactions-by-Department-of-Licens/cdk6-5kdf
Clark,2017-05-01,1517,12,12,0,1541,24,0.015574302401038288,https://data.wa.gov/Transportation/Vehicle-Title-Transactions-by-Department-of-Licens/cdk6-5kdf
Clark,2017-06-01,1523,13,9,0,1545,22,0.01423948220064725,https://data.wa.gov/Transportation/Vehicle-Title-Transactions-by-Department-of-Licens/cdk6-5kdf
Clark,2017-07-01,1304,7,11,0,1322,18,0.01361573373676248,https://data.wa.gov/Transportation/Vehicle-Title-Transactions-by-Department-of-Licens/cdk6-5kdf
Clark,2017-08-01,1678,5,10,0,1693,15,0.008860011813349085,https://data.wa.gov/Transportation/Vehicle-Title-Transactions-by-Department-of-Licens/cdk6-5kdf
Clark,2017-09-01,1460,19,12,0,1491,31,0.02079141515761234,https://data.wa.gov/Transportation/Vehicle-Title-Transactions-by-Department-of-Licens/cdk6-5kdf
Clark,2017-10-01,1500,11,10,0,1521,21,0.013806706114398421,https://data.wa.gov/Transportation/Vehicle-Title-Transactions-by-Department-of-Licens/cdk6-5kdf
Clark,2017-11-01,1378,8,10,0,1396,18,0.012893982808022923,https://data.wa.gov/Transportation/Vehicle-Title-Transactions-by-Department-of-Licens/cdk6-5kdf
Clark,2017-12-01,1530,11,15,0,1556,26,0.016709511568123392,https://data.wa.gov/Transportation/Vehicle-Title-Transactions-by-Department-of-Licens/cdk6-5kdf
Clark,2018-01-01,1615,24,18,0,1657,42,0.025347012673506336,https://data.wa.gov/Transportation/Vehicle-Title-Transactions-by-Department-of-Licens/cdk6-5kdf
Clark,2018-02-01,1168,10,14,0,1192,24,0.020134228187919462,https://data.wa.gov/Transportation/Vehicle-Title-Transactions-by-Department-of-Licens/cdk6-5kdf
Clark,2018-03-01,1423,30,20,0,1473,50,0.03394433129667346,https://data.wa.gov/Transportation/Vehicle-Title-Transactions-by-Department-of-Licens/cdk6-5kdf
Clark,2018-04-01,1327,29,14,0,1370,43,0.031386861313868614,https://data.wa.gov/Transportation/Vehicle-Title-Transactions-by-Department-of-Licens/cdk6-5kdf
Clark,2018-05-01,1324,12,26,0,1362,38,0.027900146842878122,https://data.wa.gov/Transportation/Vehicle-Title-Transactions-by-Department-of-Licens/cdk6-5kdf
Clark,2018-06-01,1468,38,18,0,1524,56,0.03674540682414698,https://data.wa.gov/Transportation/Vehicle-Title-Transactions-by-Department-of-Licens/cdk6-5kdf
Clark,2018-07-01,1462,23,15,0,1500,38,0.025333333333333333,https://data.wa.gov/Transportation/Vehicle-Title-Transactions-by-Department-of-Licens/cdk6-5kdf
Clark,2018-08-01,1489,30,14,0,1533,44,0.028701891715590344,https://data.wa.gov/Transportation/Vehicle-Title-Transactions-by-Department-of-Licens/cdk6-5kdf
Clark,2018-09-01,1330,13,17,0,1360,30,0.022058823529411766,https://data.wa.gov/Transportation/Vehicle-Title-Transactions-by-Department-of-Licens/cdk6-5kdf
Clark,2018-10-01,1481,66,15,0,1562,81,0.051856594110115235,https://data.wa.gov/Transportation/Vehicle-Title-Transactions-by-Department-of-Licens/cdk6-5kdf
Clark,2018-11-01,1278,31,11,0,1320,42,0.031818181818181815,https://data.wa.gov/Transportation/Vehicle-Title-Transactions-by-Department-of-Licens/cdk6-5kdf
Clark,2018-12-01,1321,60,16,0,1397,76,0.05440229062276306,https://data.wa.gov/Transportation/Vehicle-Title-Transactions-by-Department-of-Licens/cdk6-5kdf
Clark,2019-01-01,1517,55,19,0,1591,74,0.046511627906976744,https://data.wa.gov/Transportation/Vehicle-Title-Transactions-by-Department-of-Licens/cdk6-5kdf
Clark,2019-02-01,968,20,1,0,989,21,0.021233569261880688,https://data.wa.gov/Transportation/Vehicle-Title-Transactions-by-Department-of-Licens/cdk6-5kdf
Clark,2019-03-01,1093,17,6,0,1116,23,0.02060931899641577,https://data.wa.gov/Transportation/Vehicle-Title-Transactions-by-Department-of-Licens/cdk6-5kdf
Clark,2019-04-01,1315,39,9,0,1363,48,0.03521643433602348,https://data.wa.gov/Transportation/Vehicle-Title-Transactions-by-Department-of-Licens/cdk6-5kdf
Clark,2019-05-01,1175,34,8,0,1217,42,0.03451109285127362,https://data.wa.gov/Transportation/Vehicle-Title-Transactions-by-Department-of-Licens/cdk6-5kdf
Clark,2019-06-01,1304,44,10,0,1358,54,0.039764359351988215,https://data.wa.gov/Transportation/Vehicle-Title-Transactions-by-Department-of-Licens/cdk6-5kdf
Clark,2019-07-01,1293,42,12,0,1347,54,0.0400890868596882,https://data.wa.gov/Transportation/Vehicle-Title-Transactions-by-Department-of-Licens/cdk6-5kdf
Clark,2019-08-01,1298,31,11,0,1340,42,0.03134328358208955,https://data.wa.gov/Transportation/Vehicle-Title-Transactions-by-Department-of-Licens/cdk6-5kdf
Clark,2019-09-01,1352,37,12,0,1401,49,0.03497501784439686,https://data.wa.gov/Transportation/Vehicle-Title-Transactions-by-Department-of-Licens/cdk6-5kdf
Clark,2019-10-01,1407,58,20,0,1485,78,0.052525252525252523,https://data.wa.gov/Transportation/Vehicle-Title-Transactions-by-Department-of-Licens/cdk6-5kdf
Clark,2019-11-01,1136,11,7,0,1154,18,0.01559792027729636,https://data.wa.gov/Transportation/Vehicle-Title-Transactions-by-Department-of-Licens/cdk6-5kdf
Clark,2019-12-01,1300,27,8,0,1335,35,0.026217228464419477,https://data.wa.gov/Transportation/Vehicle-Title-Transactions-by-Department-of-Licens/cdk6-5kdf
Clark,2020-01-01,1411,81,8,0,1500,89,0.059333333333333335,https://data.wa.gov/Transportation/Vehicle-Title-Transactions-by-Department-of-Licens/cdk6-5kdf
Clark,2020-02-01,950,22,7,0,979,29,0.0296220633299285,https://data.wa.gov/Transportation/Vehicle-Title-Transactions-by-Department-of-Licens/cdk6-5kdf
Clark,2020-03-01,1117,21,7,0,1145,28,0.02445414847161572,https://data.wa.gov/Transportation/Vehicle-Title-Transactions-by-Department-of-Licens/cdk6-5kdf
Clark,2020-04-01,610,24,3,0,637,27,0.0423861852433281,https://data.wa.gov/Transportation/Vehicle-Title-Transactions-by-Department-of-Licens/cdk6-5kdf
Clark,2020-05-01,752,14,5,0,771,19,0.02464332036316472,https://data.wa.gov/Transportation/Vehicle-Title-Transactions-by-Department-of-Licens/cdk6-5kdf
Clark,2020-06-01,1266,18,6,0,1290,24,0.018604651162790697,https://data.wa.gov/Transportation/Vehicle-Title-Transactions-by-Department-of-Licens/cdk6-5kdf
Clark,2020-07-01,1099,83,8,0,1190,91,0.07647058823529412,https://data.wa.gov/Transportation/Vehicle-Title-Transactions-by-Department-of-Licens/cdk6-5kdf
Clark,2020-08-01,1238,35,10,0,1283,45,0.03507404520654715,https://data.wa.gov/Transportation/Vehicle-Title-Transactions-by-Department-of-Licens/cdk6-5kdf
Clark,2020-09-01,1296,36,12,0,1344,48,0.03571428571428571,https://data.wa.gov/Transportation/Vehicle-Title-Transactions-by-Department-of-Licens/cdk6-5kdf
Clark,2020-10-01,1274,37,15,0,1326,52,0.0392156862745098,https://data.wa.gov/Transportation/Vehicle-Title-Transactions-by-Department-of-Licens/cdk6-5kdf
Clark,2020-11-01,1060,59,16,0,1135,75,0.06607929515418502,https://data.wa.gov/Transportation/Vehicle-Title-Transactions-by-Department-of-Licens/cdk6-5kdf
Clark,2020-12-01,1327,68,19,0,1414,87,0.06152758132956153,https://data.wa.gov/Transportation/Vehicle-Title-Transactions-by-Department-of-Licens/cdk6-5kdf
Clark,2021-01-01,1413,89,19,0,1521,108,0.07100591715976332,https://data.wa.gov/Transportation/Vehicle-Title-Transactions-by-Department-of-Licens/cdk6-5kdf
Clark,2021-02-01,1007,37,20,0,1064,57,0.05357142857142857,https://data.wa.gov/Transportation/Vehicle-Title-Transactions-by-Department-of-Licens/cdk6-5kdf
Clark,2021-03-01,1472,55,12,0,1539,67,0.043534762833008445,https://data.wa.gov/Transportation/Vehicle-Title-Transactions-by-Department-of-Licens/cdk6-5kdf
Clark,2021-04-01,1551,95,24,0,1670,119,0.07125748502994012,https://data.wa.gov/Transportation/Vehicle-Title-Transactions-by-Department-of-Licens/cdk6-5kdf
Clark,2021-05-01,1506,63,30,0,1599,93,0.058161350844277676,https://data.wa.gov/Transportation/Vehicle-Title-Transactions-by-Department-of-Licens/cdk6-5kdf
Clark,2021-06-01,1654,71,37,0,1762,108,0.06129398410896708,https://data.wa.gov/Transportation/Vehicle-Title-Transactions-by-Department-of-Licens/cdk6-5kdf
Clark,2021-07-01,1229,127,26,0,1382,153,0.11070911722141824,https://data.wa.gov/Transportation/Vehicle-Title-Transactions-by-Department-of-Licens/cdk6-5kdf
Clark,2021-08-01,1367,92,12,0,1471,104,0.07070020394289599,https://data.wa.gov/Transportation/Vehicle-Title-Transactions-by-Department-of-Licens/cdk6-5kdf
Clark,2021-09-01,1190,70,12,0,1272,82,0.06446540880503145,https://data.wa.gov/Transportation/Vehicle-Title-Transactions-by-Department-of-Licens/cdk6-5kdf
Clark,2021-10-01,1074,102,27,0,1203,129,0.10723192019950124,https://data.wa.gov/Transportation/Vehicle-Title-Transactions-by-Department-of-Licens/cdk6-5kdf
Clark,2021-11-01,1040,83,26,0,1149,109,0.09486510008703221,https://data.wa.gov/Transportation/Vehicle-Title-Transactions-by-Department-of-Licens/cdk6-5kdf
Clark,2021-12-01,1099,106,19,0,1224,125,0.10212418300653595,https://data.wa.gov/Transportation/Vehicle-Title-Transactions-by-Department-of-Licens/cdk6-5kdf
Clark,2022-01-01,1211,84,14,0,1309,98,0.0748663101604278,https://data.wa.gov/Transportation/Vehicle-Title-Transactions-by-Department-of-Licens/cdk6-5kdf
Clark,2022-02-01,1204,81,19,0,1304,100,0.07668711656441718,https://data.wa.gov/Transportation/Vehicle-Title-Transactions-by-Department-of-Licens/cdk6-5kdf
Clark,2022-03-01,1162,91,36,0,1289,127,0.09852598913886734,https://data.wa.gov/Transportation/Vehicle-Title-Transactions-by-Department-of-Licens/cdk6-5kdf
Clark,2022-04-01,1204,97,34,0,1335,131,0.09812734082397004,https://data.wa.gov/Transportation/Vehicle-Title-Transactions-by-Department-of-Licens/cdk6-5kdf
Clark,2022-05-01,1091,74,44,0,1209,118,0.09760132340777503,https://data.wa.gov/Transportation/Vehicle-Title-Transactions-by-Department-of-Licens/cdk6-5kdf
Clark,2022-06-01,1223,135,33,0,1391,168,0.1207764198418404,https://data.wa.gov/Transportation/Vehicle-Title-Transactions-by-Department-of-Licens/cdk6-5kdf
Clark,2022-07-01,1071,133,31,0,1235,164,0.13279352226720648,https://data.wa.gov/Transportation/Vehicle-Title-Transactions-by-Department-of-Licens/cdk6-5kdf
Clark,2022-08-01,1149,105,34,0,1288,139,0.10791925465838509,https://data.wa.gov/Transportation/Vehicle-Title-Transactions-by-Department-of-Licens/cdk6-5kdf
Clark,2022-09-01,1117,112,27,0,1256,139,0.1106687898089172,https://data.wa.gov/Transportation/Vehicle-Title-Transactions-by-Department-of-Licens/cdk6-5kdf
Clark,2022-10-01,1108,124,28,0,1260,152,0.12063492063492064,https://data.wa.gov/Transportation/Vehicle-Title-Transactions-by-Department-of-Licens/cdk6-5kdf
Clark,2022-11-01,1079,153,43,0,1275,196,0.15372549019607842,https://data.wa.gov/Transportation/Vehicle-Title-Transactions-by-Department-of-Licens/cdk6-5kdf
Clark,2022-12-01,1101,160,41,0,1302,201,0.1543778801843318,https://data.wa.gov/Transportation/Vehicle-Title-Transactions-by-Department-of-Licens/cdk6-5kdf
Clark,2023-01-01,1072,160,41,0,1273,201,0.15789473684210525,https://data.wa.gov/Transportation/Vehicle-Title-Transactions-by-Department-of-Licens/cdk6-5kdf
Clark,2023-02-01,896,102,28,0,1026,130,0.1267056530214425,https://data.wa.gov/Transportation/Vehicle-Title-Transactions-by-Department-of-Licens/cdk6-5kdf
Clark,2023-03-01,1280,130,44,0,1454,174,0.11966987620357634,https://data.wa.gov/Transportation/Vehicle-Title-Transactions-by-Department-of-Licens/cdk6-5kdf
Clark,2023-04-01,1056,175,44,0,1275,219,0.17176470588235293,https://data.wa.gov/Transportation/Vehicle-Title-Transactions-by-Department-of-Licens/cdk6-5kdf
Clark,2023-05-01,1239,169,58,0,1466,227,0.1548431105047749,https://data.wa.gov/Transportation/Vehicle-Title-Transactions-by-Department-of-Licens/cdk6-5kdf
Clark,2023-06-01,1191,211,40,0,1442,251,0.17406380027739252,https://data.wa.gov/Transportation/Vehicle-Title-Transactions-by-Department-of-Licens/cdk6-5kdf
Clark,2023-07-01,1074,186,46,0,1306,232,0.1776416539050536,https://data.wa.gov/Transportation/Vehicle-Title-Transactions-by-Department-of-Licens/cdk6-5kdf
Clark,2023-08-01,1119,280,50,0,1449,330,0.2277432712215321,https://data.wa.gov/Transportation/Vehicle-Title-Transactions-by-Department-of-Licens/cdk6-5kdf
Clark,2023-09-01,1054,198,69,0,1321,267,0.20211960635881907,https://data.wa.gov/Transportation/Vehicle-Title-Transactions-by-Department-of-Licens/cdk6-5kdf
Clark,2023-10-01,1101,233,44,0,1378,277,0.20101596516690856,https://data.wa.gov/Transportation/Vehicle-Title-Transactions-by-Department-of-Licens/cdk6-5kdf
Clark,2023-11-01,959,170,57,0,1186,227,0.19139966273187184,https://data.wa.gov/Transportation/Vehicle-Title-Transactions-by-Department-of-Licens/cdk6-5kdf
Clark,2023-12-01,1034,217,53,0,1304,270,0.20705521472392638,https://data.wa.gov/Transportation/Vehicle-Title-Transactions-by-Department-of-Licens/cdk6-5kdf
Clark,2024-01-01,1032,214,46,0,1292,260,0.20123839009287925,https://data.wa.gov/Transportation/Vehicle-Title-Transactions-by-Department-of-Licens/cdk6-5kdf
Clark,2024-02-01,978,187,66,0,1231,253,0.20552396425670186,https://data.wa.gov/Transportation/Vehicle-Title-Transactions-by-Department-of-Licens/cdk6-5kdf
Clark,2024-03-01,995,162,42,0,1199,204,0.1701417848206839,https://data.wa.gov/Transportation/Vehicle-Title-Transactions-by-Department-of-Licens/cdk6-5kdf
Clark,2024-04-01,880,146,43,0,1069,189,0.17680074836295603,https://data.wa.gov/Transportation/Vehicle-Title-Transactions-by-Department-of-Licens/cdk6-5kdf
Clark,2024-05-01,1248,190,78,0,1516,268,0.17678100263852242,https://data.wa.gov/Transportation/Vehicle-Title-Transactions-by-Department-of-Licens/cdk6-5kdf
Clark,2024-06-01,888,148,55,0,1091,203,0.1860678276810266,https://data.wa.gov/Transportation/Vehicle-Title-Transactions-by-Department-of-Licens/cdk6-5kdf
Clark,2024-07-01,1255,299,83,0,1637,382,0.2333536957849725,https://data.wa.gov/Transportation/Vehicle-Title-Transactions-by-Department-of-Licens/cdk6-5kdf
Clark,2024-08-01,1140,305,56,0,1501,361,0.24050632911392406,https://data.wa.gov/Transportation/Vehicle-Title-Transactions-by-Department-of-Licens/cdk6-5kdf
Clark,2024-09-01,1004,266,54,0,1324,320,0.24169184290030213,https://data.wa.gov/Transportation/Vehicle-Title-Transactions-by-Department-of-Licens/cdk6-5kdf
Clark,2024-10-01,1078,268,57,0,1403,325,0.2316464718460442,https://data.wa.gov/Transportation/Vehicle-Title-Transactions-by-Department-of-Licens/cdk6-5kdf
Clark,2024-11-01,1002,201,61,0,1264,262,0.20727848101265822,https://data.wa.gov/Transportation/Vehicle-Title-Transactions-by-Department-of-Licens/cdk6-5kdf
Clark,2024-12-01,1078,238,52,0,1368,290,0.21198830409356725,https://data.wa.gov/Transportation/Vehicle-Title-Transactions-by-Department-of-Licens/cdk6-5kdf
Clark,2025-01-01,1299,304,67,0,1670,371,0.2221556886227545,https://data.wa.gov/Transportation/Vehicle-Title-Transactions-by-Department-of-Licens/cdk6-5kdf
Clark,2025-02-01,864,176,45,0,1085,221,0.20368663594470046,https://data.wa.gov/Transportation/Vehicle-Title-Transactions-by-Department-of-Licens/cdk6-5kdf
Clark,2025-03-01,1842,191,121,0,2154,312,0.14484679665738162,https://data.wa.gov/Transportation/Vehicle-Title-Transactions-by-Department-of-Licens/cdk6-5kdf
Clark,2025-04-01,2207,179,120,0,2506,299,0.11931364724660815,https://data.wa.gov/Transportation/Vehicle-Title-Transactions-by-Department-of-Licens/cdk6-5kdf
Clark,2025-05-01,1257,175,53,0,1485,228,0.15353535353535352,https://data.wa.gov/Transportation/Vehicle-Title-Transactions-by-Department-of-Licens/cdk6-5kdf
Clark,2025-06-01,1031,179,40,0,1250,219,0.1752,https://data.wa.gov/Transportation/Vehicle-Title-Transactions-by-Department-of-Licens/cdk6-5kdf
Clark,2025-07-01,1153,248,26,0,1427,274,0.1920112123335669,https://data.wa.gov/Transportation/Vehicle-Title-Transactions-by-Department-of-Licens/cdk6-5kdf
Clark,2025-08-01,1103,251,45,0,1399,296,0.21157969978556113,https://data.wa.gov/Transportation/Vehicle-Title-Transactions-by-Department-of-Licens/cdk6-5kdf
Clark,2025-09-01,1062,241,49,0,1352,290,0.21449704142011836,https://data.wa.gov/Transportation/Vehicle-Title-Transactions-by-Department-of-Licens/cdk6-5kdf
Clark,2025-10-01,967,269,29,0,1265,298,0.23557312252964427,https://data.wa.gov/Transportation/Vehicle-Title-Transactions-by-Department-of-Licens/cdk6-5kdf
Clark,2025-11-01,827,113,16,0,956,129,0.13493723849372385,https://data.wa.gov/Transportation/Vehicle-Title-Transactions-by-Department-of-Licens/cdk6-5kdf
Clark,2025-12-01,1189,102,32,0,1323,134,0.10128495842781557,https://data.wa.gov/Transportation/Vehicle-Title-Transactions-by-Department-of-Licens/cdk6-5kdf
Clark,2026-01-01,1142,163,22,0,1327,185,0.13941220798794274,https://data.wa.gov/Transportation/Vehicle-Title-Transactions-by-Department-of-Licens/cdk6-5kdf
Clark,2026-02-01,875,109,23,0,1007,132,0.13108242303872888,https://data.wa.gov/Transportation/Vehicle-Title-Transactions-by-Department-of-Licens/cdk6-5kdf
Clark,2026-03-01,925,152,20,0,1097,172,0.15679124886052873,https://data.wa.gov/Transportation/Vehicle-Title-Transactions-by-Department-of-Licens/cdk6-5kdf
Clark,2026-04-01,1114,239,17,0,1370,256,0.18686131386861313,https://data.wa.gov/Transportation/Vehicle-Title-Transactions-by-Department-of-Licens/cdk6-5kdf
Clark,2026-05-01,891,229,44,0,1164,273,0.2345360824742268,https://data.wa.gov/Transportation/Vehicle-Title-Transactions-by-Department-of-Licens/cdk6-5kdf
Clark,2026-06-01,1027,218,38,0,1283,256,0.1995323460639127,https://data.wa.gov/Transportation/Vehicle-Title-Transactions-by-Department-of-Licens/cdk6-5kdf
Columbia,2017-01-01,10,0,0,0,10,0,0,https://data.wa.gov/Transportation/Vehicle-Title-Transactions-by-Department-of-Licens/cdk6-5kdf
Columbia,2017-02-01,9,0,0,0,9,0,0,https://data.wa.gov/Transportation/Vehicle-Title-Transactions-by-Department-of-Licens/cdk6-5kdf
Columbia,2017-03-01,13,0,0,0,13,0,0,https://data.wa.gov/Transportation/Vehicle-Title-Transactions-by-Department-of-Licens/cdk6-5kdf
Columbia,2017-04-01,7,0,0,0,7,0,0,https://data.wa.gov/Transportation/Vehicle-Title-Transactions-by-Department-of-Licens/cdk6-5kdf
Columbia,2017-05-01,6,0,0,0,6,0,0,https://data.wa.gov/Transportation/Vehicle-Title-Transactions-by-Department-of-Licens/cdk6-5kdf
Columbia,2017-06-01,4,1,0,0,5,1,0.2,https://data.wa.gov/Transportation/Vehicle-Title-Transactions-by-Department-of-Licens/cdk6-5kdf
Columbia,2017-07-01,7,0,0,0,7,0,0,https://data.wa.gov/Transportation/Vehicle-Title-Transactions-by-Department-of-Licens/cdk6-5kdf
Columbia,2017-08-01,9,0,0,0,9,0,0,https://data.wa.gov/Transportation/Vehicle-Title-Transactions-by-Department-of-Licens/cdk6-5kdf
Columbia,2017-09-01,11,0,0,0,11,0,0,https://data.wa.gov/Transportation/Vehicle-Title-Transactions-by-Department-of-Licens/cdk6-5kdf
Columbia,2017-10-01,11,0,0,0,11,0,0,https://data.wa.gov/Transportation/Vehicle-Title-Transactions-by-Department-of-Licens/cdk6-5kdf
Columbia,2017-11-01,6,1,0,0,7,1,0.14285714285714285,https://data.wa.gov/Transportation/Vehicle-Title-Transactions-by-Department-of-Licens/cdk6-5kdf
Columbia,2017-12-01,8,0,0,0,8,0,0,https://data.wa.gov/Transportation/Vehicle-Title-Transactions-by-Department-of-Licens/cdk6-5kdf
Columbia,2018-01-01,11,0,0,0,11,0,0,https://data.wa.gov/Transportation/Vehicle-Title-Transactions-by-Department-of-Licens/cdk6-5kdf
Columbia,2018-02-01,5,0,0,0,5,0,0,https://data.wa.gov/Transportation/Vehicle-Title-Transactions-by-Department-of-Licens/cdk6-5kdf
Columbia,2018-03-01,12,0,0,0,12,0,0,https://data.wa.gov/Transportation/Vehicle-Title-Transactions-by-Department-of-Licens/cdk6-5kdf
Columbia,2018-04-01,12,0,0,0,12,0,0,https://data.wa.gov/Transportation/Vehicle-Title-Transactions-by-Department-of-Licens/cdk6-5kdf
Columbia,2018-05-01,7,0,0,0,7,0,0,https://data.wa.gov/Transportation/Vehicle-Title-Transactions-by-Department-of-Licens/cdk6-5kdf
Columbia,2018-06-01,9,0,1,0,10,1,0.1,https://data.wa.gov/Transportation/Vehicle-Title-Transactions-by-Department-of-Licens/cdk6-5kdf
Columbia,2018-07-01,6,0,0,0,6,0,0,https://data.wa.gov/Transportation/Vehicle-Title-Transactions-by-Department-of-Licens/cdk6-5kdf
Columbia,2018-08-01,10,0,0,0,10,0,0,https://data.wa.gov/Transportation/Vehicle-Title-Transactions-by-Department-of-Licens/cdk6-5kdf
Columbia,2018-09-01,6,0,0,0,6,0,0,https://data.wa.gov/Transportation/Vehicle-Title-Transactions-by-Department-of-Licens/cdk6-5kdf
Columbia,2018-10-01,5,0,0,0,5,0,0,https://data.wa.gov/Transportation/Vehicle-Title-Transactions-by-Department-of-Licens/cdk6-5kdf
Columbia,2018-11-01,6,0,0,0,6,0,0,https://data.wa.gov/Transportation/Vehicle-Title-Transactions-by-Department-of-Licens/cdk6-5kdf
Columbia,2018-12-01,7,0,0,0,7,0,0,https://data.wa.gov/Transportation/Vehicle-Title-Transactions-by-Department-of-Licens/cdk6-5kdf
Columbia,2019-01-01,12,0,0,0,12,0,0,https://data.wa.gov/Transportation/Vehicle-Title-Transactions-by-Department-of-Licens/cdk6-5kdf
Columbia,2019-02-01,4,0,0,0,4,0,0,https://data.wa.gov/Transportation/Vehicle-Title-Transactions-by-Department-of-Licens/cdk6-5kdf
Columbia,2019-03-01,4,0,0,0,4,0,0,https://data.wa.gov/Transportation/Vehicle-Title-Transactions-by-Department-of-Licens/cdk6-5kdf
Columbia,2019-04-01,6,0,0,0,6,0,0,https://data.wa.gov/Transportation/Vehicle-Title-Transactions-by-Department-of-Licens/cdk6-5kdf
Columbia,2019-05-01,10,0,0,0,10,0,0,https://data.wa.gov/Transportation/Vehicle-Title-Transactions-by-Department-of-Licens/cdk6-5kdf
Columbia,2019-06-01,9,0,0,0,9,0,0,https://data.wa.gov/Transportation/Vehicle-Title-Transactions-by-Department-of-Licens/cdk6-5kdf
Columbia,2019-07-01,7,0,0,0,7,0,0,https://data.wa.gov/Transportation/Vehicle-Title-Transactions-by-Department-of-Licens/cdk6-5kdf
Columbia,2019-08-01,12,0,0,0,12,0,0,https://data.wa.gov/Transportation/Vehicle-Title-Transactions-by-Department-of-Licens/cdk6-5kdf
Columbia,2019-09-01,11,0,0,0,11,0,0,https://data.wa.gov/Transportation/Vehicle-Title-Transactions-by-Department-of-Licens/cdk6-5kdf
Columbia,2019-10-01,5,0,0,0,5,0,0,https://data.wa.gov/Transportation/Vehicle-Title-Transactions-by-Department-of-Licens/cdk6-5kdf
Columbia,2019-11-01,9,0,0,0,9,0,0,https://data.wa.gov/Transportation/Vehicle-Title-Transactions-by-Department-of-Licens/cdk6-5kdf
Columbia,2019-12-01,6,0,1,0,7,1,0.14285714285714285,https://data.wa.gov/Transportation/Vehicle-Title-Transactions-by-Department-of-Licens/cdk6-5kdf
Columbia,2020-01-01,8,0,0,0,8,0,0,https://data.wa.gov/Transportation/Vehicle-Title-Transactions-by-Department-of-Licens/cdk6-5kdf
Columbia,2020-02-01,1,0,0,0,1,0,0,https://data.wa.gov/Transportation/Vehicle-Title-Transactions-by-Department-of-Licens/cdk6-5kdf
Columbia,2020-03-01,7,0,0,0,7,0,0,https://data.wa.gov/Transportation/Vehicle-Title-Transactions-by-Department-of-Licens/cdk6-5kdf
Columbia,2020-04-01,3,0,0,0,3,0,0,https://data.wa.gov/Transportation/Vehicle-Title-Transactions-by-Department-of-Licens/cdk6-5kdf
Columbia,2020-05-01,5,0,0,0,5,0,0,https://data.wa.gov/Transportation/Vehicle-Title-Transactions-by-Department-of-Licens/cdk6-5kdf
Columbia,2020-06-01,8,0,0,0,8,0,0,https://data.wa.gov/Transportation/Vehicle-Title-Transactions-by-Department-of-Licens/cdk6-5kdf
Columbia,2020-07-01,4,0,0,0,4,0,0,https://data.wa.gov/Transportation/Vehicle-Title-Transactions-by-Department-of-Licens/cdk6-5kdf
Columbia,2020-08-01,6,0,0,0,6,0,0,https://data.wa.gov/Transportation/Vehicle-Title-Transactions-by-Department-of-Licens/cdk6-5kdf
Columbia,2020-09-01,11,0,0,0,11,0,0,https://data.wa.gov/Transportation/Vehicle-Title-Transactions-by-Department-of-Licens/cdk6-5kdf
Columbia,2020-10-01,9,0,0,0,9,0,0,https://data.wa.gov/Transportation/Vehicle-Title-Transactions-by-Department-of-Licens/cdk6-5kdf
Columbia,2020-11-01,5,0,0,0,5,0,0,https://data.wa.gov/Transportation/Vehicle-Title-Transactions-by-Department-of-Licens/cdk6-5kdf
Columbia,2020-12-01,9,1,0,0,10,1,0.1,https://data.wa.gov/Transportation/Vehicle-Title-Transactions-by-Department-of-Licens/cdk6-5kdf
Columbia,2021-01-01,9,0,0,0,9,0,0,https://data.wa.gov/Transportation/Vehicle-Title-Transactions-by-Department-of-Licens/cdk6-5kdf
Columbia,2021-02-01,7,0,0,0,7,0,0,https://data.wa.gov/Transportation/Vehicle-Title-Transactions-by-Department-of-Licens/cdk6-5kdf
Columbia,2021-03-01,11,0,0,0,11,0,0,https://data.wa.gov/Transportation/Vehicle-Title-Transactions-by-Department-of-Licens/cdk6-5kdf
Columbia,2021-04-01,9,0,0,0,9,0,0,https://data.wa.gov/Transportation/Vehicle-Title-Transactions-by-Department-of-Licens/cdk6-5kdf
Columbia,2021-05-01,10,0,0,0,10,0,0,https://data.wa.gov/Transportation/Vehicle-Title-Transactions-by-Department-of-Licens/cdk6-5kdf
Columbia,2021-06-01,10,0,0,0,10,0,0,https://data.wa.gov/Transportation/Vehicle-Title-Transactions-by-Department-of-Licens/cdk6-5kdf
Columbia,2021-07-01,2,0,0,0,2,0,0,https://data.wa.gov/Transportation/Vehicle-Title-Transactions-by-Department-of-Licens/cdk6-5kdf
Columbia,2021-08-01,3,1,0,0,4,1,0.25,https://data.wa.gov/Transportation/Vehicle-Title-Transactions-by-Department-of-Licens/cdk6-5kdf
Columbia,2021-09-01,7,0,0,0,7,0,0,https://data.wa.gov/Transportation/Vehicle-Title-Transactions-by-Department-of-Licens/cdk6-5kdf
Columbia,2021-10-01,9,0,0,0,9,0,0,https://data.wa.gov/Transportation/Vehicle-Title-Transactions-by-Department-of-Licens/cdk6-5kdf
Columbia,2021-11-01,6,0,0,0,6,0,0,https://data.wa.gov/Transportation/Vehicle-Title-Transactions-by-Department-of-Licens/cdk6-5kdf
Columbia,2021-12-01,11,0,0,0,11,0,0,https://data.wa.gov/Transportation/Vehicle-Title-Transactions-by-Department-of-Licens/cdk6-5kdf
Columbia,2022-01-01,9,0,0,0,9,0,0,https://data.wa.gov/Transportation/Vehicle-Title-Transactions-by-Department-of-Licens/cdk6-5kdf
Columbia,2022-02-01,9,0,0,0,9,0,0,https://data.wa.gov/Transportation/Vehicle-Title-Transactions-by-Department-of-Licens/cdk6-5kdf
Columbia,2022-03-01,7,1,0,0,8,1,0.125,https://data.wa.gov/Transportation/Vehicle-Title-Transactions-by-Department-of-Licens/cdk6-5kdf
Columbia,2022-04-01,7,1,0,0,8,1,0.125,https://data.wa.gov/Transportation/Vehicle-Title-Transactions-by-Department-of-Licens/cdk6-5kdf
Columbia,2022-05-01,4,0,0,0,4,0,0,https://data.wa.gov/Transportation/Vehicle-Title-Transactions-by-Department-of-Licens/cdk6-5kdf
Columbia,2022-06-01,7,0,0,0,7,0,0,https://data.wa.gov/Transportation/Vehicle-Title-Transactions-by-Department-of-Licens/cdk6-5kdf
Columbia,2022-07-01,3,0,0,0,3,0,0,https://data.wa.gov/Transportation/Vehicle-Title-Transactions-by-Department-of-Licens/cdk6-5kdf
Columbia,2022-08-01,10,1,0,0,11,1,0.09090909090909091,https://data.wa.gov/Transportation/Vehicle-Title-Transactions-by-Department-of-Licens/cdk6-5kdf
Columbia,2022-09-01,7,0,0,0,7,0,0,https://data.wa.gov/Transportation/Vehicle-Title-Transactions-by-Department-of-Licens/cdk6-5kdf
Columbia,2022-10-01,7,0,0,0,7,0,0,https://data.wa.gov/Transportation/Vehicle-Title-Transactions-by-Department-of-Licens/cdk6-5kdf
Columbia,2022-11-01,5,0,0,0,5,0,0,https://data.wa.gov/Transportation/Vehicle-Title-Transactions-by-Department-of-Licens/cdk6-5kdf
Columbia,2022-12-01,8,0,0,0,8,0,0,https://data.wa.gov/Transportation/Vehicle-Title-Transactions-by-Department-of-Licens/cdk6-5kdf
Columbia,2023-01-01,4,1,0,0,5,1,0.2,https://data.wa.gov/Transportation/Vehicle-Title-Transactions-by-Department-of-Licens/cdk6-5kdf
Columbia,2023-02-01,6,0,0,0,6,0,0,https://data.wa.gov/Transportation/Vehicle-Title-Transactions-by-Department-of-Licens/cdk6-5kdf
Columbia,2023-03-01,6,0,0,0,6,0,0,https://data.wa.gov/Transportation/Vehicle-Title-Transactions-by-Department-of-Licens/cdk6-5kdf
Columbia,2023-04-01,5,0,0,0,5,0,0,https://data.wa.gov/Transportation/Vehicle-Title-Transactions-by-Department-of-Licens/cdk6-5kdf
Columbia,2023-05-01,7,1,0,0,8,1,0.125,https://data.wa.gov/Transportation/Vehicle-Title-Transactions-by-Department-of-Licens/cdk6-5kdf
Columbia,2023-06-01,5,2,0,0,7,2,0.2857142857142857,https://data.wa.gov/Transportation/Vehicle-Title-Transactions-by-Department-of-Licens/cdk6-5kdf
Columbia,2023-07-01,5,0,0,0,5,0,0,https://data.wa.gov/Transportation/Vehicle-Title-Transactions-by-Department-of-Licens/cdk6-5kdf
Columbia,2023-08-01,5,0,0,0,5,0,0,https://data.wa.gov/Transportation/Vehicle-Title-Transactions-by-Department-of-Licens/cdk6-5kdf
Columbia,2023-09-01,6,0,0,0,6,0,0,https://data.wa.gov/Transportation/Vehicle-Title-Transactions-by-Department-of-Licens/cdk6-5kdf
Columbia,2023-10-01,11,0,0,0,11,0,0,https://data.wa.gov/Transportation/Vehicle-Title-Transactions-by-Department-of-Licens/cdk6-5kdf
Columbia,2023-11-01,6,0,0,0,6,0,0,https://data.wa.gov/Transportation/Vehicle-Title-Transactions-by-Department-of-Licens/cdk6-5kdf
Columbia,2023-12-01,5,0,0,0,5,0,0,https://data.wa.gov/Transportation/Vehicle-Title-Transactions-by-Department-of-Licens/cdk6-5kdf
Columbia,2024-01-01,5,0,0,0,5,0,0,https://data.wa.gov/Transportation/Vehicle-Title-Transactions-by-Department-of-Licens/cdk6-5kdf
Columbia,2024-02-01,5,0,0,0,5,0,0,https://data.wa.gov/Transportation/Vehicle-Title-Transactions-by-Department-of-Licens/cdk6-5kdf
Columbia,2024-03-01,7,0,0,0,7,0,0,https://data.wa.gov/Transportation/Vehicle-Title-Transactions-by-Department-of-Licens/cdk6-5kdf
Columbia,2024-04-01,4,0,0,0,4,0,0,https://data.wa.gov/Transportation/Vehicle-Title-Transactions-by-Department-of-Licens/cdk6-5kdf
Columbia,2024-05-01,7,0,0,0,7,0,0,https://data.wa.gov/Transportation/Vehicle-Title-Transactions-by-Department-of-Licens/cdk6-5kdf
Columbia,2024-06-01,5,0,0,0,5,0,0,https://data.wa.gov/Transportation/Vehicle-Title-Transactions-by-Department-of-Licens/cdk6-5kdf
Columbia,2024-07-01,6,1,0,0,7,1,0.14285714285714285,https://data.wa.gov/Transportation/Vehicle-Title-Transactions-by-Department-of-Licens/cdk6-5kdf
Columbia,2024-08-01,7,0,0,0,7,0,0,https://data.wa.gov/Transportation/Vehicle-Title-Transactions-by-Department-of-Licens/cdk6-5kdf
Columbia,2024-09-01,6,1,0,0,7,1,0.14285714285714285,https://data.wa.gov/Transportation/Vehicle-Title-Transactions-by-Department-of-Licens/cdk6-5kdf
Columbia,2024-10-01,8,0,0,0,8,0,0,https://data.wa.gov/Transportation/Vehicle-Title-Transactions-by-Department-of-Licens/cdk6-5kdf
Columbia,2024-11-01,7,0,0,0,7,0,0,https://data.wa.gov/Transportation/Vehicle-Title-Transactions-by-Department-of-Licens/cdk6-5kdf
Columbia,2024-12-01,7,0,0,0,7,0,0,https://data.wa.gov/Transportation/Vehicle-Title-Transactions-by-Department-of-Licens/cdk6-5kdf
Columbia,2025-01-01,8,1,1,0,10,2,0.2,https://data.wa.gov/Transportation/Vehicle-Title-Transactions-by-Department-of-Licens/cdk6-5kdf
Columbia,2025-02-01,4,0,0,0,4,0,0,https://data.wa.gov/Transportation/Vehicle-Title-Transactions-by-Department-of-Licens/cdk6-5kdf
Columbia,2025-03-01,11,0,0,0,11,0,0,https://data.wa.gov/Transportation/Vehicle-Title-Transactions-by-Department-of-Licens/cdk6-5kdf
Columbia,2025-04-01,5,0,1,0,6,1,0.16666666666666666,https://data.wa.gov/Transportation/Vehicle-Title-Transactions-by-Department-of-Licens/cdk6-5kdf
Columbia,2025-05-01,7,1,0,0,8,1,0.125,https://data.wa.gov/Transportation/Vehicle-Title-Transactions-by-Department-of-Licens/cdk6-5kdf
Columbia,2025-06-01,7,0,0,0,7,0,0,https://data.wa.gov/Transportation/Vehicle-Title-Transactions-by-Department-of-Licens/cdk6-5kdf
Columbia,2025-07-01,5,0,0,0,5,0,0,https://data.wa.gov/Transportation/Vehicle-Title-Transactions-by-Department-of-Licens/cdk6-5kdf
Columbia,2025-08-01,13,0,0,0,13,0,0,https://data.wa.gov/Transportation/Vehicle-Title-Transactions-by-Department-of-Licens/cdk6-5kdf
Columbia,2025-09-01,1,1,0,0,2,1,0.5,https://data.wa.gov/Transportation/Vehicle-Title-Transactions-by-Department-of-Licens/cdk6-5kdf
Columbia,2025-10-01,7,0,0,0,7,0,0,https://data.wa.gov/Transportation/Vehicle-Title-Transactions-by-Department-of-Licens/cdk6-5kdf
Columbia,2025-11-01,9,1,0,0,10,1,0.1,https://data.wa.gov/Transportation/Vehicle-Title-Transactions-by-Department-of-Licens/cdk6-5kdf
Columbia,2025-12-01,10,0,0,0,10,0,0,https://data.wa.gov/Transportation/Vehicle-Title-Transactions-by-Department-of-Licens/cdk6-5kdf
Columbia,2026-01-01,9,0,0,0,9,0,0,https://data.wa.gov/Transportation/Vehicle-Title-Transactions-by-Department-of-Licens/cdk6-5kdf
Columbia,2026-02-01,5,0,0,0,5,0,0,https://data.wa.gov/Transportation/Vehicle-Title-Transactions-by-Department-of-Licens/cdk6-5kdf
Columbia,2026-03-01,6,0,0,0,6,0,0,https://data.wa.gov/Transportation/Vehicle-Title-Transactions-by-Department-of-Licens/cdk6-5kdf
Columbia,2026-04-01,7,0,0,0,7,0,0,https://data.wa.gov/Transportation/Vehicle-Title-Transactions-by-Department-of-Licens/cdk6-5kdf
Columbia,2026-05-01,7,0,0,0,7,0,0,https://data.wa.gov/Transportation/Vehicle-Title-Transactions-by-Department-of-Licens/cdk6-5kdf
Columbia,2026-06-01,7,0,0,0,7,0,0,https://data.wa.gov/Transportation/Vehicle-Title-Transactions-by-Department-of-Licens/cdk6-5kdf
Cowlitz,2017-01-01,244,1,1,0,246,2,0.008130081300813009,https://data.wa.gov/Transportation/Vehicle-Title-Transactions-by-Department-of-Licens/cdk6-5kdf
Cowlitz,2017-02-01,213,0,1,0,214,1,0.004672897196261682,https://data.wa.gov/Transportation/Vehicle-Title-Transactions-by-Department-of-Licens/cdk6-5kdf
Cowlitz,2017-03-01,307,0,2,0,309,2,0.006472491909385114,https://data.wa.gov/Transportation/Vehicle-Title-Transactions-by-Department-of-Licens/cdk6-5kdf
Cowlitz,2017-04-01,253,1,0,0,254,1,0.003937007874015748,https://data.wa.gov/Transportation/Vehicle-Title-Transactions-by-Department-of-Licens/cdk6-5kdf
Cowlitz,2017-05-01,288,2,1,0,291,3,0.010309278350515464,https://data.wa.gov/Transportation/Vehicle-Title-Transactions-by-Department-of-Licens/cdk6-5kdf
Cowlitz,2017-06-01,257,0,6,0,263,6,0.022813688212927757,https://data.wa.gov/Transportation/Vehicle-Title-Transactions-by-Department-of-Licens/cdk6-5kdf
Cowlitz,2017-07-01,223,2,0,0,225,2,0.008888888888888889,https://data.wa.gov/Transportation/Vehicle-Title-Transactions-by-Department-of-Licens/cdk6-5kdf
Cowlitz,2017-08-01,336,0,2,0,338,2,0.005917159763313609,https://data.wa.gov/Transportation/Vehicle-Title-Transactions-by-Department-of-Licens/cdk6-5kdf
Cowlitz,2017-09-01,295,1,2,0,298,3,0.010067114093959731,https://data.wa.gov/Transportation/Vehicle-Title-Transactions-by-Department-of-Licens/cdk6-5kdf
Cowlitz,2017-10-01,284,3,0,0,287,3,0.010452961672473868,https://data.wa.gov/Transportation/Vehicle-Title-Transactions-by-Department-of-Licens/cdk6-5kdf
Cowlitz,2017-11-01,234,0,0,0,234,0,0,https://data.wa.gov/Transportation/Vehicle-Title-Transactions-by-Department-of-Licens/cdk6-5kdf
Cowlitz,2017-12-01,250,0,2,0,252,2,0.007936507936507936,https://data.wa.gov/Transportation/Vehicle-Title-Transactions-by-Department-of-Licens/cdk6-5kdf
Cowlitz,2018-01-01,279,2,2,0,283,4,0.014134275618374558,https://data.wa.gov/Transportation/Vehicle-Title-Transactions-by-Department-of-Licens/cdk6-5kdf
Cowlitz,2018-02-01,204,0,0,0,204,0,0,https://data.wa.gov/Transportation/Vehicle-Title-Transactions-by-Department-of-Licens/cdk6-5kdf
Cowlitz,2018-03-01,241,2,1,0,244,3,0.012295081967213115,https://data.wa.gov/Transportation/Vehicle-Title-Transactions-by-Department-of-Licens/cdk6-5kdf
Cowlitz,2018-04-01,233,0,4,0,237,4,0.016877637130801686,https://data.wa.gov/Transportation/Vehicle-Title-Transactions-by-Department-of-Licens/cdk6-5kdf
Cowlitz,2018-05-01,287,2,1,0,290,3,0.010344827586206896,https://data.wa.gov/Transportation/Vehicle-Title-Transactions-by-Department-of-Licens/cdk6-5kdf
Cowlitz,2018-06-01,255,1,0,0,256,1,0.00390625,https://data.wa.gov/Transportation/Vehicle-Title-Transactions-by-Department-of-Licens/cdk6-5kdf
Cowlitz,2018-07-01,319,2,1,0,322,3,0.009316770186335404,https://data.wa.gov/Transportation/Vehicle-Title-Transactions-by-Department-of-Licens/cdk6-5kdf
Cowlitz,2018-08-01,272,4,2,0,278,6,0.02158273381294964,https://data.wa.gov/Transportation/Vehicle-Title-Transactions-by-Department-of-Licens/cdk6-5kdf
Cowlitz,2018-09-01,267,0,2,0,269,2,0.007434944237918215,https://data.wa.gov/Transportation/Vehicle-Title-Transactions-by-Department-of-Licens/cdk6-5kdf
Cowlitz,2018-10-01,275,5,1,0,281,6,0.021352313167259787,https://data.wa.gov/Transportation/Vehicle-Title-Transactions-by-Department-of-Licens/cdk6-5kdf
Cowlitz,2018-11-01,230,2,4,0,236,6,0.025423728813559324,https://data.wa.gov/Transportation/Vehicle-Title-Transactions-by-Department-of-Licens/cdk6-5kdf
Cowlitz,2018-12-01,211,5,3,0,219,8,0.0365296803652968,https://data.wa.gov/Transportation/Vehicle-Title-Transactions-by-Department-of-Licens/cdk6-5kdf
Cowlitz,2019-01-01,267,5,2,0,274,7,0.025547445255474453,https://data.wa.gov/Transportation/Vehicle-Title-Transactions-by-Department-of-Licens/cdk6-5kdf
Cowlitz,2019-02-01,193,1,2,0,196,3,0.015306122448979591,https://data.wa.gov/Transportation/Vehicle-Title-Transactions-by-Department-of-Licens/cdk6-5kdf
Cowlitz,2019-03-01,248,1,0,0,249,1,0.004016064257028112,https://data.wa.gov/Transportation/Vehicle-Title-Transactions-by-Department-of-Licens/cdk6-5kdf
Cowlitz,2019-04-01,257,3,0,0,260,3,0.011538461538461539,https://data.wa.gov/Transportation/Vehicle-Title-Transactions-by-Department-of-Licens/cdk6-5kdf
Cowlitz,2019-05-01,211,2,1,0,214,3,0.014018691588785047,https://data.wa.gov/Transportation/Vehicle-Title-Transactions-by-Department-of-Licens/cdk6-5kdf
Cowlitz,2019-06-01,238,2,0,0,240,2,0.008333333333333333,https://data.wa.gov/Transportation/Vehicle-Title-Transactions-by-Department-of-Licens/cdk6-5kdf
Cowlitz,2019-07-01,283,7,2,0,292,9,0.030821917808219176,https://data.wa.gov/Transportation/Vehicle-Title-Transactions-by-Department-of-Licens/cdk6-5kdf
Cowlitz,2019-08-01,277,1,1,0,279,2,0.007168458781362007,https://data.wa.gov/Transportation/Vehicle-Title-Transactions-by-Department-of-Licens/cdk6-5kdf
Cowlitz,2019-09-01,228,2,0,0,230,2,0.008695652173913044,https://data.wa.gov/Transportation/Vehicle-Title-Transactions-by-Department-of-Licens/cdk6-5kdf
Cowlitz,2019-10-01,282,7,1,0,290,8,0.027586206896551724,https://data.wa.gov/Transportation/Vehicle-Title-Transactions-by-Department-of-Licens/cdk6-5kdf
Cowlitz,2019-11-01,221,0,0,0,221,0,0,https://data.wa.gov/Transportation/Vehicle-Title-Transactions-by-Department-of-Licens/cdk6-5kdf
Cowlitz,2019-12-01,238,2,1,0,241,3,0.012448132780082987,https://data.wa.gov/Transportation/Vehicle-Title-Transactions-by-Department-of-Licens/cdk6-5kdf
Cowlitz,2020-01-01,241,9,2,0,252,11,0.04365079365079365,https://data.wa.gov/Transportation/Vehicle-Title-Transactions-by-Department-of-Licens/cdk6-5kdf
Cowlitz,2020-02-01,181,0,1,0,182,1,0.005494505494505495,https://data.wa.gov/Transportation/Vehicle-Title-Transactions-by-Department-of-Licens/cdk6-5kdf
Cowlitz,2020-03-01,214,1,0,0,215,1,0.004651162790697674,https://data.wa.gov/Transportation/Vehicle-Title-Transactions-by-Department-of-Licens/cdk6-5kdf
Cowlitz,2020-04-01,111,4,0,0,115,4,0.034782608695652174,https://data.wa.gov/Transportation/Vehicle-Title-Transactions-by-Department-of-Licens/cdk6-5kdf
Cowlitz,2020-05-01,133,0,1,0,134,1,0.007462686567164179,https://data.wa.gov/Transportation/Vehicle-Title-Transactions-by-Department-of-Licens/cdk6-5kdf
Cowlitz,2020-06-01,296,2,0,0,298,2,0.006711409395973154,https://data.wa.gov/Transportation/Vehicle-Title-Transactions-by-Department-of-Licens/cdk6-5kdf
Cowlitz,2020-07-01,272,7,0,0,279,7,0.025089605734767026,https://data.wa.gov/Transportation/Vehicle-Title-Transactions-by-Department-of-Licens/cdk6-5kdf
Cowlitz,2020-08-01,231,4,1,0,236,5,0.0211864406779661,https://data.wa.gov/Transportation/Vehicle-Title-Transactions-by-Department-of-Licens/cdk6-5kdf
Cowlitz,2020-09-01,285,2,0,0,287,2,0.006968641114982578,https://data.wa.gov/Transportation/Vehicle-Title-Transactions-by-Department-of-Licens/cdk6-5kdf
Cowlitz,2020-10-01,253,4,0,0,257,4,0.01556420233463035,https://data.wa.gov/Transportation/Vehicle-Title-Transactions-by-Department-of-Licens/cdk6-5kdf
Cowlitz,2020-11-01,231,8,1,0,240,9,0.0375,https://data.wa.gov/Transportation/Vehicle-Title-Transactions-by-Department-of-Licens/cdk6-5kdf
Cowlitz,2020-12-01,301,7,2,0,310,9,0.02903225806451613,https://data.wa.gov/Transportation/Vehicle-Title-Transactions-by-Department-of-Licens/cdk6-5kdf
Cowlitz,2021-01-01,259,8,2,0,269,10,0.03717472118959108,https://data.wa.gov/Transportation/Vehicle-Title-Transactions-by-Department-of-Licens/cdk6-5kdf
Cowlitz,2021-02-01,241,7,1,0,249,8,0.0321285140562249,https://data.wa.gov/Transportation/Vehicle-Title-Transactions-by-Department-of-Licens/cdk6-5kdf
Cowlitz,2021-03-01,280,5,1,0,286,6,0.02097902097902098,https://data.wa.gov/Transportation/Vehicle-Title-Transactions-by-Department-of-Licens/cdk6-5kdf
Cowlitz,2021-04-01,290,10,1,0,301,11,0.036544850498338874,https://data.wa.gov/Transportation/Vehicle-Title-Transactions-by-Department-of-Licens/cdk6-5kdf
Cowlitz,2021-05-01,347,4,2,0,353,6,0.0169971671388102,https://data.wa.gov/Transportation/Vehicle-Title-Transactions-by-Department-of-Licens/cdk6-5kdf
Cowlitz,2021-06-01,303,7,2,0,312,9,0.028846153846153848,https://data.wa.gov/Transportation/Vehicle-Title-Transactions-by-Department-of-Licens/cdk6-5kdf
Cowlitz,2021-07-01,230,10,2,0,242,12,0.049586776859504134,https://data.wa.gov/Transportation/Vehicle-Title-Transactions-by-Department-of-Licens/cdk6-5kdf
Cowlitz,2021-08-01,234,6,4,0,244,10,0.040983606557377046,https://data.wa.gov/Transportation/Vehicle-Title-Transactions-by-Department-of-Licens/cdk6-5kdf
Cowlitz,2021-09-01,217,5,0,0,222,5,0.02252252252252252,https://data.wa.gov/Transportation/Vehicle-Title-Transactions-by-Department-of-Licens/cdk6-5kdf
Cowlitz,2021-10-01,198,7,4,0,209,11,0.05263157894736842,https://data.wa.gov/Transportation/Vehicle-Title-Transactions-by-Department-of-Licens/cdk6-5kdf
Cowlitz,2021-11-01,216,3,1,0,220,4,0.01818181818181818,https://data.wa.gov/Transportation/Vehicle-Title-Transactions-by-Department-of-Licens/cdk6-5kdf
Cowlitz,2021-12-01,204,7,2,0,213,9,0.04225352112676056,https://data.wa.gov/Transportation/Vehicle-Title-Transactions-by-Department-of-Licens/cdk6-5kdf
Cowlitz,2022-01-01,220,4,1,0,225,5,0.022222222222222223,https://data.wa.gov/Transportation/Vehicle-Title-Transactions-by-Department-of-Licens/cdk6-5kdf
Cowlitz,2022-02-01,220,5,1,0,226,6,0.02654867256637168,https://data.wa.gov/Transportation/Vehicle-Title-Transactions-by-Department-of-Licens/cdk6-5kdf
Cowlitz,2022-03-01,276,4,4,0,284,8,0.028169014084507043,https://data.wa.gov/Transportation/Vehicle-Title-Transactions-by-Department-of-Licens/cdk6-5kdf
Cowlitz,2022-04-01,222,14,1,0,237,15,0.06329113924050633,https://data.wa.gov/Transportation/Vehicle-Title-Transactions-by-Department-of-Licens/cdk6-5kdf
Cowlitz,2022-05-01,201,7,3,0,211,10,0.04739336492890995,https://data.wa.gov/Transportation/Vehicle-Title-Transactions-by-Department-of-Licens/cdk6-5kdf
Cowlitz,2022-06-01,251,8,0,0,259,8,0.03088803088803089,https://data.wa.gov/Transportation/Vehicle-Title-Transactions-by-Department-of-Licens/cdk6-5kdf
Cowlitz,2022-07-01,222,13,3,0,238,16,0.06722689075630252,https://data.wa.gov/Transportation/Vehicle-Title-Transactions-by-Department-of-Licens/cdk6-5kdf
Cowlitz,2022-08-01,207,5,0,0,212,5,0.02358490566037736,https://data.wa.gov/Transportation/Vehicle-Title-Transactions-by-Department-of-Licens/cdk6-5kdf
Cowlitz,2022-09-01,216,16,3,0,235,19,0.08085106382978724,https://data.wa.gov/Transportation/Vehicle-Title-Transactions-by-Department-of-Licens/cdk6-5kdf
Cowlitz,2022-10-01,186,14,5,0,205,19,0.09268292682926829,https://data.wa.gov/Transportation/Vehicle-Title-Transactions-by-Department-of-Licens/cdk6-5kdf
Cowlitz,2022-11-01,205,10,5,0,220,15,0.06818181818181818,https://data.wa.gov/Transportation/Vehicle-Title-Transactions-by-Department-of-Licens/cdk6-5kdf
Cowlitz,2022-12-01,238,14,5,0,257,19,0.07392996108949416,https://data.wa.gov/Transportation/Vehicle-Title-Transactions-by-Department-of-Licens/cdk6-5kdf
Cowlitz,2023-01-01,196,17,3,0,216,20,0.09259259259259259,https://data.wa.gov/Transportation/Vehicle-Title-Transactions-by-Department-of-Licens/cdk6-5kdf
Cowlitz,2023-02-01,212,9,1,0,222,10,0.04504504504504504,https://data.wa.gov/Transportation/Vehicle-Title-Transactions-by-Department-of-Licens/cdk6-5kdf
Cowlitz,2023-03-01,233,8,5,0,246,13,0.052845528455284556,https://data.wa.gov/Transportation/Vehicle-Title-Transactions-by-Department-of-Licens/cdk6-5kdf
Cowlitz,2023-04-01,195,11,5,0,211,16,0.07582938388625593,https://data.wa.gov/Transportation/Vehicle-Title-Transactions-by-Department-of-Licens/cdk6-5kdf
Cowlitz,2023-05-01,246,18,4,0,268,22,0.08208955223880597,https://data.wa.gov/Transportation/Vehicle-Title-Transactions-by-Department-of-Licens/cdk6-5kdf
Cowlitz,2023-06-01,219,13,6,0,238,19,0.07983193277310924,https://data.wa.gov/Transportation/Vehicle-Title-Transactions-by-Department-of-Licens/cdk6-5kdf
Cowlitz,2023-07-01,219,9,5,0,233,14,0.060085836909871244,https://data.wa.gov/Transportation/Vehicle-Title-Transactions-by-Department-of-Licens/cdk6-5kdf
Cowlitz,2023-08-01,217,29,4,0,250,33,0.132,https://data.wa.gov/Transportation/Vehicle-Title-Transactions-by-Department-of-Licens/cdk6-5kdf
Cowlitz,2023-09-01,195,15,4,0,214,19,0.08878504672897196,https://data.wa.gov/Transportation/Vehicle-Title-Transactions-by-Department-of-Licens/cdk6-5kdf
Cowlitz,2023-10-01,221,7,4,0,232,11,0.047413793103448273,https://data.wa.gov/Transportation/Vehicle-Title-Transactions-by-Department-of-Licens/cdk6-5kdf
Cowlitz,2023-11-01,200,20,6,0,226,26,0.11504424778761062,https://data.wa.gov/Transportation/Vehicle-Title-Transactions-by-Department-of-Licens/cdk6-5kdf
Cowlitz,2023-12-01,209,22,6,0,237,28,0.11814345991561181,https://data.wa.gov/Transportation/Vehicle-Title-Transactions-by-Department-of-Licens/cdk6-5kdf
Cowlitz,2024-01-01,205,20,6,0,231,26,0.11255411255411256,https://data.wa.gov/Transportation/Vehicle-Title-Transactions-by-Department-of-Licens/cdk6-5kdf
Cowlitz,2024-02-01,178,12,3,0,193,15,0.07772020725388601,https://data.wa.gov/Transportation/Vehicle-Title-Transactions-by-Department-of-Licens/cdk6-5kdf
Cowlitz,2024-03-01,224,13,4,0,241,17,0.07053941908713693,https://data.wa.gov/Transportation/Vehicle-Title-Transactions-by-Department-of-Licens/cdk6-5kdf
Cowlitz,2024-04-01,163,16,4,0,183,20,0.1092896174863388,https://data.wa.gov/Transportation/Vehicle-Title-Transactions-by-Department-of-Licens/cdk6-5kdf
Cowlitz,2024-05-01,272,16,7,0,295,23,0.07796610169491526,https://data.wa.gov/Transportation/Vehicle-Title-Transactions-by-Department-of-Licens/cdk6-5kdf
Cowlitz,2024-06-01,184,12,4,0,200,16,0.08,https://data.wa.gov/Transportation/Vehicle-Title-Transactions-by-Department-of-Licens/cdk6-5kdf
Cowlitz,2024-07-01,259,17,6,0,282,23,0.08156028368794327,https://data.wa.gov/Transportation/Vehicle-Title-Transactions-by-Department-of-Licens/cdk6-5kdf
Cowlitz,2024-08-01,247,26,3,0,276,29,0.10507246376811594,https://data.wa.gov/Transportation/Vehicle-Title-Transactions-by-Department-of-Licens/cdk6-5kdf
Cowlitz,2024-09-01,222,33,5,0,260,38,0.14615384615384616,https://data.wa.gov/Transportation/Vehicle-Title-Transactions-by-Department-of-Licens/cdk6-5kdf
Cowlitz,2024-10-01,213,21,3,0,237,24,0.10126582278481013,https://data.wa.gov/Transportation/Vehicle-Title-Transactions-by-Department-of-Licens/cdk6-5kdf
Cowlitz,2024-11-01,182,14,5,0,201,19,0.0945273631840796,https://data.wa.gov/Transportation/Vehicle-Title-Transactions-by-Department-of-Licens/cdk6-5kdf
Cowlitz,2024-12-01,213,16,4,0,233,20,0.08583690987124463,https://data.wa.gov/Transportation/Vehicle-Title-Transactions-by-Department-of-Licens/cdk6-5kdf
Cowlitz,2025-01-01,270,23,7,0,300,30,0.1,https://data.wa.gov/Transportation/Vehicle-Title-Transactions-by-Department-of-Licens/cdk6-5kdf
Cowlitz,2025-02-01,183,14,2,0,199,16,0.08040201005025126,https://data.wa.gov/Transportation/Vehicle-Title-Transactions-by-Department-of-Licens/cdk6-5kdf
Cowlitz,2025-03-01,235,16,2,0,253,18,0.07114624505928854,https://data.wa.gov/Transportation/Vehicle-Title-Transactions-by-Department-of-Licens/cdk6-5kdf
Cowlitz,2025-04-01,252,19,2,0,273,21,0.07692307692307693,https://data.wa.gov/Transportation/Vehicle-Title-Transactions-by-Department-of-Licens/cdk6-5kdf
Cowlitz,2025-05-01,233,13,3,0,249,16,0.0642570281124498,https://data.wa.gov/Transportation/Vehicle-Title-Transactions-by-Department-of-Licens/cdk6-5kdf
Cowlitz,2025-06-01,198,17,4,0,219,21,0.0958904109589041,https://data.wa.gov/Transportation/Vehicle-Title-Transactions-by-Department-of-Licens/cdk6-5kdf
Cowlitz,2025-07-01,239,26,3,0,268,29,0.10820895522388059,https://data.wa.gov/Transportation/Vehicle-Title-Transactions-by-Department-of-Licens/cdk6-5kdf
Cowlitz,2025-08-01,210,25,3,0,238,28,0.11764705882352941,https://data.wa.gov/Transportation/Vehicle-Title-Transactions-by-Department-of-Licens/cdk6-5kdf
Cowlitz,2025-09-01,186,20,2,0,208,22,0.10576923076923077,https://data.wa.gov/Transportation/Vehicle-Title-Transactions-by-Department-of-Licens/cdk6-5kdf
Cowlitz,2025-10-01,211,28,3,0,242,31,0.128099173553719,https://data.wa.gov/Transportation/Vehicle-Title-Transactions-by-Department-of-Licens/cdk6-5kdf
Cowlitz,2025-11-01,170,12,3,0,185,15,0.08108108108108109,https://data.wa.gov/Transportation/Vehicle-Title-Transactions-by-Department-of-Licens/cdk6-5kdf
Cowlitz,2025-12-01,200,13,5,0,218,18,0.08256880733944955,https://data.wa.gov/Transportation/Vehicle-Title-Transactions-by-Department-of-Licens/cdk6-5kdf
Cowlitz,2026-01-01,213,12,4,0,229,16,0.06986899563318777,https://data.wa.gov/Transportation/Vehicle-Title-Transactions-by-Department-of-Licens/cdk6-5kdf
Cowlitz,2026-02-01,165,9,3,0,177,12,0.06779661016949153,https://data.wa.gov/Transportation/Vehicle-Title-Transactions-by-Department-of-Licens/cdk6-5kdf
Cowlitz,2026-03-01,199,19,2,0,220,21,0.09545454545454546,https://data.wa.gov/Transportation/Vehicle-Title-Transactions-by-Department-of-Licens/cdk6-5kdf
Cowlitz,2026-04-01,237,32,3,0,272,35,0.12867647058823528,https://data.wa.gov/Transportation/Vehicle-Title-Transactions-by-Department-of-Licens/cdk6-5kdf
Cowlitz,2026-05-01,204,19,6,0,229,25,0.1091703056768559,https://data.wa.gov/Transportation/Vehicle-Title-Transactions-by-Department-of-Licens/cdk6-5kdf
Cowlitz,2026-06-01,205,15,1,0,221,16,0.07239819004524888,https://data.wa.gov/Transportation/Vehicle-Title-Transactions-by-Department-of-Licens/cdk6-5kdf
Douglas,2017-01-01,70,1,0,0,71,1,0.014084507042253521,https://data.wa.gov/Transportation/Vehicle-Title-Transactions-by-Department-of-Licens/cdk6-5kdf
Douglas,2017-02-01,54,0,0,0,54,0,0,https://data.wa.gov/Transportation/Vehicle-Title-Transactions-by-Department-of-Licens/cdk6-5kdf
Douglas,2017-03-01,92,0,0,0,92,0,0,https://data.wa.gov/Transportation/Vehicle-Title-Transactions-by-Department-of-Licens/cdk6-5kdf
Douglas,2017-04-01,70,0,0,0,70,0,0,https://data.wa.gov/Transportation/Vehicle-Title-Transactions-by-Department-of-Licens/cdk6-5kdf
Douglas,2017-05-01,102,1,0,0,103,1,0.009708737864077669,https://data.wa.gov/Transportation/Vehicle-Title-Transactions-by-Department-of-Licens/cdk6-5kdf
Douglas,2017-06-01,78,0,2,0,80,2,0.025,https://data.wa.gov/Transportation/Vehicle-Title-Transactions-by-Department-of-Licens/cdk6-5kdf
Douglas,2017-07-01,81,2,0,0,83,2,0.024096385542168676,https://data.wa.gov/Transportation/Vehicle-Title-Transactions-by-Department-of-Licens/cdk6-5kdf
Douglas,2017-08-01,106,0,1,0,107,1,0.009345794392523364,https://data.wa.gov/Transportation/Vehicle-Title-Transactions-by-Department-of-Licens/cdk6-5kdf
Douglas,2017-09-01,89,1,0,0,90,1,0.011111111111111112,https://data.wa.gov/Transportation/Vehicle-Title-Transactions-by-Department-of-Licens/cdk6-5kdf
Douglas,2017-10-01,116,0,1,0,117,1,0.008547008547008548,https://data.wa.gov/Transportation/Vehicle-Title-Transactions-by-Department-of-Licens/cdk6-5kdf
Douglas,2017-11-01,111,0,0,0,111,0,0,https://data.wa.gov/Transportation/Vehicle-Title-Transactions-by-Department-of-Licens/cdk6-5kdf
Douglas,2017-12-01,81,0,0,0,81,0,0,https://data.wa.gov/Transportation/Vehicle-Title-Transactions-by-Department-of-Licens/cdk6-5kdf
Douglas,2018-01-01,108,2,0,0,110,2,0.01818181818181818,https://data.wa.gov/Transportation/Vehicle-Title-Transactions-by-Department-of-Licens/cdk6-5kdf
Douglas,2018-02-01,61,0,0,0,61,0,0,https://data.wa.gov/Transportation/Vehicle-Title-Transactions-by-Department-of-Licens/cdk6-5kdf
Douglas,2018-03-01,99,1,1,0,101,2,0.019801980198019802,https://data.wa.gov/Transportation/Vehicle-Title-Transactions-by-Department-of-Licens/cdk6-5kdf
Douglas,2018-04-01,78,0,0,0,78,0,0,https://data.wa.gov/Transportation/Vehicle-Title-Transactions-by-Department-of-Licens/cdk6-5kdf
Douglas,2018-05-01,110,2,0,0,112,2,0.017857142857142856,https://data.wa.gov/Transportation/Vehicle-Title-Transactions-by-Department-of-Licens/cdk6-5kdf
Douglas,2018-06-01,103,0,1,0,104,1,0.009615384615384616,https://data.wa.gov/Transportation/Vehicle-Title-Transactions-by-Department-of-Licens/cdk6-5kdf
Douglas,2018-07-01,105,1,1,0,107,2,0.018691588785046728,https://data.wa.gov/Transportation/Vehicle-Title-Transactions-by-Department-of-Licens/cdk6-5kdf
Douglas,2018-08-01,107,1,0,0,108,1,0.009259259259259259,https://data.wa.gov/Transportation/Vehicle-Title-Transactions-by-Department-of-Licens/cdk6-5kdf
Douglas,2018-09-01,95,3,0,0,98,3,0.030612244897959183,https://data.wa.gov/Transportation/Vehicle-Title-Transactions-by-Department-of-Licens/cdk6-5kdf
Douglas,2018-10-01,102,0,0,0,102,0,0,https://data.wa.gov/Transportation/Vehicle-Title-Transactions-by-Department-of-Licens/cdk6-5kdf
Douglas,2018-11-01,95,2,1,0,98,3,0.030612244897959183,https://data.wa.gov/Transportation/Vehicle-Title-Transactions-by-Department-of-Licens/cdk6-5kdf
Douglas,2018-12-01,91,1,1,0,93,2,0.021505376344086023,https://data.wa.gov/Transportation/Vehicle-Title-Transactions-by-Department-of-Licens/cdk6-5kdf
Douglas,2019-01-01,71,1,1,0,73,2,0.0273972602739726,https://data.wa.gov/Transportation/Vehicle-Title-Transactions-by-Department-of-Licens/cdk6-5kdf
Douglas,2019-02-01,47,1,0,0,48,1,0.020833333333333332,https://data.wa.gov/Transportation/Vehicle-Title-Transactions-by-Department-of-Licens/cdk6-5kdf
Douglas,2019-03-01,86,0,0,0,86,0,0,https://data.wa.gov/Transportation/Vehicle-Title-Transactions-by-Department-of-Licens/cdk6-5kdf
Douglas,2019-04-01,101,1,0,0,102,1,0.00980392156862745,https://data.wa.gov/Transportation/Vehicle-Title-Transactions-by-Department-of-Licens/cdk6-5kdf
Douglas,2019-05-01,80,1,2,0,83,3,0.03614457831325301,https://data.wa.gov/Transportation/Vehicle-Title-Transactions-by-Department-of-Licens/cdk6-5kdf
Douglas,2019-06-01,96,0,1,0,97,1,0.010309278350515464,https://data.wa.gov/Transportation/Vehicle-Title-Transactions-by-Department-of-Licens/cdk6-5kdf
Douglas,2019-07-01,96,2,0,0,98,2,0.02040816326530612,https://data.wa.gov/Transportation/Vehicle-Title-Transactions-by-Department-of-Licens/cdk6-5kdf
Douglas,2019-08-01,114,0,0,0,114,0,0,https://data.wa.gov/Transportation/Vehicle-Title-Transactions-by-Department-of-Licens/cdk6-5kdf
Douglas,2019-09-01,104,0,1,0,105,1,0.009523809523809525,https://data.wa.gov/Transportation/Vehicle-Title-Transactions-by-Department-of-Licens/cdk6-5kdf
Douglas,2019-10-01,95,2,0,0,97,2,0.020618556701030927,https://data.wa.gov/Transportation/Vehicle-Title-Transactions-by-Department-of-Licens/cdk6-5kdf
Douglas,2019-11-01,84,1,0,0,85,1,0.011764705882352941,https://data.wa.gov/Transportation/Vehicle-Title-Transactions-by-Department-of-Licens/cdk6-5kdf
Douglas,2019-12-01,91,2,0,0,93,2,0.021505376344086023,https://data.wa.gov/Transportation/Vehicle-Title-Transactions-by-Department-of-Licens/cdk6-5kdf
Douglas,2020-01-01,102,1,0,0,103,1,0.009708737864077669,https://data.wa.gov/Transportation/Vehicle-Title-Transactions-by-Department-of-Licens/cdk6-5kdf
Douglas,2020-02-01,67,0,0,0,67,0,0,https://data.wa.gov/Transportation/Vehicle-Title-Transactions-by-Department-of-Licens/cdk6-5kdf
Douglas,2020-03-01,97,1,0,0,98,1,0.01020408163265306,https://data.wa.gov/Transportation/Vehicle-Title-Transactions-by-Department-of-Licens/cdk6-5kdf
Douglas,2020-04-01,35,0,0,0,35,0,0,https://data.wa.gov/Transportation/Vehicle-Title-Transactions-by-Department-of-Licens/cdk6-5kdf
Douglas,2020-05-01,54,0,0,0,54,0,0,https://data.wa.gov/Transportation/Vehicle-Title-Transactions-by-Department-of-Licens/cdk6-5kdf
Douglas,2020-06-01,100,1,0,0,101,1,0.009900990099009901,https://data.wa.gov/Transportation/Vehicle-Title-Transactions-by-Department-of-Licens/cdk6-5kdf
Douglas,2020-07-01,105,1,0,0,106,1,0.009433962264150943,https://data.wa.gov/Transportation/Vehicle-Title-Transactions-by-Department-of-Licens/cdk6-5kdf
Douglas,2020-08-01,94,2,1,0,97,3,0.030927835051546393,https://data.wa.gov/Transportation/Vehicle-Title-Transactions-by-Department-of-Licens/cdk6-5kdf
Douglas,2020-09-01,123,3,0,0,126,3,0.023809523809523808,https://data.wa.gov/Transportation/Vehicle-Title-Transactions-by-Department-of-Licens/cdk6-5kdf
Douglas,2020-10-01,120,3,0,0,123,3,0.024390243902439025,https://data.wa.gov/Transportation/Vehicle-Title-Transactions-by-Department-of-Licens/cdk6-5kdf
Douglas,2020-11-01,91,1,0,0,92,1,0.010869565217391304,https://data.wa.gov/Transportation/Vehicle-Title-Transactions-by-Department-of-Licens/cdk6-5kdf
Douglas,2020-12-01,86,2,1,0,89,3,0.033707865168539325,https://data.wa.gov/Transportation/Vehicle-Title-Transactions-by-Department-of-Licens/cdk6-5kdf
Douglas,2021-01-01,70,0,1,0,71,1,0.014084507042253521,https://data.wa.gov/Transportation/Vehicle-Title-Transactions-by-Department-of-Licens/cdk6-5kdf
Douglas,2021-02-01,103,2,0,0,105,2,0.01904761904761905,https://data.wa.gov/Transportation/Vehicle-Title-Transactions-by-Department-of-Licens/cdk6-5kdf
Douglas,2021-03-01,120,0,1,0,121,1,0.008264462809917356,https://data.wa.gov/Transportation/Vehicle-Title-Transactions-by-Department-of-Licens/cdk6-5kdf
Douglas,2021-04-01,123,4,0,0,127,4,0.031496062992125984,https://data.wa.gov/Transportation/Vehicle-Title-Transactions-by-Department-of-Licens/cdk6-5kdf
Douglas,2021-05-01,111,4,1,0,116,5,0.04310344827586207,https://data.wa.gov/Transportation/Vehicle-Title-Transactions-by-Department-of-Licens/cdk6-5kdf
Douglas,2021-06-01,126,3,0,0,129,3,0.023255813953488372,https://data.wa.gov/Transportation/Vehicle-Title-Transactions-by-Department-of-Licens/cdk6-5kdf
Douglas,2021-07-01,88,3,2,0,93,5,0.053763440860215055,https://data.wa.gov/Transportation/Vehicle-Title-Transactions-by-Department-of-Licens/cdk6-5kdf
Douglas,2021-08-01,94,2,0,0,96,2,0.020833333333333332,https://data.wa.gov/Transportation/Vehicle-Title-Transactions-by-Department-of-Licens/cdk6-5kdf
Douglas,2021-09-01,89,1,1,0,91,2,0.02197802197802198,https://data.wa.gov/Transportation/Vehicle-Title-Transactions-by-Department-of-Licens/cdk6-5kdf
Douglas,2021-10-01,77,3,1,0,81,4,0.04938271604938271,https://data.wa.gov/Transportation/Vehicle-Title-Transactions-by-Department-of-Licens/cdk6-5kdf
Douglas,2021-11-01,101,2,3,0,106,5,0.04716981132075472,https://data.wa.gov/Transportation/Vehicle-Title-Transactions-by-Department-of-Licens/cdk6-5kdf
Douglas,2021-12-01,84,6,3,0,93,9,0.0967741935483871,https://data.wa.gov/Transportation/Vehicle-Title-Transactions-by-Department-of-Licens/cdk6-5kdf
Douglas,2022-01-01,72,1,0,0,73,1,0.0136986301369863,https://data.wa.gov/Transportation/Vehicle-Title-Transactions-by-Department-of-Licens/cdk6-5kdf
Douglas,2022-02-01,90,3,1,0,94,4,0.0425531914893617,https://data.wa.gov/Transportation/Vehicle-Title-Transactions-by-Department-of-Licens/cdk6-5kdf
Douglas,2022-03-01,114,2,1,0,117,3,0.02564102564102564,https://data.wa.gov/Transportation/Vehicle-Title-Transactions-by-Department-of-Licens/cdk6-5kdf
Douglas,2022-04-01,87,0,1,0,88,1,0.011363636363636364,https://data.wa.gov/Transportation/Vehicle-Title-Transactions-by-Department-of-Licens/cdk6-5kdf
Douglas,2022-05-01,109,1,0,0,110,1,0.00909090909090909,https://data.wa.gov/Transportation/Vehicle-Title-Transactions-by-Department-of-Licens/cdk6-5kdf
Douglas,2022-06-01,62,1,0,0,63,1,0.015873015873015872,https://data.wa.gov/Transportation/Vehicle-Title-Transactions-by-Department-of-Licens/cdk6-5kdf
Douglas,2022-07-01,63,4,2,0,69,6,0.08695652173913043,https://data.wa.gov/Transportation/Vehicle-Title-Transactions-by-Department-of-Licens/cdk6-5kdf
Douglas,2022-08-01,83,4,0,0,87,4,0.04597701149425287,https://data.wa.gov/Transportation/Vehicle-Title-Transactions-by-Department-of-Licens/cdk6-5kdf
Douglas,2022-09-01,76,6,1,0,83,7,0.08433734939759036,https://data.wa.gov/Transportation/Vehicle-Title-Transactions-by-Department-of-Licens/cdk6-5kdf
Douglas,2022-10-01,86,8,0,0,94,8,0.0851063829787234,https://data.wa.gov/Transportation/Vehicle-Title-Transactions-by-Department-of-Licens/cdk6-5kdf
Douglas,2022-11-01,95,1,0,0,96,1,0.010416666666666666,https://data.wa.gov/Transportation/Vehicle-Title-Transactions-by-Department-of-Licens/cdk6-5kdf
Douglas,2022-12-01,71,6,0,0,77,6,0.07792207792207792,https://data.wa.gov/Transportation/Vehicle-Title-Transactions-by-Department-of-Licens/cdk6-5kdf
Douglas,2023-01-01,82,4,0,0,86,4,0.046511627906976744,https://data.wa.gov/Transportation/Vehicle-Title-Transactions-by-Department-of-Licens/cdk6-5kdf
Douglas,2023-02-01,86,5,1,0,92,6,0.06521739130434782,https://data.wa.gov/Transportation/Vehicle-Title-Transactions-by-Department-of-Licens/cdk6-5kdf
Douglas,2023-03-01,88,2,1,0,91,3,0.03296703296703297,https://data.wa.gov/Transportation/Vehicle-Title-Transactions-by-Department-of-Licens/cdk6-5kdf
Douglas,2023-04-01,75,8,2,0,85,10,0.11764705882352941,https://data.wa.gov/Transportation/Vehicle-Title-Transactions-by-Department-of-Licens/cdk6-5kdf
Douglas,2023-05-01,105,6,1,0,112,7,0.0625,https://data.wa.gov/Transportation/Vehicle-Title-Transactions-by-Department-of-Licens/cdk6-5kdf
Douglas,2023-06-01,102,10,1,0,113,11,0.09734513274336283,https://data.wa.gov/Transportation/Vehicle-Title-Transactions-by-Department-of-Licens/cdk6-5kdf
Douglas,2023-07-01,72,3,1,0,76,4,0.05263157894736842,https://data.wa.gov/Transportation/Vehicle-Title-Transactions-by-Department-of-Licens/cdk6-5kdf
Douglas,2023-08-01,96,7,3,0,106,10,0.09433962264150944,https://data.wa.gov/Transportation/Vehicle-Title-Transactions-by-Department-of-Licens/cdk6-5kdf
Douglas,2023-09-01,86,6,2,0,94,8,0.0851063829787234,https://data.wa.gov/Transportation/Vehicle-Title-Transactions-by-Department-of-Licens/cdk6-5kdf
Douglas,2023-10-01,98,10,5,0,113,15,0.13274336283185842,https://data.wa.gov/Transportation/Vehicle-Title-Transactions-by-Department-of-Licens/cdk6-5kdf
Douglas,2023-11-01,83,4,1,0,88,5,0.056818181818181816,https://data.wa.gov/Transportation/Vehicle-Title-Transactions-by-Department-of-Licens/cdk6-5kdf
Douglas,2023-12-01,77,10,1,0,88,11,0.125,https://data.wa.gov/Transportation/Vehicle-Title-Transactions-by-Department-of-Licens/cdk6-5kdf
Douglas,2024-01-01,94,7,4,0,105,11,0.10476190476190476,https://data.wa.gov/Transportation/Vehicle-Title-Transactions-by-Department-of-Licens/cdk6-5kdf
Douglas,2024-02-01,54,7,1,0,62,8,0.12903225806451613,https://data.wa.gov/Transportation/Vehicle-Title-Transactions-by-Department-of-Licens/cdk6-5kdf
Douglas,2024-03-01,79,3,2,0,84,5,0.05952380952380952,https://data.wa.gov/Transportation/Vehicle-Title-Transactions-by-Department-of-Licens/cdk6-5kdf
Douglas,2024-04-01,82,7,2,0,91,9,0.0989010989010989,https://data.wa.gov/Transportation/Vehicle-Title-Transactions-by-Department-of-Licens/cdk6-5kdf
Douglas,2024-05-01,97,6,1,0,104,7,0.0673076923076923,https://data.wa.gov/Transportation/Vehicle-Title-Transactions-by-Department-of-Licens/cdk6-5kdf
Douglas,2024-06-01,84,4,5,0,93,9,0.0967741935483871,https://data.wa.gov/Transportation/Vehicle-Title-Transactions-by-Department-of-Licens/cdk6-5kdf
Douglas,2024-07-01,108,11,2,0,121,13,0.10743801652892562,https://data.wa.gov/Transportation/Vehicle-Title-Transactions-by-Department-of-Licens/cdk6-5kdf
Douglas,2024-08-01,88,14,2,0,104,16,0.15384615384615385,https://data.wa.gov/Transportation/Vehicle-Title-Transactions-by-Department-of-Licens/cdk6-5kdf
Douglas,2024-09-01,77,18,1,0,96,19,0.19791666666666666,https://data.wa.gov/Transportation/Vehicle-Title-Transactions-by-Department-of-Licens/cdk6-5kdf
Douglas,2024-10-01,106,9,4,0,119,13,0.1092436974789916,https://data.wa.gov/Transportation/Vehicle-Title-Transactions-by-Department-of-Licens/cdk6-5kdf
Douglas,2024-11-01,83,10,2,0,95,12,0.12631578947368421,https://data.wa.gov/Transportation/Vehicle-Title-Transactions-by-Department-of-Licens/cdk6-5kdf
Douglas,2024-12-01,91,9,1,0,101,10,0.09900990099009901,https://data.wa.gov/Transportation/Vehicle-Title-Transactions-by-Department-of-Licens/cdk6-5kdf
Douglas,2025-01-01,83,7,3,0,93,10,0.10752688172043011,https://data.wa.gov/Transportation/Vehicle-Title-Transactions-by-Department-of-Licens/cdk6-5kdf
Douglas,2025-02-01,69,10,0,0,79,10,0.12658227848101267,https://data.wa.gov/Transportation/Vehicle-Title-Transactions-by-Department-of-Licens/cdk6-5kdf
Douglas,2025-03-01,80,4,0,0,84,4,0.047619047619047616,https://data.wa.gov/Transportation/Vehicle-Title-Transactions-by-Department-of-Licens/cdk6-5kdf
Douglas,2025-04-01,110,8,0,0,118,8,0.06779661016949153,https://data.wa.gov/Transportation/Vehicle-Title-Transactions-by-Department-of-Licens/cdk6-5kdf
Douglas,2025-05-01,92,4,2,0,98,6,0.061224489795918366,https://data.wa.gov/Transportation/Vehicle-Title-Transactions-by-Department-of-Licens/cdk6-5kdf
Douglas,2025-06-01,77,4,2,0,83,6,0.07228915662650602,https://data.wa.gov/Transportation/Vehicle-Title-Transactions-by-Department-of-Licens/cdk6-5kdf
Douglas,2025-07-01,84,9,1,0,94,10,0.10638297872340426,https://data.wa.gov/Transportation/Vehicle-Title-Transactions-by-Department-of-Licens/cdk6-5kdf
Douglas,2025-08-01,97,9,2,0,108,11,0.10185185185185185,https://data.wa.gov/Transportation/Vehicle-Title-Transactions-by-Department-of-Licens/cdk6-5kdf
Douglas,2025-09-01,94,12,0,0,106,12,0.11320754716981132,https://data.wa.gov/Transportation/Vehicle-Title-Transactions-by-Department-of-Licens/cdk6-5kdf
Douglas,2025-10-01,99,7,2,0,108,9,0.08333333333333333,https://data.wa.gov/Transportation/Vehicle-Title-Transactions-by-Department-of-Licens/cdk6-5kdf
Douglas,2025-11-01,74,5,1,0,80,6,0.075,https://data.wa.gov/Transportation/Vehicle-Title-Transactions-by-Department-of-Licens/cdk6-5kdf
Douglas,2025-12-01,72,4,0,0,76,4,0.05263157894736842,https://data.wa.gov/Transportation/Vehicle-Title-Transactions-by-Department-of-Licens/cdk6-5kdf
Douglas,2026-01-01,74,2,1,0,77,3,0.03896103896103896,https://data.wa.gov/Transportation/Vehicle-Title-Transactions-by-Department-of-Licens/cdk6-5kdf
Douglas,2026-02-01,88,6,1,0,95,7,0.07368421052631578,https://data.wa.gov/Transportation/Vehicle-Title-Transactions-by-Department-of-Licens/cdk6-5kdf
Douglas,2026-03-01,78,1,0,0,79,1,0.012658227848101266,https://data.wa.gov/Transportation/Vehicle-Title-Transactions-by-Department-of-Licens/cdk6-5kdf
Douglas,2026-04-01,73,13,1,0,87,14,0.16091954022988506,https://data.wa.gov/Transportation/Vehicle-Title-Transactions-by-Department-of-Licens/cdk6-5kdf
Douglas,2026-05-01,71,9,0,0,80,9,0.1125,https://data.wa.gov/Transportation/Vehicle-Title-Transactions-by-Department-of-Licens/cdk6-5kdf
Douglas,2026-06-01,76,14,2,0,92,16,0.17391304347826086,https://data.wa.gov/Transportation/Vehicle-Title-Transactions-by-Department-of-Licens/cdk6-5kdf
Ferry,2017-01-01,9,0,0,0,9,0,0,https://data.wa.gov/Transportation/Vehicle-Title-Transactions-by-Department-of-Licens/cdk6-5kdf
Ferry,2017-02-01,7,0,0,0,7,0,0,https://data.wa.gov/Transportation/Vehicle-Title-Transactions-by-Department-of-Licens/cdk6-5kdf
Ferry,2017-03-01,7,0,0,0,7,0,0,https://data.wa.gov/Transportation/Vehicle-Title-Transactions-by-Department-of-Licens/cdk6-5kdf
Ferry,2017-04-01,5,0,0,0,5,0,0,https://data.wa.gov/Transportation/Vehicle-Title-Transactions-by-Department-of-Licens/cdk6-5kdf
Ferry,2017-05-01,17,0,0,0,17,0,0,https://data.wa.gov/Transportation/Vehicle-Title-Transactions-by-Department-of-Licens/cdk6-5kdf
Ferry,2017-06-01,10,0,0,0,10,0,0,https://data.wa.gov/Transportation/Vehicle-Title-Transactions-by-Department-of-Licens/cdk6-5kdf
Ferry,2017-07-01,11,0,0,0,11,0,0,https://data.wa.gov/Transportation/Vehicle-Title-Transactions-by-Department-of-Licens/cdk6-5kdf
Ferry,2017-08-01,13,0,0,0,13,0,0,https://data.wa.gov/Transportation/Vehicle-Title-Transactions-by-Department-of-Licens/cdk6-5kdf
Ferry,2017-09-01,15,0,0,0,15,0,0,https://data.wa.gov/Transportation/Vehicle-Title-Transactions-by-Department-of-Licens/cdk6-5kdf
Ferry,2017-10-01,17,0,0,0,17,0,0,https://data.wa.gov/Transportation/Vehicle-Title-Transactions-by-Department-of-Licens/cdk6-5kdf
Ferry,2017-11-01,9,0,0,0,9,0,0,https://data.wa.gov/Transportation/Vehicle-Title-Transactions-by-Department-of-Licens/cdk6-5kdf
Ferry,2017-12-01,13,0,0,0,13,0,0,https://data.wa.gov/Transportation/Vehicle-Title-Transactions-by-Department-of-Licens/cdk6-5kdf
Ferry,2018-01-01,9,0,0,0,9,0,0,https://data.wa.gov/Transportation/Vehicle-Title-Transactions-by-Department-of-Licens/cdk6-5kdf
Ferry,2018-02-01,5,0,0,0,5,0,0,https://data.wa.gov/Transportation/Vehicle-Title-Transactions-by-Department-of-Licens/cdk6-5kdf
Ferry,2018-03-01,16,0,0,0,16,0,0,https://data.wa.gov/Transportation/Vehicle-Title-Transactions-by-Department-of-Licens/cdk6-5kdf
Ferry,2018-04-01,8,0,0,0,8,0,0,https://data.wa.gov/Transportation/Vehicle-Title-Transactions-by-Department-of-Licens/cdk6-5kdf
Ferry,2018-05-01,10,0,0,0,10,0,0,https://data.wa.gov/Transportation/Vehicle-Title-Transactions-by-Department-of-Licens/cdk6-5kdf
Ferry,2018-06-01,11,1,0,0,12,1,0.08333333333333333,https://data.wa.gov/Transportation/Vehicle-Title-Transactions-by-Department-of-Licens/cdk6-5kdf
Ferry,2018-07-01,7,0,0,0,7,0,0,https://data.wa.gov/Transportation/Vehicle-Title-Transactions-by-Department-of-Licens/cdk6-5kdf
Ferry,2018-08-01,11,0,0,0,11,0,0,https://data.wa.gov/Transportation/Vehicle-Title-Transactions-by-Department-of-Licens/cdk6-5kdf
Ferry,2018-09-01,7,0,0,0,7,0,0,https://data.wa.gov/Transportation/Vehicle-Title-Transactions-by-Department-of-Licens/cdk6-5kdf
Ferry,2018-10-01,9,1,0,0,10,1,0.1,https://data.wa.gov/Transportation/Vehicle-Title-Transactions-by-Department-of-Licens/cdk6-5kdf
Ferry,2018-11-01,10,0,0,0,10,0,0,https://data.wa.gov/Transportation/Vehicle-Title-Transactions-by-Department-of-Licens/cdk6-5kdf
Ferry,2018-12-01,6,0,0,0,6,0,0,https://data.wa.gov/Transportation/Vehicle-Title-Transactions-by-Department-of-Licens/cdk6-5kdf
Ferry,2019-01-01,11,0,0,0,11,0,0,https://data.wa.gov/Transportation/Vehicle-Title-Transactions-by-Department-of-Licens/cdk6-5kdf
Ferry,2019-02-01,5,0,0,0,5,0,0,https://data.wa.gov/Transportation/Vehicle-Title-Transactions-by-Department-of-Licens/cdk6-5kdf
Ferry,2019-03-01,7,0,0,0,7,0,0,https://data.wa.gov/Transportation/Vehicle-Title-Transactions-by-Department-of-Licens/cdk6-5kdf
Ferry,2019-04-01,9,1,0,0,10,1,0.1,https://data.wa.gov/Transportation/Vehicle-Title-Transactions-by-Department-of-Licens/cdk6-5kdf
Ferry,2019-05-01,14,1,0,0,15,1,0.06666666666666667,https://data.wa.gov/Transportation/Vehicle-Title-Transactions-by-Department-of-Licens/cdk6-5kdf
Ferry,2019-06-01,10,0,0,0,10,0,0,https://data.wa.gov/Transportation/Vehicle-Title-Transactions-by-Department-of-Licens/cdk6-5kdf
Ferry,2019-07-01,9,0,0,0,9,0,0,https://data.wa.gov/Transportation/Vehicle-Title-Transactions-by-Department-of-Licens/cdk6-5kdf
Ferry,2019-08-01,10,0,0,0,10,0,0,https://data.wa.gov/Transportation/Vehicle-Title-Transactions-by-Department-of-Licens/cdk6-5kdf
Ferry,2019-09-01,8,0,0,0,8,0,0,https://data.wa.gov/Transportation/Vehicle-Title-Transactions-by-Department-of-Licens/cdk6-5kdf
Ferry,2019-10-01,12,0,0,0,12,0,0,https://data.wa.gov/Transportation/Vehicle-Title-Transactions-by-Department-of-Licens/cdk6-5kdf
Ferry,2019-11-01,6,0,0,0,6,0,0,https://data.wa.gov/Transportation/Vehicle-Title-Transactions-by-Department-of-Licens/cdk6-5kdf
Ferry,2019-12-01,7,0,0,0,7,0,0,https://data.wa.gov/Transportation/Vehicle-Title-Transactions-by-Department-of-Licens/cdk6-5kdf
Ferry,2020-01-01,13,0,0,0,13,0,0,https://data.wa.gov/Transportation/Vehicle-Title-Transactions-by-Department-of-Licens/cdk6-5kdf
Ferry,2020-02-01,7,0,0,0,7,0,0,https://data.wa.gov/Transportation/Vehicle-Title-Transactions-by-Department-of-Licens/cdk6-5kdf
Ferry,2020-03-01,3,0,1,0,4,1,0.25,https://data.wa.gov/Transportation/Vehicle-Title-Transactions-by-Department-of-Licens/cdk6-5kdf
Ferry,2020-04-01,4,0,0,0,4,0,0,https://data.wa.gov/Transportation/Vehicle-Title-Transactions-by-Department-of-Licens/cdk6-5kdf
Ferry,2020-05-01,6,0,0,0,6,0,0,https://data.wa.gov/Transportation/Vehicle-Title-Transactions-by-Department-of-Licens/cdk6-5kdf
Ferry,2020-06-01,5,0,0,0,5,0,0,https://data.wa.gov/Transportation/Vehicle-Title-Transactions-by-Department-of-Licens/cdk6-5kdf
Ferry,2020-07-01,10,2,0,0,12,2,0.16666666666666666,https://data.wa.gov/Transportation/Vehicle-Title-Transactions-by-Department-of-Licens/cdk6-5kdf
Ferry,2020-08-01,4,0,0,0,4,0,0,https://data.wa.gov/Transportation/Vehicle-Title-Transactions-by-Department-of-Licens/cdk6-5kdf
Ferry,2020-09-01,3,1,0,0,4,1,0.25,https://data.wa.gov/Transportation/Vehicle-Title-Transactions-by-Department-of-Licens/cdk6-5kdf
Ferry,2020-10-01,7,0,0,0,7,0,0,https://data.wa.gov/Transportation/Vehicle-Title-Transactions-by-Department-of-Licens/cdk6-5kdf
Ferry,2020-11-01,13,0,0,0,13,0,0,https://data.wa.gov/Transportation/Vehicle-Title-Transactions-by-Department-of-Licens/cdk6-5kdf
Ferry,2020-12-01,7,0,0,0,7,0,0,https://data.wa.gov/Transportation/Vehicle-Title-Transactions-by-Department-of-Licens/cdk6-5kdf
Ferry,2021-01-01,11,0,0,0,11,0,0,https://data.wa.gov/Transportation/Vehicle-Title-Transactions-by-Department-of-Licens/cdk6-5kdf
Ferry,2021-02-01,6,1,0,0,7,1,0.14285714285714285,https://data.wa.gov/Transportation/Vehicle-Title-Transactions-by-Department-of-Licens/cdk6-5kdf
Ferry,2021-03-01,10,0,0,0,10,0,0,https://data.wa.gov/Transportation/Vehicle-Title-Transactions-by-Department-of-Licens/cdk6-5kdf
Ferry,2021-04-01,10,0,0,0,10,0,0,https://data.wa.gov/Transportation/Vehicle-Title-Transactions-by-Department-of-Licens/cdk6-5kdf
Ferry,2021-05-01,11,0,0,0,11,0,0,https://data.wa.gov/Transportation/Vehicle-Title-Transactions-by-Department-of-Licens/cdk6-5kdf
Ferry,2021-06-01,11,0,0,0,11,0,0,https://data.wa.gov/Transportation/Vehicle-Title-Transactions-by-Department-of-Licens/cdk6-5kdf
Ferry,2021-07-01,10,0,0,0,10,0,0,https://data.wa.gov/Transportation/Vehicle-Title-Transactions-by-Department-of-Licens/cdk6-5kdf
Ferry,2021-08-01,10,0,0,0,10,0,0,https://data.wa.gov/Transportation/Vehicle-Title-Transactions-by-Department-of-Licens/cdk6-5kdf
Ferry,2021-09-01,12,1,0,0,13,1,0.07692307692307693,https://data.wa.gov/Transportation/Vehicle-Title-Transactions-by-Department-of-Licens/cdk6-5kdf
Ferry,2021-10-01,9,1,0,0,10,1,0.1,https://data.wa.gov/Transportation/Vehicle-Title-Transactions-by-Department-of-Licens/cdk6-5kdf
Ferry,2021-11-01,6,2,0,0,8,2,0.25,https://data.wa.gov/Transportation/Vehicle-Title-Transactions-by-Department-of-Licens/cdk6-5kdf
Ferry,2021-12-01,9,1,0,0,10,1,0.1,https://data.wa.gov/Transportation/Vehicle-Title-Transactions-by-Department-of-Licens/cdk6-5kdf
Ferry,2022-01-01,10,0,0,0,10,0,0,https://data.wa.gov/Transportation/Vehicle-Title-Transactions-by-Department-of-Licens/cdk6-5kdf
Ferry,2022-02-01,3,0,0,0,3,0,0,https://data.wa.gov/Transportation/Vehicle-Title-Transactions-by-Department-of-Licens/cdk6-5kdf
Ferry,2022-03-01,16,1,0,0,17,1,0.058823529411764705,https://data.wa.gov/Transportation/Vehicle-Title-Transactions-by-Department-of-Licens/cdk6-5kdf
Ferry,2022-04-01,9,1,0,0,10,1,0.1,https://data.wa.gov/Transportation/Vehicle-Title-Transactions-by-Department-of-Licens/cdk6-5kdf
Ferry,2022-05-01,12,0,0,0,12,0,0,https://data.wa.gov/Transportation/Vehicle-Title-Transactions-by-Department-of-Licens/cdk6-5kdf
Ferry,2022-06-01,6,0,0,0,6,0,0,https://data.wa.gov/Transportation/Vehicle-Title-Transactions-by-Department-of-Licens/cdk6-5kdf
Ferry,2022-07-01,10,0,0,0,10,0,0,https://data.wa.gov/Transportation/Vehicle-Title-Transactions-by-Department-of-Licens/cdk6-5kdf
Ferry,2022-08-01,16,0,0,0,16,0,0,https://data.wa.gov/Transportation/Vehicle-Title-Transactions-by-Department-of-Licens/cdk6-5kdf
Ferry,2022-09-01,9,1,0,0,10,1,0.1,https://data.wa.gov/Transportation/Vehicle-Title-Transactions-by-Department-of-Licens/cdk6-5kdf
Ferry,2022-10-01,8,1,0,0,9,1,0.1111111111111111,https://data.wa.gov/Transportation/Vehicle-Title-Transactions-by-Department-of-Licens/cdk6-5kdf
Ferry,2022-11-01,4,0,0,0,4,0,0,https://data.wa.gov/Transportation/Vehicle-Title-Transactions-by-Department-of-Licens/cdk6-5kdf
Ferry,2022-12-01,8,0,0,0,8,0,0,https://data.wa.gov/Transportation/Vehicle-Title-Transactions-by-Department-of-Licens/cdk6-5kdf
Ferry,2023-01-01,11,0,0,0,11,0,0,https://data.wa.gov/Transportation/Vehicle-Title-Transactions-by-Department-of-Licens/cdk6-5kdf
Ferry,2023-02-01,13,0,0,0,13,0,0,https://data.wa.gov/Transportation/Vehicle-Title-Transactions-by-Department-of-Licens/cdk6-5kdf
Ferry,2023-03-01,8,0,0,0,8,0,0,https://data.wa.gov/Transportation/Vehicle-Title-Transactions-by-Department-of-Licens/cdk6-5kdf
Ferry,2023-04-01,14,0,0,0,14,0,0,https://data.wa.gov/Transportation/Vehicle-Title-Transactions-by-Department-of-Licens/cdk6-5kdf
Ferry,2023-05-01,9,0,0,0,9,0,0,https://data.wa.gov/Transportation/Vehicle-Title-Transactions-by-Department-of-Licens/cdk6-5kdf
Ferry,2023-06-01,7,0,0,0,7,0,0,https://data.wa.gov/Transportation/Vehicle-Title-Transactions-by-Department-of-Licens/cdk6-5kdf
Ferry,2023-07-01,7,0,0,0,7,0,0,https://data.wa.gov/Transportation/Vehicle-Title-Transactions-by-Department-of-Licens/cdk6-5kdf
Ferry,2023-08-01,15,0,0,0,15,0,0,https://data.wa.gov/Transportation/Vehicle-Title-Transactions-by-Department-of-Licens/cdk6-5kdf
Ferry,2023-09-01,12,2,0,0,14,2,0.14285714285714285,https://data.wa.gov/Transportation/Vehicle-Title-Transactions-by-Department-of-Licens/cdk6-5kdf
Ferry,2023-10-01,12,0,0,0,12,0,0,https://data.wa.gov/Transportation/Vehicle-Title-Transactions-by-Department-of-Licens/cdk6-5kdf
Ferry,2023-11-01,8,0,0,0,8,0,0,https://data.wa.gov/Transportation/Vehicle-Title-Transactions-by-Department-of-Licens/cdk6-5kdf
Ferry,2023-12-01,8,0,0,0,8,0,0,https://data.wa.gov/Transportation/Vehicle-Title-Transactions-by-Department-of-Licens/cdk6-5kdf
Ferry,2024-01-01,9,1,1,0,11,2,0.18181818181818182,https://data.wa.gov/Transportation/Vehicle-Title-Transactions-by-Department-of-Licens/cdk6-5kdf
Ferry,2024-02-01,7,1,0,0,8,1,0.125,https://data.wa.gov/Transportation/Vehicle-Title-Transactions-by-Department-of-Licens/cdk6-5kdf
Ferry,2024-03-01,3,1,0,0,4,1,0.25,https://data.wa.gov/Transportation/Vehicle-Title-Transactions-by-Department-of-Licens/cdk6-5kdf
Ferry,2024-04-01,5,2,0,0,7,2,0.2857142857142857,https://data.wa.gov/Transportation/Vehicle-Title-Transactions-by-Department-of-Licens/cdk6-5kdf
Ferry,2024-05-01,12,1,0,0,13,1,0.07692307692307693,https://data.wa.gov/Transportation/Vehicle-Title-Transactions-by-Department-of-Licens/cdk6-5kdf
Ferry,2024-06-01,7,0,0,0,7,0,0,https://data.wa.gov/Transportation/Vehicle-Title-Transactions-by-Department-of-Licens/cdk6-5kdf
Ferry,2024-07-01,18,0,0,0,18,0,0,https://data.wa.gov/Transportation/Vehicle-Title-Transactions-by-Department-of-Licens/cdk6-5kdf
Ferry,2024-08-01,7,1,0,0,8,1,0.125,https://data.wa.gov/Transportation/Vehicle-Title-Transactions-by-Department-of-Licens/cdk6-5kdf
Ferry,2024-09-01,13,0,0,0,13,0,0,https://data.wa.gov/Transportation/Vehicle-Title-Transactions-by-Department-of-Licens/cdk6-5kdf
Ferry,2024-10-01,10,1,0,0,11,1,0.09090909090909091,https://data.wa.gov/Transportation/Vehicle-Title-Transactions-by-Department-of-Licens/cdk6-5kdf
Ferry,2024-11-01,9,0,0,0,9,0,0,https://data.wa.gov/Transportation/Vehicle-Title-Transactions-by-Department-of-Licens/cdk6-5kdf
Ferry,2024-12-01,6,0,0,0,6,0,0,https://data.wa.gov/Transportation/Vehicle-Title-Transactions-by-Department-of-Licens/cdk6-5kdf
Ferry,2025-01-01,9,0,0,0,9,0,0,https://data.wa.gov/Transportation/Vehicle-Title-Transactions-by-Department-of-Licens/cdk6-5kdf
Ferry,2025-02-01,8,0,0,0,8,0,0,https://data.wa.gov/Transportation/Vehicle-Title-Transactions-by-Department-of-Licens/cdk6-5kdf
Ferry,2025-03-01,11,0,1,0,12,1,0.08333333333333333,https://data.wa.gov/Transportation/Vehicle-Title-Transactions-by-Department-of-Licens/cdk6-5kdf
Ferry,2025-04-01,10,2,2,0,14,4,0.2857142857142857,https://data.wa.gov/Transportation/Vehicle-Title-Transactions-by-Department-of-Licens/cdk6-5kdf
Ferry,2025-05-01,10,0,0,0,10,0,0,https://data.wa.gov/Transportation/Vehicle-Title-Transactions-by-Department-of-Licens/cdk6-5kdf
Ferry,2025-06-01,10,0,0,0,10,0,0,https://data.wa.gov/Transportation/Vehicle-Title-Transactions-by-Department-of-Licens/cdk6-5kdf
Ferry,2025-07-01,13,0,0,0,13,0,0,https://data.wa.gov/Transportation/Vehicle-Title-Transactions-by-Department-of-Licens/cdk6-5kdf
Ferry,2025-08-01,13,0,0,0,13,0,0,https://data.wa.gov/Transportation/Vehicle-Title-Transactions-by-Department-of-Licens/cdk6-5kdf
Ferry,2025-09-01,12,1,0,0,13,1,0.07692307692307693,https://data.wa.gov/Transportation/Vehicle-Title-Transactions-by-Department-of-Licens/cdk6-5kdf
Ferry,2025-10-01,5,0,0,0,5,0,0,https://data.wa.gov/Transportation/Vehicle-Title-Transactions-by-Department-of-Licens/cdk6-5kdf
Ferry,2025-11-01,9,0,0,0,9,0,0,https://data.wa.gov/Transportation/Vehicle-Title-Transactions-by-Department-of-Licens/cdk6-5kdf
Ferry,2025-12-01,8,0,0,0,8,0,0,https://data.wa.gov/Transportation/Vehicle-Title-Transactions-by-Department-of-Licens/cdk6-5kdf
Ferry,2026-01-01,8,1,1,0,10,2,0.2,https://data.wa.gov/Transportation/Vehicle-Title-Transactions-by-Department-of-Licens/cdk6-5kdf
Ferry,2026-02-01,4,3,0,0,7,3,0.42857142857142855,https://data.wa.gov/Transportation/Vehicle-Title-Transactions-by-Department-of-Licens/cdk6-5kdf
Ferry,2026-03-01,9,0,0,0,9,0,0,https://data.wa.gov/Transportation/Vehicle-Title-Transactions-by-Department-of-Licens/cdk6-5kdf
Ferry,2026-04-01,3,2,0,0,5,2,0.4,https://data.wa.gov/Transportation/Vehicle-Title-Transactions-by-Department-of-Licens/cdk6-5kdf
Ferry,2026-05-01,3,0,0,0,3,0,0,https://data.wa.gov/Transportation/Vehicle-Title-Transactions-by-Department-of-Licens/cdk6-5kdf
Ferry,2026-06-01,13,0,0,0,13,0,0,https://data.wa.gov/Transportation/Vehicle-Title-Transactions-by-Department-of-Licens/cdk6-5kdf
Franklin,2017-01-01,181,0,0,0,181,0,0,https://data.wa.gov/Transportation/Vehicle-Title-Transactions-by-Department-of-Licens/cdk6-5kdf
Franklin,2017-02-01,122,0,0,0,122,0,0,https://data.wa.gov/Transportation/Vehicle-Title-Transactions-by-Department-of-Licens/cdk6-5kdf
Franklin,2017-03-01,211,0,2,0,213,2,0.009389671361502348,https://data.wa.gov/Transportation/Vehicle-Title-Transactions-by-Department-of-Licens/cdk6-5kdf
Franklin,2017-04-01,185,0,0,0,185,0,0,https://data.wa.gov/Transportation/Vehicle-Title-Transactions-by-Department-of-Licens/cdk6-5kdf
Franklin,2017-05-01,197,0,0,0,197,0,0,https://data.wa.gov/Transportation/Vehicle-Title-Transactions-by-Department-of-Licens/cdk6-5kdf
Franklin,2017-06-01,218,0,2,0,220,2,0.00909090909090909,https://data.wa.gov/Transportation/Vehicle-Title-Transactions-by-Department-of-Licens/cdk6-5kdf
Franklin,2017-07-01,200,0,1,0,201,1,0.004975124378109453,https://data.wa.gov/Transportation/Vehicle-Title-Transactions-by-Department-of-Licens/cdk6-5kdf
Franklin,2017-08-01,189,0,0,0,189,0,0,https://data.wa.gov/Transportation/Vehicle-Title-Transactions-by-Department-of-Licens/cdk6-5kdf
Franklin,2017-09-01,256,1,1,0,258,2,0.007751937984496124,https://data.wa.gov/Transportation/Vehicle-Title-Transactions-by-Department-of-Licens/cdk6-5kdf
Franklin,2017-10-01,235,2,1,0,238,3,0.012605042016806723,https://data.wa.gov/Transportation/Vehicle-Title-Transactions-by-Department-of-Licens/cdk6-5kdf
Franklin,2017-11-01,219,0,1,0,220,1,0.004545454545454545,https://data.wa.gov/Transportation/Vehicle-Title-Transactions-by-Department-of-Licens/cdk6-5kdf
Franklin,2017-12-01,180,0,1,0,181,1,0.0055248618784530384,https://data.wa.gov/Transportation/Vehicle-Title-Transactions-by-Department-of-Licens/cdk6-5kdf
Franklin,2018-01-01,202,1,1,0,204,2,0.00980392156862745,https://data.wa.gov/Transportation/Vehicle-Title-Transactions-by-Department-of-Licens/cdk6-5kdf
Franklin,2018-02-01,134,1,0,0,135,1,0.007407407407407408,https://data.wa.gov/Transportation/Vehicle-Title-Transactions-by-Department-of-Licens/cdk6-5kdf
Franklin,2018-03-01,228,0,3,0,231,3,0.012987012987012988,https://data.wa.gov/Transportation/Vehicle-Title-Transactions-by-Department-of-Licens/cdk6-5kdf
Franklin,2018-04-01,169,2,1,0,172,3,0.01744186046511628,https://data.wa.gov/Transportation/Vehicle-Title-Transactions-by-Department-of-Licens/cdk6-5kdf
Franklin,2018-05-01,221,0,3,0,224,3,0.013392857142857142,https://data.wa.gov/Transportation/Vehicle-Title-Transactions-by-Department-of-Licens/cdk6-5kdf
Franklin,2018-06-01,182,1,2,0,185,3,0.016216216216216217,https://data.wa.gov/Transportation/Vehicle-Title-Transactions-by-Department-of-Licens/cdk6-5kdf
Franklin,2018-07-01,208,1,1,0,210,2,0.009523809523809525,https://data.wa.gov/Transportation/Vehicle-Title-Transactions-by-Department-of-Licens/cdk6-5kdf
Franklin,2018-08-01,253,1,1,0,255,2,0.00784313725490196,https://data.wa.gov/Transportation/Vehicle-Title-Transactions-by-Department-of-Licens/cdk6-5kdf
Franklin,2018-09-01,198,0,0,0,198,0,0,https://data.wa.gov/Transportation/Vehicle-Title-Transactions-by-Department-of-Licens/cdk6-5kdf
Franklin,2018-10-01,233,0,0,0,233,0,0,https://data.wa.gov/Transportation/Vehicle-Title-Transactions-by-Department-of-Licens/cdk6-5kdf
Franklin,2018-11-01,208,3,0,0,211,3,0.014218009478672985,https://data.wa.gov/Transportation/Vehicle-Title-Transactions-by-Department-of-Licens/cdk6-5kdf
Franklin,2018-12-01,203,5,1,0,209,6,0.028708133971291867,https://data.wa.gov/Transportation/Vehicle-Title-Transactions-by-Department-of-Licens/cdk6-5kdf
Franklin,2019-01-01,207,4,0,0,211,4,0.018957345971563982,https://data.wa.gov/Transportation/Vehicle-Title-Transactions-by-Department-of-Licens/cdk6-5kdf
Franklin,2019-02-01,169,0,1,0,170,1,0.0058823529411764705,https://data.wa.gov/Transportation/Vehicle-Title-Transactions-by-Department-of-Licens/cdk6-5kdf
Franklin,2019-03-01,183,1,0,0,184,1,0.005434782608695652,https://data.wa.gov/Transportation/Vehicle-Title-Transactions-by-Department-of-Licens/cdk6-5kdf
Franklin,2019-04-01,196,0,0,0,196,0,0,https://data.wa.gov/Transportation/Vehicle-Title-Transactions-by-Department-of-Licens/cdk6-5kdf
Franklin,2019-05-01,191,0,1,0,192,1,0.005208333333333333,https://data.wa.gov/Transportation/Vehicle-Title-Transactions-by-Department-of-Licens/cdk6-5kdf
Franklin,2019-06-01,195,0,1,0,196,1,0.00510204081632653,https://data.wa.gov/Transportation/Vehicle-Title-Transactions-by-Department-of-Licens/cdk6-5kdf
Franklin,2019-07-01,217,1,1,0,219,2,0.0091324200913242,https://data.wa.gov/Transportation/Vehicle-Title-Transactions-by-Department-of-Licens/cdk6-5kdf
Franklin,2019-08-01,182,0,2,0,184,2,0.010869565217391304,https://data.wa.gov/Transportation/Vehicle-Title-Transactions-by-Department-of-Licens/cdk6-5kdf
Franklin,2019-09-01,232,1,0,0,233,1,0.004291845493562232,https://data.wa.gov/Transportation/Vehicle-Title-Transactions-by-Department-of-Licens/cdk6-5kdf
Franklin,2019-10-01,231,3,2,0,236,5,0.0211864406779661,https://data.wa.gov/Transportation/Vehicle-Title-Transactions-by-Department-of-Licens/cdk6-5kdf
Franklin,2019-11-01,197,0,0,0,197,0,0,https://data.wa.gov/Transportation/Vehicle-Title-Transactions-by-Department-of-Licens/cdk6-5kdf
Franklin,2019-12-01,222,3,0,0,225,3,0.013333333333333334,https://data.wa.gov/Transportation/Vehicle-Title-Transactions-by-Department-of-Licens/cdk6-5kdf
Franklin,2020-01-01,224,3,0,0,227,3,0.013215859030837005,https://data.wa.gov/Transportation/Vehicle-Title-Transactions-by-Department-of-Licens/cdk6-5kdf
Franklin,2020-02-01,139,1,1,0,141,2,0.014184397163120567,https://data.wa.gov/Transportation/Vehicle-Title-Transactions-by-Department-of-Licens/cdk6-5kdf
Franklin,2020-03-01,222,1,1,0,224,2,0.008928571428571428,https://data.wa.gov/Transportation/Vehicle-Title-Transactions-by-Department-of-Licens/cdk6-5kdf
Franklin,2020-04-01,67,0,0,0,67,0,0,https://data.wa.gov/Transportation/Vehicle-Title-Transactions-by-Department-of-Licens/cdk6-5kdf
Franklin,2020-05-01,113,0,0,0,113,0,0,https://data.wa.gov/Transportation/Vehicle-Title-Transactions-by-Department-of-Licens/cdk6-5kdf
Franklin,2020-06-01,186,2,0,0,188,2,0.010638297872340425,https://data.wa.gov/Transportation/Vehicle-Title-Transactions-by-Department-of-Licens/cdk6-5kdf
Franklin,2020-07-01,205,4,0,0,209,4,0.019138755980861243,https://data.wa.gov/Transportation/Vehicle-Title-Transactions-by-Department-of-Licens/cdk6-5kdf
Franklin,2020-08-01,157,0,0,0,157,0,0,https://data.wa.gov/Transportation/Vehicle-Title-Transactions-by-Department-of-Licens/cdk6-5kdf
Franklin,2020-09-01,225,1,0,0,226,1,0.004424778761061947,https://data.wa.gov/Transportation/Vehicle-Title-Transactions-by-Department-of-Licens/cdk6-5kdf
Franklin,2020-10-01,258,4,1,0,263,5,0.019011406844106463,https://data.wa.gov/Transportation/Vehicle-Title-Transactions-by-Department-of-Licens/cdk6-5kdf
Franklin,2020-11-01,192,3,1,0,196,4,0.02040816326530612,https://data.wa.gov/Transportation/Vehicle-Title-Transactions-by-Department-of-Licens/cdk6-5kdf
Franklin,2020-12-01,241,2,1,0,244,3,0.012295081967213115,https://data.wa.gov/Transportation/Vehicle-Title-Transactions-by-Department-of-Licens/cdk6-5kdf
Franklin,2021-01-01,184,5,1,0,190,6,0.031578947368421054,https://data.wa.gov/Transportation/Vehicle-Title-Transactions-by-Department-of-Licens/cdk6-5kdf
Franklin,2021-02-01,147,0,1,0,148,1,0.006756756756756757,https://data.wa.gov/Transportation/Vehicle-Title-Transactions-by-Department-of-Licens/cdk6-5kdf
Franklin,2021-03-01,233,6,0,0,239,6,0.02510460251046025,https://data.wa.gov/Transportation/Vehicle-Title-Transactions-by-Department-of-Licens/cdk6-5kdf
Franklin,2021-04-01,232,5,1,0,238,6,0.025210084033613446,https://data.wa.gov/Transportation/Vehicle-Title-Transactions-by-Department-of-Licens/cdk6-5kdf
Franklin,2021-05-01,221,5,2,0,228,7,0.03070175438596491,https://data.wa.gov/Transportation/Vehicle-Title-Transactions-by-Department-of-Licens/cdk6-5kdf
Franklin,2021-06-01,245,5,2,0,252,7,0.027777777777777776,https://data.wa.gov/Transportation/Vehicle-Title-Transactions-by-Department-of-Licens/cdk6-5kdf
Franklin,2021-07-01,227,9,2,0,238,11,0.046218487394957986,https://data.wa.gov/Transportation/Vehicle-Title-Transactions-by-Department-of-Licens/cdk6-5kdf
Franklin,2021-08-01,188,3,1,0,192,4,0.020833333333333332,https://data.wa.gov/Transportation/Vehicle-Title-Transactions-by-Department-of-Licens/cdk6-5kdf
Franklin,2021-09-01,195,2,2,0,199,4,0.020100502512562814,https://data.wa.gov/Transportation/Vehicle-Title-Transactions-by-Department-of-Licens/cdk6-5kdf
Franklin,2021-10-01,182,5,2,0,189,7,0.037037037037037035,https://data.wa.gov/Transportation/Vehicle-Title-Transactions-by-Department-of-Licens/cdk6-5kdf
Franklin,2021-11-01,183,4,1,0,188,5,0.026595744680851064,https://data.wa.gov/Transportation/Vehicle-Title-Transactions-by-Department-of-Licens/cdk6-5kdf
Franklin,2021-12-01,199,5,2,0,206,7,0.03398058252427184,https://data.wa.gov/Transportation/Vehicle-Title-Transactions-by-Department-of-Licens/cdk6-5kdf
Franklin,2022-01-01,161,5,1,0,167,6,0.03592814371257485,https://data.wa.gov/Transportation/Vehicle-Title-Transactions-by-Department-of-Licens/cdk6-5kdf
Franklin,2022-02-01,168,5,1,0,174,6,0.034482758620689655,https://data.wa.gov/Transportation/Vehicle-Title-Transactions-by-Department-of-Licens/cdk6-5kdf
Franklin,2022-03-01,220,2,3,0,225,5,0.022222222222222223,https://data.wa.gov/Transportation/Vehicle-Title-Transactions-by-Department-of-Licens/cdk6-5kdf
Franklin,2022-04-01,141,1,1,0,143,2,0.013986013986013986,https://data.wa.gov/Transportation/Vehicle-Title-Transactions-by-Department-of-Licens/cdk6-5kdf
Franklin,2022-05-01,191,0,2,0,193,2,0.010362694300518135,https://data.wa.gov/Transportation/Vehicle-Title-Transactions-by-Department-of-Licens/cdk6-5kdf
Franklin,2022-06-01,197,3,2,0,202,5,0.024752475247524754,https://data.wa.gov/Transportation/Vehicle-Title-Transactions-by-Department-of-Licens/cdk6-5kdf
Franklin,2022-07-01,200,14,1,0,215,15,0.06976744186046512,https://data.wa.gov/Transportation/Vehicle-Title-Transactions-by-Department-of-Licens/cdk6-5kdf
Franklin,2022-08-01,181,16,2,0,199,18,0.09045226130653267,https://data.wa.gov/Transportation/Vehicle-Title-Transactions-by-Department-of-Licens/cdk6-5kdf
Franklin,2022-09-01,189,5,2,0,196,7,0.03571428571428571,https://data.wa.gov/Transportation/Vehicle-Title-Transactions-by-Department-of-Licens/cdk6-5kdf
Franklin,2022-10-01,195,10,2,0,207,12,0.057971014492753624,https://data.wa.gov/Transportation/Vehicle-Title-Transactions-by-Department-of-Licens/cdk6-5kdf
Franklin,2022-11-01,222,6,4,0,232,10,0.04310344827586207,https://data.wa.gov/Transportation/Vehicle-Title-Transactions-by-Department-of-Licens/cdk6-5kdf
Franklin,2022-12-01,189,10,1,0,200,11,0.055,https://data.wa.gov/Transportation/Vehicle-Title-Transactions-by-Department-of-Licens/cdk6-5kdf
Franklin,2023-01-01,166,3,4,0,173,7,0.04046242774566474,https://data.wa.gov/Transportation/Vehicle-Title-Transactions-by-Department-of-Licens/cdk6-5kdf
Franklin,2023-02-01,166,9,1,0,176,10,0.056818181818181816,https://data.wa.gov/Transportation/Vehicle-Title-Transactions-by-Department-of-Licens/cdk6-5kdf
Franklin,2023-03-01,235,4,2,0,241,6,0.024896265560165973,https://data.wa.gov/Transportation/Vehicle-Title-Transactions-by-Department-of-Licens/cdk6-5kdf
Franklin,2023-04-01,180,9,2,0,191,11,0.05759162303664921,https://data.wa.gov/Transportation/Vehicle-Title-Transactions-by-Department-of-Licens/cdk6-5kdf
Franklin,2023-05-01,190,5,2,0,197,7,0.03553299492385787,https://data.wa.gov/Transportation/Vehicle-Title-Transactions-by-Department-of-Licens/cdk6-5kdf
Franklin,2023-06-01,222,2,3,0,227,5,0.022026431718061675,https://data.wa.gov/Transportation/Vehicle-Title-Transactions-by-Department-of-Licens/cdk6-5kdf
Franklin,2023-07-01,168,10,3,0,181,13,0.0718232044198895,https://data.wa.gov/Transportation/Vehicle-Title-Transactions-by-Department-of-Licens/cdk6-5kdf
Franklin,2023-08-01,192,21,7,0,220,28,0.12727272727272726,https://data.wa.gov/Transportation/Vehicle-Title-Transactions-by-Department-of-Licens/cdk6-5kdf
Franklin,2023-09-01,172,6,3,0,181,9,0.049723756906077346,https://data.wa.gov/Transportation/Vehicle-Title-Transactions-by-Department-of-Licens/cdk6-5kdf
Franklin,2023-10-01,201,7,2,0,210,9,0.04285714285714286,https://data.wa.gov/Transportation/Vehicle-Title-Transactions-by-Department-of-Licens/cdk6-5kdf
Franklin,2023-11-01,190,4,3,0,197,7,0.03553299492385787,https://data.wa.gov/Transportation/Vehicle-Title-Transactions-by-Department-of-Licens/cdk6-5kdf
Franklin,2023-12-01,179,6,3,0,188,9,0.047872340425531915,https://data.wa.gov/Transportation/Vehicle-Title-Transactions-by-Department-of-Licens/cdk6-5kdf
Franklin,2024-01-01,207,10,3,0,220,13,0.05909090909090909,https://data.wa.gov/Transportation/Vehicle-Title-Transactions-by-Department-of-Licens/cdk6-5kdf
Franklin,2024-02-01,165,4,5,0,174,9,0.05172413793103448,https://data.wa.gov/Transportation/Vehicle-Title-Transactions-by-Department-of-Licens/cdk6-5kdf
Franklin,2024-03-01,168,4,1,0,173,5,0.028901734104046242,https://data.wa.gov/Transportation/Vehicle-Title-Transactions-by-Department-of-Licens/cdk6-5kdf
Franklin,2024-04-01,133,14,0,0,147,14,0.09523809523809523,https://data.wa.gov/Transportation/Vehicle-Title-Transactions-by-Department-of-Licens/cdk6-5kdf
Franklin,2024-05-01,228,13,3,0,244,16,0.06557377049180328,https://data.wa.gov/Transportation/Vehicle-Title-Transactions-by-Department-of-Licens/cdk6-5kdf
Franklin,2024-06-01,166,11,3,0,180,14,0.07777777777777778,https://data.wa.gov/Transportation/Vehicle-Title-Transactions-by-Department-of-Licens/cdk6-5kdf
Franklin,2024-07-01,222,13,5,0,240,18,0.075,https://data.wa.gov/Transportation/Vehicle-Title-Transactions-by-Department-of-Licens/cdk6-5kdf
Franklin,2024-08-01,201,16,1,0,218,17,0.0779816513761468,https://data.wa.gov/Transportation/Vehicle-Title-Transactions-by-Department-of-Licens/cdk6-5kdf
Franklin,2024-09-01,160,30,2,0,192,32,0.16666666666666666,https://data.wa.gov/Transportation/Vehicle-Title-Transactions-by-Department-of-Licens/cdk6-5kdf
Franklin,2024-10-01,206,22,2,0,230,24,0.10434782608695652,https://data.wa.gov/Transportation/Vehicle-Title-Transactions-by-Department-of-Licens/cdk6-5kdf
Franklin,2024-11-01,160,17,2,0,179,19,0.10614525139664804,https://data.wa.gov/Transportation/Vehicle-Title-Transactions-by-Department-of-Licens/cdk6-5kdf
Franklin,2024-12-01,221,9,2,0,232,11,0.047413793103448273,https://data.wa.gov/Transportation/Vehicle-Title-Transactions-by-Department-of-Licens/cdk6-5kdf
Franklin,2025-01-01,190,16,10,0,216,26,0.12037037037037036,https://data.wa.gov/Transportation/Vehicle-Title-Transactions-by-Department-of-Licens/cdk6-5kdf
Franklin,2025-02-01,145,17,1,0,163,18,0.11042944785276074,https://data.wa.gov/Transportation/Vehicle-Title-Transactions-by-Department-of-Licens/cdk6-5kdf
Franklin,2025-03-01,191,15,1,0,207,16,0.07729468599033816,https://data.wa.gov/Transportation/Vehicle-Title-Transactions-by-Department-of-Licens/cdk6-5kdf
Franklin,2025-04-01,225,14,2,0,241,16,0.06639004149377593,https://data.wa.gov/Transportation/Vehicle-Title-Transactions-by-Department-of-Licens/cdk6-5kdf
Franklin,2025-05-01,185,16,7,0,208,23,0.11057692307692307,https://data.wa.gov/Transportation/Vehicle-Title-Transactions-by-Department-of-Licens/cdk6-5kdf
Franklin,2025-06-01,163,13,4,0,180,17,0.09444444444444444,https://data.wa.gov/Transportation/Vehicle-Title-Transactions-by-Department-of-Licens/cdk6-5kdf
Franklin,2025-07-01,189,10,3,0,202,13,0.06435643564356436,https://data.wa.gov/Transportation/Vehicle-Title-Transactions-by-Department-of-Licens/cdk6-5kdf
Franklin,2025-08-01,173,15,3,0,191,18,0.09424083769633508,https://data.wa.gov/Transportation/Vehicle-Title-Transactions-by-Department-of-Licens/cdk6-5kdf
Franklin,2025-09-01,207,16,4,0,227,20,0.0881057268722467,https://data.wa.gov/Transportation/Vehicle-Title-Transactions-by-Department-of-Licens/cdk6-5kdf
Franklin,2025-10-01,200,9,6,0,215,15,0.06976744186046512,https://data.wa.gov/Transportation/Vehicle-Title-Transactions-by-Department-of-Licens/cdk6-5kdf
Franklin,2025-11-01,158,7,2,0,167,9,0.05389221556886228,https://data.wa.gov/Transportation/Vehicle-Title-Transactions-by-Department-of-Licens/cdk6-5kdf
Franklin,2025-12-01,218,3,3,0,224,6,0.026785714285714284,https://data.wa.gov/Transportation/Vehicle-Title-Transactions-by-Department-of-Licens/cdk6-5kdf
Franklin,2026-01-01,148,7,6,0,161,13,0.08074534161490683,https://data.wa.gov/Transportation/Vehicle-Title-Transactions-by-Department-of-Licens/cdk6-5kdf
Franklin,2026-02-01,144,4,1,0,149,5,0.03355704697986577,https://data.wa.gov/Transportation/Vehicle-Title-Transactions-by-Department-of-Licens/cdk6-5kdf
Franklin,2026-03-01,166,12,2,0,180,14,0.07777777777777778,https://data.wa.gov/Transportation/Vehicle-Title-Transactions-by-Department-of-Licens/cdk6-5kdf
Franklin,2026-04-01,185,18,1,0,204,19,0.09313725490196079,https://data.wa.gov/Transportation/Vehicle-Title-Transactions-by-Department-of-Licens/cdk6-5kdf
Franklin,2026-05-01,152,14,2,0,168,16,0.09523809523809523,https://data.wa.gov/Transportation/Vehicle-Title-Transactions-by-Department-of-Licens/cdk6-5kdf
Franklin,2026-06-01,205,10,3,0,218,13,0.05963302752293578,https://data.wa.gov/Transportation/Vehicle-Title-Transactions-by-Department-of-Licens/cdk6-5kdf
Garfield,2017-01-01,3,0,0,0,3,0,0,https://data.wa.gov/Transportation/Vehicle-Title-Transactions-by-Department-of-Licens/cdk6-5kdf
Garfield,2017-02-01,2,0,0,0,2,0,0,https://data.wa.gov/Transportation/Vehicle-Title-Transactions-by-Department-of-Licens/cdk6-5kdf
Garfield,2017-03-01,1,0,0,0,1,0,0,https://data.wa.gov/Transportation/Vehicle-Title-Transactions-by-Department-of-Licens/cdk6-5kdf
Garfield,2017-04-01,5,0,0,0,5,0,0,https://data.wa.gov/Transportation/Vehicle-Title-Transactions-by-Department-of-Licens/cdk6-5kdf
Garfield,2017-05-01,5,0,0,0,5,0,0,https://data.wa.gov/Transportation/Vehicle-Title-Transactions-by-Department-of-Licens/cdk6-5kdf
Garfield,2017-06-01,3,0,0,0,3,0,0,https://data.wa.gov/Transportation/Vehicle-Title-Transactions-by-Department-of-Licens/cdk6-5kdf
Garfield,2017-07-01,2,0,0,0,2,0,0,https://data.wa.gov/Transportation/Vehicle-Title-Transactions-by-Department-of-Licens/cdk6-5kdf
Garfield,2017-08-01,4,0,0,0,4,0,0,https://data.wa.gov/Transportation/Vehicle-Title-Transactions-by-Department-of-Licens/cdk6-5kdf
Garfield,2017-09-01,1,0,0,0,1,0,0,https://data.wa.gov/Transportation/Vehicle-Title-Transactions-by-Department-of-Licens/cdk6-5kdf
Garfield,2017-10-01,4,0,0,0,4,0,0,https://data.wa.gov/Transportation/Vehicle-Title-Transactions-by-Department-of-Licens/cdk6-5kdf
Garfield,2017-11-01,3,0,0,0,3,0,0,https://data.wa.gov/Transportation/Vehicle-Title-Transactions-by-Department-of-Licens/cdk6-5kdf
Garfield,2017-12-01,3,0,0,0,3,0,0,https://data.wa.gov/Transportation/Vehicle-Title-Transactions-by-Department-of-Licens/cdk6-5kdf
Garfield,2018-01-01,3,0,0,0,3,0,0,https://data.wa.gov/Transportation/Vehicle-Title-Transactions-by-Department-of-Licens/cdk6-5kdf
Garfield,2018-02-01,2,0,0,0,2,0,0,https://data.wa.gov/Transportation/Vehicle-Title-Transactions-by-Department-of-Licens/cdk6-5kdf
Garfield,2018-03-01,7,0,0,0,7,0,0,https://data.wa.gov/Transportation/Vehicle-Title-Transactions-by-Department-of-Licens/cdk6-5kdf
Garfield,2018-04-01,2,0,0,0,2,0,0,https://data.wa.gov/Transportation/Vehicle-Title-Transactions-by-Department-of-Licens/cdk6-5kdf
Garfield,2018-05-01,4,0,0,0,4,0,0,https://data.wa.gov/Transportation/Vehicle-Title-Transactions-by-Department-of-Licens/cdk6-5kdf
Garfield,2018-06-01,2,0,0,0,2,0,0,https://data.wa.gov/Transportation/Vehicle-Title-Transactions-by-Department-of-Licens/cdk6-5kdf
Garfield,2018-07-01,3,0,0,0,3,0,0,https://data.wa.gov/Transportation/Vehicle-Title-Transactions-by-Department-of-Licens/cdk6-5kdf
Garfield,2018-08-01,3,0,0,0,3,0,0,https://data.wa.gov/Transportation/Vehicle-Title-Transactions-by-Department-of-Licens/cdk6-5kdf
Garfield,2018-09-01,4,0,0,0,4,0,0,https://data.wa.gov/Transportation/Vehicle-Title-Transactions-by-Department-of-Licens/cdk6-5kdf
Garfield,2018-10-01,4,0,0,0,4,0,0,https://data.wa.gov/Transportation/Vehicle-Title-Transactions-by-Department-of-Licens/cdk6-5kdf
Garfield,2018-11-01,2,0,0,0,2,0,0,https://data.wa.gov/Transportation/Vehicle-Title-Transactions-by-Department-of-Licens/cdk6-5kdf
Garfield,2018-12-01,4,0,0,0,4,0,0,https://data.wa.gov/Transportation/Vehicle-Title-Transactions-by-Department-of-Licens/cdk6-5kdf
Garfield,2019-01-01,3,0,0,0,3,0,0,https://data.wa.gov/Transportation/Vehicle-Title-Transactions-by-Department-of-Licens/cdk6-5kdf
Garfield,2019-02-01,1,0,0,0,1,0,0,https://data.wa.gov/Transportation/Vehicle-Title-Transactions-by-Department-of-Licens/cdk6-5kdf
Garfield,2019-03-01,4,0,0,0,4,0,0,https://data.wa.gov/Transportation/Vehicle-Title-Transactions-by-Department-of-Licens/cdk6-5kdf
Garfield,2019-04-01,1,0,0,0,1,0,0,https://data.wa.gov/Transportation/Vehicle-Title-Transactions-by-Department-of-Licens/cdk6-5kdf
Garfield,2019-05-01,2,0,0,0,2,0,0,https://data.wa.gov/Transportation/Vehicle-Title-Transactions-by-Department-of-Licens/cdk6-5kdf
Garfield,2019-06-01,2,0,0,0,2,0,0,https://data.wa.gov/Transportation/Vehicle-Title-Transactions-by-Department-of-Licens/cdk6-5kdf
Garfield,2019-07-01,2,0,0,0,2,0,0,https://data.wa.gov/Transportation/Vehicle-Title-Transactions-by-Department-of-Licens/cdk6-5kdf
Garfield,2019-08-01,1,0,0,0,1,0,0,https://data.wa.gov/Transportation/Vehicle-Title-Transactions-by-Department-of-Licens/cdk6-5kdf
Garfield,2019-09-01,3,0,0,0,3,0,0,https://data.wa.gov/Transportation/Vehicle-Title-Transactions-by-Department-of-Licens/cdk6-5kdf
Garfield,2019-10-01,6,0,0,0,6,0,0,https://data.wa.gov/Transportation/Vehicle-Title-Transactions-by-Department-of-Licens/cdk6-5kdf
Garfield,2019-11-01,1,0,0,0,1,0,0,https://data.wa.gov/Transportation/Vehicle-Title-Transactions-by-Department-of-Licens/cdk6-5kdf
Garfield,2019-12-01,3,0,0,0,3,0,0,https://data.wa.gov/Transportation/Vehicle-Title-Transactions-by-Department-of-Licens/cdk6-5kdf
Garfield,2020-01-01,3,0,0,0,3,0,0,https://data.wa.gov/Transportation/Vehicle-Title-Transactions-by-Department-of-Licens/cdk6-5kdf
Garfield,2020-02-01,2,0,0,0,2,0,0,https://data.wa.gov/Transportation/Vehicle-Title-Transactions-by-Department-of-Licens/cdk6-5kdf
Garfield,2020-03-01,7,0,0,0,7,0,0,https://data.wa.gov/Transportation/Vehicle-Title-Transactions-by-Department-of-Licens/cdk6-5kdf
Garfield,2020-04-01,2,0,0,0,2,0,0,https://data.wa.gov/Transportation/Vehicle-Title-Transactions-by-Department-of-Licens/cdk6-5kdf
Garfield,2020-05-01,5,0,0,0,5,0,0,https://data.wa.gov/Transportation/Vehicle-Title-Transactions-by-Department-of-Licens/cdk6-5kdf
Garfield,2020-06-01,5,0,0,0,5,0,0,https://data.wa.gov/Transportation/Vehicle-Title-Transactions-by-Department-of-Licens/cdk6-5kdf
Garfield,2020-07-01,2,0,0,0,2,0,0,https://data.wa.gov/Transportation/Vehicle-Title-Transactions-by-Department-of-Licens/cdk6-5kdf
Garfield,2020-08-01,4,0,0,0,4,0,0,https://data.wa.gov/Transportation/Vehicle-Title-Transactions-by-Department-of-Licens/cdk6-5kdf
Garfield,2020-09-01,3,0,0,0,3,0,0,https://data.wa.gov/Transportation/Vehicle-Title-Transactions-by-Department-of-Licens/cdk6-5kdf
Garfield,2020-10-01,2,0,0,0,2,0,0,https://data.wa.gov/Transportation/Vehicle-Title-Transactions-by-Department-of-Licens/cdk6-5kdf
Garfield,2020-11-01,5,0,0,0,5,0,0,https://data.wa.gov/Transportation/Vehicle-Title-Transactions-by-Department-of-Licens/cdk6-5kdf
Garfield,2020-12-01,11,0,0,0,11,0,0,https://data.wa.gov/Transportation/Vehicle-Title-Transactions-by-Department-of-Licens/cdk6-5kdf
Garfield,2021-01-01,6,0,0,0,6,0,0,https://data.wa.gov/Transportation/Vehicle-Title-Transactions-by-Department-of-Licens/cdk6-5kdf
Garfield,2021-02-01,4,0,0,0,4,0,0,https://data.wa.gov/Transportation/Vehicle-Title-Transactions-by-Department-of-Licens/cdk6-5kdf
Garfield,2021-03-01,7,0,0,0,7,0,0,https://data.wa.gov/Transportation/Vehicle-Title-Transactions-by-Department-of-Licens/cdk6-5kdf
Garfield,2021-04-01,6,0,0,0,6,0,0,https://data.wa.gov/Transportation/Vehicle-Title-Transactions-by-Department-of-Licens/cdk6-5kdf
Garfield,2021-05-01,6,0,0,0,6,0,0,https://data.wa.gov/Transportation/Vehicle-Title-Transactions-by-Department-of-Licens/cdk6-5kdf
Garfield,2021-06-01,2,0,1,0,3,1,0.3333333333333333,https://data.wa.gov/Transportation/Vehicle-Title-Transactions-by-Department-of-Licens/cdk6-5kdf
Garfield,2021-07-01,3,0,0,0,3,0,0,https://data.wa.gov/Transportation/Vehicle-Title-Transactions-by-Department-of-Licens/cdk6-5kdf
Garfield,2021-08-01,2,0,0,0,2,0,0,https://data.wa.gov/Transportation/Vehicle-Title-Transactions-by-Department-of-Licens/cdk6-5kdf
Garfield,2021-09-01,8,0,0,0,8,0,0,https://data.wa.gov/Transportation/Vehicle-Title-Transactions-by-Department-of-Licens/cdk6-5kdf
Garfield,2021-10-01,1,0,0,0,1,0,0,https://data.wa.gov/Transportation/Vehicle-Title-Transactions-by-Department-of-Licens/cdk6-5kdf
Garfield,2021-11-01,3,0,0,0,3,0,0,https://data.wa.gov/Transportation/Vehicle-Title-Transactions-by-Department-of-Licens/cdk6-5kdf
Garfield,2021-12-01,4,0,0,0,4,0,0,https://data.wa.gov/Transportation/Vehicle-Title-Transactions-by-Department-of-Licens/cdk6-5kdf
Garfield,2022-01-01,3,0,0,0,3,0,0,https://data.wa.gov/Transportation/Vehicle-Title-Transactions-by-Department-of-Licens/cdk6-5kdf
Garfield,2022-03-01,5,0,0,0,5,0,0,https://data.wa.gov/Transportation/Vehicle-Title-Transactions-by-Department-of-Licens/cdk6-5kdf
Garfield,2022-04-01,2,0,0,0,2,0,0,https://data.wa.gov/Transportation/Vehicle-Title-Transactions-by-Department-of-Licens/cdk6-5kdf
Garfield,2022-05-01,2,0,0,0,2,0,0,https://data.wa.gov/Transportation/Vehicle-Title-Transactions-by-Department-of-Licens/cdk6-5kdf
Garfield,2022-06-01,5,0,0,0,5,0,0,https://data.wa.gov/Transportation/Vehicle-Title-Transactions-by-Department-of-Licens/cdk6-5kdf
Garfield,2022-08-01,1,0,0,0,1,0,0,https://data.wa.gov/Transportation/Vehicle-Title-Transactions-by-Department-of-Licens/cdk6-5kdf
Garfield,2022-09-01,4,0,0,0,4,0,0,https://data.wa.gov/Transportation/Vehicle-Title-Transactions-by-Department-of-Licens/cdk6-5kdf
Garfield,2022-10-01,3,0,0,0,3,0,0,https://data.wa.gov/Transportation/Vehicle-Title-Transactions-by-Department-of-Licens/cdk6-5kdf
Garfield,2022-11-01,1,0,0,0,1,0,0,https://data.wa.gov/Transportation/Vehicle-Title-Transactions-by-Department-of-Licens/cdk6-5kdf
Garfield,2022-12-01,4,0,0,0,4,0,0,https://data.wa.gov/Transportation/Vehicle-Title-Transactions-by-Department-of-Licens/cdk6-5kdf
Garfield,2023-01-01,5,0,0,0,5,0,0,https://data.wa.gov/Transportation/Vehicle-Title-Transactions-by-Department-of-Licens/cdk6-5kdf
Garfield,2023-02-01,2,0,0,0,2,0,0,https://data.wa.gov/Transportation/Vehicle-Title-Transactions-by-Department-of-Licens/cdk6-5kdf
Garfield,2023-03-01,6,0,0,0,6,0,0,https://data.wa.gov/Transportation/Vehicle-Title-Transactions-by-Department-of-Licens/cdk6-5kdf
Garfield,2023-04-01,4,0,0,0,4,0,0,https://data.wa.gov/Transportation/Vehicle-Title-Transactions-by-Department-of-Licens/cdk6-5kdf
Garfield,2023-05-01,5,0,0,0,5,0,0,https://data.wa.gov/Transportation/Vehicle-Title-Transactions-by-Department-of-Licens/cdk6-5kdf
Garfield,2023-06-01,4,0,0,0,4,0,0,https://data.wa.gov/Transportation/Vehicle-Title-Transactions-by-Department-of-Licens/cdk6-5kdf
Garfield,2023-07-01,8,0,0,0,8,0,0,https://data.wa.gov/Transportation/Vehicle-Title-Transactions-by-Department-of-Licens/cdk6-5kdf
Garfield,2023-08-01,4,0,0,0,4,0,0,https://data.wa.gov/Transportation/Vehicle-Title-Transactions-by-Department-of-Licens/cdk6-5kdf
Garfield,2023-09-01,1,0,0,0,1,0,0,https://data.wa.gov/Transportation/Vehicle-Title-Transactions-by-Department-of-Licens/cdk6-5kdf
Garfield,2023-10-01,2,0,0,0,2,0,0,https://data.wa.gov/Transportation/Vehicle-Title-Transactions-by-Department-of-Licens/cdk6-5kdf
Garfield,2023-11-01,4,0,0,0,4,0,0,https://data.wa.gov/Transportation/Vehicle-Title-Transactions-by-Department-of-Licens/cdk6-5kdf
Garfield,2023-12-01,5,0,0,0,5,0,0,https://data.wa.gov/Transportation/Vehicle-Title-Transactions-by-Department-of-Licens/cdk6-5kdf
Garfield,2024-01-01,4,0,0,0,4,0,0,https://data.wa.gov/Transportation/Vehicle-Title-Transactions-by-Department-of-Licens/cdk6-5kdf
Garfield,2024-02-01,2,0,0,0,2,0,0,https://data.wa.gov/Transportation/Vehicle-Title-Transactions-by-Department-of-Licens/cdk6-5kdf
Garfield,2024-03-01,1,0,0,0,1,0,0,https://data.wa.gov/Transportation/Vehicle-Title-Transactions-by-Department-of-Licens/cdk6-5kdf
Garfield,2024-04-01,6,0,0,0,6,0,0,https://data.wa.gov/Transportation/Vehicle-Title-Transactions-by-Department-of-Licens/cdk6-5kdf
Garfield,2024-05-01,4,0,0,0,4,0,0,https://data.wa.gov/Transportation/Vehicle-Title-Transactions-by-Department-of-Licens/cdk6-5kdf
Garfield,2024-06-01,1,0,0,0,1,0,0,https://data.wa.gov/Transportation/Vehicle-Title-Transactions-by-Department-of-Licens/cdk6-5kdf
Garfield,2024-07-01,2,0,0,0,2,0,0,https://data.wa.gov/Transportation/Vehicle-Title-Transactions-by-Department-of-Licens/cdk6-5kdf
Garfield,2024-08-01,1,0,0,0,1,0,0,https://data.wa.gov/Transportation/Vehicle-Title-Transactions-by-Department-of-Licens/cdk6-5kdf
Garfield,2024-09-01,6,0,0,0,6,0,0,https://data.wa.gov/Transportation/Vehicle-Title-Transactions-by-Department-of-Licens/cdk6-5kdf
Garfield,2024-10-01,2,0,0,0,2,0,0,https://data.wa.gov/Transportation/Vehicle-Title-Transactions-by-Department-of-Licens/cdk6-5kdf
Garfield,2024-11-01,1,0,0,0,1,0,0,https://data.wa.gov/Transportation/Vehicle-Title-Transactions-by-Department-of-Licens/cdk6-5kdf
Garfield,2024-12-01,2,0,0,0,2,0,0,https://data.wa.gov/Transportation/Vehicle-Title-Transactions-by-Department-of-Licens/cdk6-5kdf
Garfield,2025-01-01,4,0,0,0,4,0,0,https://data.wa.gov/Transportation/Vehicle-Title-Transactions-by-Department-of-Licens/cdk6-5kdf
Garfield,2025-02-01,1,0,0,0,1,0,0,https://data.wa.gov/Transportation/Vehicle-Title-Transactions-by-Department-of-Licens/cdk6-5kdf
Garfield,2025-03-01,8,0,0,0,8,0,0,https://data.wa.gov/Transportation/Vehicle-Title-Transactions-by-Department-of-Licens/cdk6-5kdf
Garfield,2025-04-01,4,0,0,0,4,0,0,https://data.wa.gov/Transportation/Vehicle-Title-Transactions-by-Department-of-Licens/cdk6-5kdf
Garfield,2025-05-01,4,0,0,0,4,0,0,https://data.wa.gov/Transportation/Vehicle-Title-Transactions-by-Department-of-Licens/cdk6-5kdf
Garfield,2025-06-01,2,0,0,0,2,0,0,https://data.wa.gov/Transportation/Vehicle-Title-Transactions-by-Department-of-Licens/cdk6-5kdf
Garfield,2025-07-01,5,0,0,0,5,0,0,https://data.wa.gov/Transportation/Vehicle-Title-Transactions-by-Department-of-Licens/cdk6-5kdf
Garfield,2025-08-01,6,0,0,0,6,0,0,https://data.wa.gov/Transportation/Vehicle-Title-Transactions-by-Department-of-Licens/cdk6-5kdf
Garfield,2025-09-01,5,0,0,0,5,0,0,https://data.wa.gov/Transportation/Vehicle-Title-Transactions-by-Department-of-Licens/cdk6-5kdf
Garfield,2025-10-01,5,0,0,0,5,0,0,https://data.wa.gov/Transportation/Vehicle-Title-Transactions-by-Department-of-Licens/cdk6-5kdf
Garfield,2025-11-01,4,0,0,0,4,0,0,https://data.wa.gov/Transportation/Vehicle-Title-Transactions-by-Department-of-Licens/cdk6-5kdf
Garfield,2025-12-01,3,0,0,0,3,0,0,https://data.wa.gov/Transportation/Vehicle-Title-Transactions-by-Department-of-Licens/cdk6-5kdf
Garfield,2026-01-01,3,0,0,0,3,0,0,https://data.wa.gov/Transportation/Vehicle-Title-Transactions-by-Department-of-Licens/cdk6-5kdf
Garfield,2026-02-01,3,0,0,0,3,0,0,https://data.wa.gov/Transportation/Vehicle-Title-Transactions-by-Department-of-Licens/cdk6-5kdf
Garfield,2026-03-01,4,0,0,0,4,0,0,https://data.wa.gov/Transportation/Vehicle-Title-Transactions-by-Department-of-Licens/cdk6-5kdf
Garfield,2026-04-01,6,0,0,0,6,0,0,https://data.wa.gov/Transportation/Vehicle-Title-Transactions-by-Department-of-Licens/cdk6-5kdf
Garfield,2026-05-01,4,0,0,0,4,0,0,https://data.wa.gov/Transportation/Vehicle-Title-Transactions-by-Department-of-Licens/cdk6-5kdf
Garfield,2026-06-01,9,0,0,0,9,0,0,https://data.wa.gov/Transportation/Vehicle-Title-Transactions-by-Department-of-Licens/cdk6-5kdf
Grant,2017-01-01,165,0,0,0,165,0,0,https://data.wa.gov/Transportation/Vehicle-Title-Transactions-by-Department-of-Licens/cdk6-5kdf
Grant,2017-02-01,126,1,0,0,127,1,0.007874015748031496,https://data.wa.gov/Transportation/Vehicle-Title-Transactions-by-Department-of-Licens/cdk6-5kdf
Grant,2017-03-01,166,0,0,0,166,0,0,https://data.wa.gov/Transportation/Vehicle-Title-Transactions-by-Department-of-Licens/cdk6-5kdf
Grant,2017-04-01,165,0,0,0,165,0,0,https://data.wa.gov/Transportation/Vehicle-Title-Transactions-by-Department-of-Licens/cdk6-5kdf
Grant,2017-05-01,181,0,2,0,183,2,0.01092896174863388,https://data.wa.gov/Transportation/Vehicle-Title-Transactions-by-Department-of-Licens/cdk6-5kdf
Grant,2017-06-01,144,0,1,0,145,1,0.006896551724137931,https://data.wa.gov/Transportation/Vehicle-Title-Transactions-by-Department-of-Licens/cdk6-5kdf
Grant,2017-07-01,174,0,0,0,174,0,0,https://data.wa.gov/Transportation/Vehicle-Title-Transactions-by-Department-of-Licens/cdk6-5kdf
Grant,2017-08-01,178,0,1,0,179,1,0.00558659217877095,https://data.wa.gov/Transportation/Vehicle-Title-Transactions-by-Department-of-Licens/cdk6-5kdf
Grant,2017-09-01,200,1,0,0,201,1,0.004975124378109453,https://data.wa.gov/Transportation/Vehicle-Title-Transactions-by-Department-of-Licens/cdk6-5kdf
Grant,2017-10-01,184,0,0,0,184,0,0,https://data.wa.gov/Transportation/Vehicle-Title-Transactions-by-Department-of-Licens/cdk6-5kdf
Grant,2017-11-01,166,0,0,0,166,0,0,https://data.wa.gov/Transportation/Vehicle-Title-Transactions-by-Department-of-Licens/cdk6-5kdf
Grant,2017-12-01,170,0,1,0,171,1,0.005847953216374269,https://data.wa.gov/Transportation/Vehicle-Title-Transactions-by-Department-of-Licens/cdk6-5kdf
Grant,2018-01-01,174,2,1,0,177,3,0.01694915254237288,https://data.wa.gov/Transportation/Vehicle-Title-Transactions-by-Department-of-Licens/cdk6-5kdf
Grant,2018-02-01,126,1,2,0,129,3,0.023255813953488372,https://data.wa.gov/Transportation/Vehicle-Title-Transactions-by-Department-of-Licens/cdk6-5kdf
Grant,2018-03-01,150,1,2,0,153,3,0.0196078431372549,https://data.wa.gov/Transportation/Vehicle-Title-Transactions-by-Department-of-Licens/cdk6-5kdf
Grant,2018-04-01,178,1,0,0,179,1,0.00558659217877095,https://data.wa.gov/Transportation/Vehicle-Title-Transactions-by-Department-of-Licens/cdk6-5kdf
Grant,2018-05-01,186,0,2,0,188,2,0.010638297872340425,https://data.wa.gov/Transportation/Vehicle-Title-Transactions-by-Department-of-Licens/cdk6-5kdf
Grant,2018-06-01,169,0,1,0,170,1,0.0058823529411764705,https://data.wa.gov/Transportation/Vehicle-Title-Transactions-by-Department-of-Licens/cdk6-5kdf
Grant,2018-07-01,158,0,1,0,159,1,0.006289308176100629,https://data.wa.gov/Transportation/Vehicle-Title-Transactions-by-Department-of-Licens/cdk6-5kdf
Grant,2018-08-01,198,1,2,0,201,3,0.014925373134328358,https://data.wa.gov/Transportation/Vehicle-Title-Transactions-by-Department-of-Licens/cdk6-5kdf
Grant,2018-09-01,186,0,0,0,186,0,0,https://data.wa.gov/Transportation/Vehicle-Title-Transactions-by-Department-of-Licens/cdk6-5kdf
Grant,2018-10-01,160,1,0,0,161,1,0.006211180124223602,https://data.wa.gov/Transportation/Vehicle-Title-Transactions-by-Department-of-Licens/cdk6-5kdf
Grant,2018-11-01,171,0,1,0,172,1,0.005813953488372093,https://data.wa.gov/Transportation/Vehicle-Title-Transactions-by-Department-of-Licens/cdk6-5kdf
Grant,2018-12-01,185,3,1,0,189,4,0.021164021164021163,https://data.wa.gov/Transportation/Vehicle-Title-Transactions-by-Department-of-Licens/cdk6-5kdf
Grant,2019-01-01,206,0,0,0,206,0,0,https://data.wa.gov/Transportation/Vehicle-Title-Transactions-by-Department-of-Licens/cdk6-5kdf
Grant,2019-02-01,137,1,1,0,139,2,0.014388489208633094,https://data.wa.gov/Transportation/Vehicle-Title-Transactions-by-Department-of-Licens/cdk6-5kdf
Grant,2019-03-01,146,1,0,0,147,1,0.006802721088435374,https://data.wa.gov/Transportation/Vehicle-Title-Transactions-by-Department-of-Licens/cdk6-5kdf
Grant,2019-04-01,196,1,1,0,198,2,0.010101010101010102,https://data.wa.gov/Transportation/Vehicle-Title-Transactions-by-Department-of-Licens/cdk6-5kdf
Grant,2019-05-01,178,1,1,0,180,2,0.011111111111111112,https://data.wa.gov/Transportation/Vehicle-Title-Transactions-by-Department-of-Licens/cdk6-5kdf
Grant,2019-06-01,172,0,1,0,173,1,0.005780346820809248,https://data.wa.gov/Transportation/Vehicle-Title-Transactions-by-Department-of-Licens/cdk6-5kdf
Grant,2019-07-01,165,1,0,0,166,1,0.006024096385542169,https://data.wa.gov/Transportation/Vehicle-Title-Transactions-by-Department-of-Licens/cdk6-5kdf
Grant,2019-08-01,195,1,0,0,196,1,0.00510204081632653,https://data.wa.gov/Transportation/Vehicle-Title-Transactions-by-Department-of-Licens/cdk6-5kdf
Grant,2019-09-01,201,1,1,0,203,2,0.009852216748768473,https://data.wa.gov/Transportation/Vehicle-Title-Transactions-by-Department-of-Licens/cdk6-5kdf
Grant,2019-10-01,210,3,0,0,213,3,0.014084507042253521,https://data.wa.gov/Transportation/Vehicle-Title-Transactions-by-Department-of-Licens/cdk6-5kdf
Grant,2019-11-01,168,0,1,0,169,1,0.005917159763313609,https://data.wa.gov/Transportation/Vehicle-Title-Transactions-by-Department-of-Licens/cdk6-5kdf
Grant,2019-12-01,170,1,0,0,171,1,0.005847953216374269,https://data.wa.gov/Transportation/Vehicle-Title-Transactions-by-Department-of-Licens/cdk6-5kdf
Grant,2020-01-01,183,3,0,0,186,3,0.016129032258064516,https://data.wa.gov/Transportation/Vehicle-Title-Transactions-by-Department-of-Licens/cdk6-5kdf
Grant,2020-02-01,147,1,0,0,148,1,0.006756756756756757,https://data.wa.gov/Transportation/Vehicle-Title-Transactions-by-Department-of-Licens/cdk6-5kdf
Grant,2020-03-01,154,1,0,0,155,1,0.0064516129032258064,https://data.wa.gov/Transportation/Vehicle-Title-Transactions-by-Department-of-Licens/cdk6-5kdf
Grant,2020-04-01,84,0,0,0,84,0,0,https://data.wa.gov/Transportation/Vehicle-Title-Transactions-by-Department-of-Licens/cdk6-5kdf
Grant,2020-05-01,83,0,0,0,83,0,0,https://data.wa.gov/Transportation/Vehicle-Title-Transactions-by-Department-of-Licens/cdk6-5kdf
Grant,2020-06-01,202,1,0,0,203,1,0.0049261083743842365,https://data.wa.gov/Transportation/Vehicle-Title-Transactions-by-Department-of-Licens/cdk6-5kdf
Grant,2020-07-01,164,3,0,0,167,3,0.017964071856287425,https://data.wa.gov/Transportation/Vehicle-Title-Transactions-by-Department-of-Licens/cdk6-5kdf
Grant,2020-08-01,150,3,0,0,153,3,0.0196078431372549,https://data.wa.gov/Transportation/Vehicle-Title-Transactions-by-Department-of-Licens/cdk6-5kdf
Grant,2020-09-01,208,2,1,0,211,3,0.014218009478672985,https://data.wa.gov/Transportation/Vehicle-Title-Transactions-by-Department-of-Licens/cdk6-5kdf
Grant,2020-10-01,176,3,0,0,179,3,0.01675977653631285,https://data.wa.gov/Transportation/Vehicle-Title-Transactions-by-Department-of-Licens/cdk6-5kdf
Grant,2020-11-01,169,3,0,0,172,3,0.01744186046511628,https://data.wa.gov/Transportation/Vehicle-Title-Transactions-by-Department-of-Licens/cdk6-5kdf
Grant,2020-12-01,184,1,1,0,186,2,0.010752688172043012,https://data.wa.gov/Transportation/Vehicle-Title-Transactions-by-Department-of-Licens/cdk6-5kdf
Grant,2021-01-01,203,4,0,0,207,4,0.01932367149758454,https://data.wa.gov/Transportation/Vehicle-Title-Transactions-by-Department-of-Licens/cdk6-5kdf
Grant,2021-02-01,154,1,0,0,155,1,0.0064516129032258064,https://data.wa.gov/Transportation/Vehicle-Title-Transactions-by-Department-of-Licens/cdk6-5kdf
Grant,2021-03-01,214,2,1,0,217,3,0.013824884792626729,https://data.wa.gov/Transportation/Vehicle-Title-Transactions-by-Department-of-Licens/cdk6-5kdf
Grant,2021-04-01,211,6,0,0,217,6,0.027649769585253458,https://data.wa.gov/Transportation/Vehicle-Title-Transactions-by-Department-of-Licens/cdk6-5kdf
Grant,2021-05-01,238,2,0,0,240,2,0.008333333333333333,https://data.wa.gov/Transportation/Vehicle-Title-Transactions-by-Department-of-Licens/cdk6-5kdf
Grant,2021-06-01,225,2,3,0,230,5,0.021739130434782608,https://data.wa.gov/Transportation/Vehicle-Title-Transactions-by-Department-of-Licens/cdk6-5kdf
Grant,2021-07-01,160,11,1,0,172,12,0.06976744186046512,https://data.wa.gov/Transportation/Vehicle-Title-Transactions-by-Department-of-Licens/cdk6-5kdf
Grant,2021-08-01,187,3,0,0,190,3,0.015789473684210527,https://data.wa.gov/Transportation/Vehicle-Title-Transactions-by-Department-of-Licens/cdk6-5kdf
Grant,2021-09-01,182,1,0,0,183,1,0.00546448087431694,https://data.wa.gov/Transportation/Vehicle-Title-Transactions-by-Department-of-Licens/cdk6-5kdf
Grant,2021-10-01,144,1,0,0,145,1,0.006896551724137931,https://data.wa.gov/Transportation/Vehicle-Title-Transactions-by-Department-of-Licens/cdk6-5kdf
Grant,2021-11-01,147,1,2,0,150,3,0.02,https://data.wa.gov/Transportation/Vehicle-Title-Transactions-by-Department-of-Licens/cdk6-5kdf
Grant,2021-12-01,173,5,1,0,179,6,0.0335195530726257,https://data.wa.gov/Transportation/Vehicle-Title-Transactions-by-Department-of-Licens/cdk6-5kdf
Grant,2022-01-01,151,3,1,0,155,4,0.025806451612903226,https://data.wa.gov/Transportation/Vehicle-Title-Transactions-by-Department-of-Licens/cdk6-5kdf
Grant,2022-02-01,153,2,0,0,155,2,0.012903225806451613,https://data.wa.gov/Transportation/Vehicle-Title-Transactions-by-Department-of-Licens/cdk6-5kdf
Grant,2022-03-01,220,2,0,0,222,2,0.009009009009009009,https://data.wa.gov/Transportation/Vehicle-Title-Transactions-by-Department-of-Licens/cdk6-5kdf
Grant,2022-04-01,184,5,1,0,190,6,0.031578947368421054,https://data.wa.gov/Transportation/Vehicle-Title-Transactions-by-Department-of-Licens/cdk6-5kdf
Grant,2022-05-01,180,2,1,0,183,3,0.01639344262295082,https://data.wa.gov/Transportation/Vehicle-Title-Transactions-by-Department-of-Licens/cdk6-5kdf
Grant,2022-06-01,178,6,1,0,185,7,0.03783783783783784,https://data.wa.gov/Transportation/Vehicle-Title-Transactions-by-Department-of-Licens/cdk6-5kdf
Grant,2022-07-01,156,7,0,0,163,7,0.04294478527607362,https://data.wa.gov/Transportation/Vehicle-Title-Transactions-by-Department-of-Licens/cdk6-5kdf
Grant,2022-08-01,188,12,1,0,201,13,0.06467661691542288,https://data.wa.gov/Transportation/Vehicle-Title-Transactions-by-Department-of-Licens/cdk6-5kdf
Grant,2022-09-01,136,6,1,0,143,7,0.04895104895104895,https://data.wa.gov/Transportation/Vehicle-Title-Transactions-by-Department-of-Licens/cdk6-5kdf
Grant,2022-10-01,148,10,1,0,159,11,0.06918238993710692,https://data.wa.gov/Transportation/Vehicle-Title-Transactions-by-Department-of-Licens/cdk6-5kdf
Grant,2022-11-01,152,9,2,0,163,11,0.06748466257668712,https://data.wa.gov/Transportation/Vehicle-Title-Transactions-by-Department-of-Licens/cdk6-5kdf
Grant,2022-12-01,163,6,2,0,171,8,0.04678362573099415,https://data.wa.gov/Transportation/Vehicle-Title-Transactions-by-Department-of-Licens/cdk6-5kdf
Grant,2023-01-01,202,3,0,0,205,3,0.014634146341463415,https://data.wa.gov/Transportation/Vehicle-Title-Transactions-by-Department-of-Licens/cdk6-5kdf
Grant,2023-02-01,152,7,1,0,160,8,0.05,https://data.wa.gov/Transportation/Vehicle-Title-Transactions-by-Department-of-Licens/cdk6-5kdf
Grant,2023-03-01,209,7,1,0,217,8,0.03686635944700461,https://data.wa.gov/Transportation/Vehicle-Title-Transactions-by-Department-of-Licens/cdk6-5kdf
Grant,2023-04-01,159,8,2,0,169,10,0.05917159763313609,https://data.wa.gov/Transportation/Vehicle-Title-Transactions-by-Department-of-Licens/cdk6-5kdf
Grant,2023-05-01,206,8,6,0,220,14,0.06363636363636363,https://data.wa.gov/Transportation/Vehicle-Title-Transactions-by-Department-of-Licens/cdk6-5kdf
Grant,2023-06-01,174,8,2,0,184,10,0.05434782608695652,https://data.wa.gov/Transportation/Vehicle-Title-Transactions-by-Department-of-Licens/cdk6-5kdf
Grant,2023-07-01,166,11,6,0,183,17,0.09289617486338798,https://data.wa.gov/Transportation/Vehicle-Title-Transactions-by-Department-of-Licens/cdk6-5kdf
Grant,2023-08-01,208,5,4,0,217,9,0.041474654377880185,https://data.wa.gov/Transportation/Vehicle-Title-Transactions-by-Department-of-Licens/cdk6-5kdf
Grant,2023-09-01,153,13,7,0,173,20,0.11560693641618497,https://data.wa.gov/Transportation/Vehicle-Title-Transactions-by-Department-of-Licens/cdk6-5kdf
Grant,2023-10-01,197,15,9,0,221,24,0.1085972850678733,https://data.wa.gov/Transportation/Vehicle-Title-Transactions-by-Department-of-Licens/cdk6-5kdf
Grant,2023-11-01,169,7,3,0,179,10,0.055865921787709494,https://data.wa.gov/Transportation/Vehicle-Title-Transactions-by-Department-of-Licens/cdk6-5kdf
Grant,2023-12-01,166,10,5,0,181,15,0.08287292817679558,https://data.wa.gov/Transportation/Vehicle-Title-Transactions-by-Department-of-Licens/cdk6-5kdf
Grant,2024-01-01,199,11,2,0,212,13,0.06132075471698113,https://data.wa.gov/Transportation/Vehicle-Title-Transactions-by-Department-of-Licens/cdk6-5kdf
Grant,2024-02-01,138,3,0,0,141,3,0.02127659574468085,https://data.wa.gov/Transportation/Vehicle-Title-Transactions-by-Department-of-Licens/cdk6-5kdf
Grant,2024-03-01,150,6,2,0,158,8,0.05063291139240506,https://data.wa.gov/Transportation/Vehicle-Title-Transactions-by-Department-of-Licens/cdk6-5kdf
Grant,2024-04-01,154,13,7,0,174,20,0.11494252873563218,https://data.wa.gov/Transportation/Vehicle-Title-Transactions-by-Department-of-Licens/cdk6-5kdf
Grant,2024-05-01,190,7,8,0,205,15,0.07317073170731707,https://data.wa.gov/Transportation/Vehicle-Title-Transactions-by-Department-of-Licens/cdk6-5kdf
Grant,2024-06-01,171,10,4,0,185,14,0.07567567567567568,https://data.wa.gov/Transportation/Vehicle-Title-Transactions-by-Department-of-Licens/cdk6-5kdf
Grant,2024-07-01,181,10,10,0,201,20,0.09950248756218906,https://data.wa.gov/Transportation/Vehicle-Title-Transactions-by-Department-of-Licens/cdk6-5kdf
Grant,2024-08-01,159,15,4,0,178,19,0.10674157303370786,https://data.wa.gov/Transportation/Vehicle-Title-Transactions-by-Department-of-Licens/cdk6-5kdf
Grant,2024-09-01,156,19,5,0,180,24,0.13333333333333333,https://data.wa.gov/Transportation/Vehicle-Title-Transactions-by-Department-of-Licens/cdk6-5kdf
Grant,2024-10-01,206,23,3,0,232,26,0.11206896551724138,https://data.wa.gov/Transportation/Vehicle-Title-Transactions-by-Department-of-Licens/cdk6-5kdf
Grant,2024-11-01,156,8,6,0,170,14,0.08235294117647059,https://data.wa.gov/Transportation/Vehicle-Title-Transactions-by-Department-of-Licens/cdk6-5kdf
Grant,2024-12-01,163,15,6,0,184,21,0.11413043478260869,https://data.wa.gov/Transportation/Vehicle-Title-Transactions-by-Department-of-Licens/cdk6-5kdf
Grant,2025-01-01,189,16,11,0,216,27,0.125,https://data.wa.gov/Transportation/Vehicle-Title-Transactions-by-Department-of-Licens/cdk6-5kdf
Grant,2025-02-01,147,10,5,0,162,15,0.09259259259259259,https://data.wa.gov/Transportation/Vehicle-Title-Transactions-by-Department-of-Licens/cdk6-5kdf
Grant,2025-03-01,143,8,1,0,152,9,0.05921052631578947,https://data.wa.gov/Transportation/Vehicle-Title-Transactions-by-Department-of-Licens/cdk6-5kdf
Grant,2025-04-01,190,18,3,0,211,21,0.0995260663507109,https://data.wa.gov/Transportation/Vehicle-Title-Transactions-by-Department-of-Licens/cdk6-5kdf
Grant,2025-05-01,167,9,4,0,180,13,0.07222222222222222,https://data.wa.gov/Transportation/Vehicle-Title-Transactions-by-Department-of-Licens/cdk6-5kdf
Grant,2025-06-01,186,6,1,0,193,7,0.03626943005181347,https://data.wa.gov/Transportation/Vehicle-Title-Transactions-by-Department-of-Licens/cdk6-5kdf
Grant,2025-07-01,196,20,3,0,219,23,0.1050228310502283,https://data.wa.gov/Transportation/Vehicle-Title-Transactions-by-Department-of-Licens/cdk6-5kdf
Grant,2025-08-01,136,20,2,0,158,22,0.13924050632911392,https://data.wa.gov/Transportation/Vehicle-Title-Transactions-by-Department-of-Licens/cdk6-5kdf
Grant,2025-09-01,132,18,3,0,153,21,0.13725490196078433,https://data.wa.gov/Transportation/Vehicle-Title-Transactions-by-Department-of-Licens/cdk6-5kdf
Grant,2025-10-01,154,26,2,0,182,28,0.15384615384615385,https://data.wa.gov/Transportation/Vehicle-Title-Transactions-by-Department-of-Licens/cdk6-5kdf
Grant,2025-11-01,170,4,1,0,175,5,0.02857142857142857,https://data.wa.gov/Transportation/Vehicle-Title-Transactions-by-Department-of-Licens/cdk6-5kdf
Grant,2025-12-01,158,4,3,0,165,7,0.04242424242424243,https://data.wa.gov/Transportation/Vehicle-Title-Transactions-by-Department-of-Licens/cdk6-5kdf
Grant,2026-01-01,153,7,1,0,161,8,0.049689440993788817,https://data.wa.gov/Transportation/Vehicle-Title-Transactions-by-Department-of-Licens/cdk6-5kdf
Grant,2026-02-01,147,7,0,0,154,7,0.045454545454545456,https://data.wa.gov/Transportation/Vehicle-Title-Transactions-by-Department-of-Licens/cdk6-5kdf
Grant,2026-03-01,187,5,1,0,193,6,0.031088082901554404,https://data.wa.gov/Transportation/Vehicle-Title-Transactions-by-Department-of-Licens/cdk6-5kdf
Grant,2026-04-01,149,5,2,0,156,7,0.04487179487179487,https://data.wa.gov/Transportation/Vehicle-Title-Transactions-by-Department-of-Licens/cdk6-5kdf
Grant,2026-05-01,153,11,1,0,165,12,0.07272727272727272,https://data.wa.gov/Transportation/Vehicle-Title-Transactions-by-Department-of-Licens/cdk6-5kdf
Grant,2026-06-01,167,13,5,0,185,18,0.0972972972972973,https://data.wa.gov/Transportation/Vehicle-Title-Transactions-by-Department-of-Licens/cdk6-5kdf
Grays Harbor,2017-01-01,129,1,0,0,130,1,0.007692307692307693,https://data.wa.gov/Transportation/Vehicle-Title-Transactions-by-Department-of-Licens/cdk6-5kdf
Grays Harbor,2017-02-01,101,0,0,0,101,0,0,https://data.wa.gov/Transportation/Vehicle-Title-Transactions-by-Department-of-Licens/cdk6-5kdf
Grays Harbor,2017-03-01,132,0,2,0,134,2,0.014925373134328358,https://data.wa.gov/Transportation/Vehicle-Title-Transactions-by-Department-of-Licens/cdk6-5kdf
Grays Harbor,2017-04-01,163,0,1,0,164,1,0.006097560975609756,https://data.wa.gov/Transportation/Vehicle-Title-Transactions-by-Department-of-Licens/cdk6-5kdf
Grays Harbor,2017-05-01,125,0,0,0,125,0,0,https://data.wa.gov/Transportation/Vehicle-Title-Transactions-by-Department-of-Licens/cdk6-5kdf
Grays Harbor,2017-06-01,197,1,0,0,198,1,0.005050505050505051,https://data.wa.gov/Transportation/Vehicle-Title-Transactions-by-Department-of-Licens/cdk6-5kdf
Grays Harbor,2017-07-01,127,0,2,0,129,2,0.015503875968992248,https://data.wa.gov/Transportation/Vehicle-Title-Transactions-by-Department-of-Licens/cdk6-5kdf
Grays Harbor,2017-08-01,163,0,1,0,164,1,0.006097560975609756,https://data.wa.gov/Transportation/Vehicle-Title-Transactions-by-Department-of-Licens/cdk6-5kdf
Grays Harbor,2017-09-01,139,0,1,0,140,1,0.007142857142857143,https://data.wa.gov/Transportation/Vehicle-Title-Transactions-by-Department-of-Licens/cdk6-5kdf
Grays Harbor,2017-10-01,144,1,1,0,146,2,0.0136986301369863,https://data.wa.gov/Transportation/Vehicle-Title-Transactions-by-Department-of-Licens/cdk6-5kdf
Grays Harbor,2017-11-01,127,1,0,0,128,1,0.0078125,https://data.wa.gov/Transportation/Vehicle-Title-Transactions-by-Department-of-Licens/cdk6-5kdf
Grays Harbor,2017-12-01,158,0,0,0,158,0,0,https://data.wa.gov/Transportation/Vehicle-Title-Transactions-by-Department-of-Licens/cdk6-5kdf
Grays Harbor,2018-01-01,169,0,0,0,169,0,0,https://data.wa.gov/Transportation/Vehicle-Title-Transactions-by-Department-of-Licens/cdk6-5kdf
Grays Harbor,2018-02-01,125,1,1,0,127,2,0.015748031496062992,https://data.wa.gov/Transportation/Vehicle-Title-Transactions-by-Department-of-Licens/cdk6-5kdf
Grays Harbor,2018-03-01,131,2,1,0,134,3,0.022388059701492536,https://data.wa.gov/Transportation/Vehicle-Title-Transactions-by-Department-of-Licens/cdk6-5kdf
Grays Harbor,2018-04-01,146,2,3,0,151,5,0.033112582781456956,https://data.wa.gov/Transportation/Vehicle-Title-Transactions-by-Department-of-Licens/cdk6-5kdf
Grays Harbor,2018-05-01,174,3,0,0,177,3,0.01694915254237288,https://data.wa.gov/Transportation/Vehicle-Title-Transactions-by-Department-of-Licens/cdk6-5kdf
Grays Harbor,2018-06-01,154,1,3,0,158,4,0.02531645569620253,https://data.wa.gov/Transportation/Vehicle-Title-Transactions-by-Department-of-Licens/cdk6-5kdf
Grays Harbor,2018-07-01,148,3,2,0,153,5,0.032679738562091505,https://data.wa.gov/Transportation/Vehicle-Title-Transactions-by-Department-of-Licens/cdk6-5kdf
Grays Harbor,2018-08-01,159,1,2,0,162,3,0.018518518518518517,https://data.wa.gov/Transportation/Vehicle-Title-Transactions-by-Department-of-Licens/cdk6-5kdf
Grays Harbor,2018-09-01,134,1,0,0,135,1,0.007407407407407408,https://data.wa.gov/Transportation/Vehicle-Title-Transactions-by-Department-of-Licens/cdk6-5kdf
Grays Harbor,2018-10-01,181,0,1,0,182,1,0.005494505494505495,https://data.wa.gov/Transportation/Vehicle-Title-Transactions-by-Department-of-Licens/cdk6-5kdf
Grays Harbor,2018-11-01,146,2,0,0,148,2,0.013513513513513514,https://data.wa.gov/Transportation/Vehicle-Title-Transactions-by-Department-of-Licens/cdk6-5kdf
Grays Harbor,2018-12-01,148,1,3,0,152,4,0.02631578947368421,https://data.wa.gov/Transportation/Vehicle-Title-Transactions-by-Department-of-Licens/cdk6-5kdf
Grays Harbor,2019-01-01,133,2,3,0,138,5,0.036231884057971016,https://data.wa.gov/Transportation/Vehicle-Title-Transactions-by-Department-of-Licens/cdk6-5kdf
Grays Harbor,2019-02-01,116,0,1,0,117,1,0.008547008547008548,https://data.wa.gov/Transportation/Vehicle-Title-Transactions-by-Department-of-Licens/cdk6-5kdf
Grays Harbor,2019-03-01,146,0,0,0,146,0,0,https://data.wa.gov/Transportation/Vehicle-Title-Transactions-by-Department-of-Licens/cdk6-5kdf
Grays Harbor,2019-04-01,117,1,0,0,118,1,0.00847457627118644,https://data.wa.gov/Transportation/Vehicle-Title-Transactions-by-Department-of-Licens/cdk6-5kdf
Grays Harbor,2019-05-01,163,2,0,0,165,2,0.012121212121212121,https://data.wa.gov/Transportation/Vehicle-Title-Transactions-by-Department-of-Licens/cdk6-5kdf
Grays Harbor,2019-06-01,155,0,0,0,155,0,0,https://data.wa.gov/Transportation/Vehicle-Title-Transactions-by-Department-of-Licens/cdk6-5kdf
Grays Harbor,2019-07-01,124,4,0,0,128,4,0.03125,https://data.wa.gov/Transportation/Vehicle-Title-Transactions-by-Department-of-Licens/cdk6-5kdf
Grays Harbor,2019-08-01,172,4,0,0,176,4,0.022727272727272728,https://data.wa.gov/Transportation/Vehicle-Title-Transactions-by-Department-of-Licens/cdk6-5kdf
Grays Harbor,2019-09-01,133,2,0,0,135,2,0.014814814814814815,https://data.wa.gov/Transportation/Vehicle-Title-Transactions-by-Department-of-Licens/cdk6-5kdf
Grays Harbor,2019-10-01,157,4,1,0,162,5,0.030864197530864196,https://data.wa.gov/Transportation/Vehicle-Title-Transactions-by-Department-of-Licens/cdk6-5kdf
Grays Harbor,2019-11-01,120,1,0,0,121,1,0.008264462809917356,https://data.wa.gov/Transportation/Vehicle-Title-Transactions-by-Department-of-Licens/cdk6-5kdf
Grays Harbor,2019-12-01,147,0,0,0,147,0,0,https://data.wa.gov/Transportation/Vehicle-Title-Transactions-by-Department-of-Licens/cdk6-5kdf
Grays Harbor,2020-01-01,172,3,2,0,177,5,0.02824858757062147,https://data.wa.gov/Transportation/Vehicle-Title-Transactions-by-Department-of-Licens/cdk6-5kdf
Grays Harbor,2020-02-01,102,2,1,0,105,3,0.02857142857142857,https://data.wa.gov/Transportation/Vehicle-Title-Transactions-by-Department-of-Licens/cdk6-5kdf
Grays Harbor,2020-03-01,155,0,1,0,156,1,0.00641025641025641,https://data.wa.gov/Transportation/Vehicle-Title-Transactions-by-Department-of-Licens/cdk6-5kdf
Grays Harbor,2020-04-01,58,0,1,0,59,1,0.01694915254237288,https://data.wa.gov/Transportation/Vehicle-Title-Transactions-by-Department-of-Licens/cdk6-5kdf
Grays Harbor,2020-05-01,69,0,0,0,69,0,0,https://data.wa.gov/Transportation/Vehicle-Title-Transactions-by-Department-of-Licens/cdk6-5kdf
Grays Harbor,2020-06-01,187,0,0,0,187,0,0,https://data.wa.gov/Transportation/Vehicle-Title-Transactions-by-Department-of-Licens/cdk6-5kdf
Grays Harbor,2020-07-01,154,2,0,0,156,2,0.01282051282051282,https://data.wa.gov/Transportation/Vehicle-Title-Transactions-by-Department-of-Licens/cdk6-5kdf
Grays Harbor,2020-08-01,163,0,0,0,163,0,0,https://data.wa.gov/Transportation/Vehicle-Title-Transactions-by-Department-of-Licens/cdk6-5kdf
Grays Harbor,2020-09-01,181,1,0,0,182,1,0.005494505494505495,https://data.wa.gov/Transportation/Vehicle-Title-Transactions-by-Department-of-Licens/cdk6-5kdf
Grays Harbor,2020-10-01,178,2,1,0,181,3,0.016574585635359115,https://data.wa.gov/Transportation/Vehicle-Title-Transactions-by-Department-of-Licens/cdk6-5kdf
Grays Harbor,2020-11-01,116,1,0,0,117,1,0.008547008547008548,https://data.wa.gov/Transportation/Vehicle-Title-Transactions-by-Department-of-Licens/cdk6-5kdf
Grays Harbor,2020-12-01,159,3,2,0,164,5,0.03048780487804878,https://data.wa.gov/Transportation/Vehicle-Title-Transactions-by-Department-of-Licens/cdk6-5kdf
Grays Harbor,2021-01-01,151,5,3,0,159,8,0.050314465408805034,https://data.wa.gov/Transportation/Vehicle-Title-Transactions-by-Department-of-Licens/cdk6-5kdf
Grays Harbor,2021-02-01,153,6,1,0,160,7,0.04375,https://data.wa.gov/Transportation/Vehicle-Title-Transactions-by-Department-of-Licens/cdk6-5kdf
Grays Harbor,2021-03-01,199,5,0,0,204,5,0.024509803921568627,https://data.wa.gov/Transportation/Vehicle-Title-Transactions-by-Department-of-Licens/cdk6-5kdf
Grays Harbor,2021-04-01,185,6,0,0,191,6,0.031413612565445025,https://data.wa.gov/Transportation/Vehicle-Title-Transactions-by-Department-of-Licens/cdk6-5kdf
Grays Harbor,2021-05-01,216,6,1,0,223,7,0.03139013452914798,https://data.wa.gov/Transportation/Vehicle-Title-Transactions-by-Department-of-Licens/cdk6-5kdf
Grays Harbor,2021-06-01,213,4,3,0,220,7,0.031818181818181815,https://data.wa.gov/Transportation/Vehicle-Title-Transactions-by-Department-of-Licens/cdk6-5kdf
Grays Harbor,2021-07-01,140,4,1,0,145,5,0.034482758620689655,https://data.wa.gov/Transportation/Vehicle-Title-Transactions-by-Department-of-Licens/cdk6-5kdf
Grays Harbor,2021-08-01,161,4,0,0,165,4,0.024242424242424242,https://data.wa.gov/Transportation/Vehicle-Title-Transactions-by-Department-of-Licens/cdk6-5kdf
Grays Harbor,2021-09-01,126,3,0,0,129,3,0.023255813953488372,https://data.wa.gov/Transportation/Vehicle-Title-Transactions-by-Department-of-Licens/cdk6-5kdf
Grays Harbor,2021-10-01,120,4,2,0,126,6,0.047619047619047616,https://data.wa.gov/Transportation/Vehicle-Title-Transactions-by-Department-of-Licens/cdk6-5kdf
Grays Harbor,2021-11-01,105,2,1,0,108,3,0.027777777777777776,https://data.wa.gov/Transportation/Vehicle-Title-Transactions-by-Department-of-Licens/cdk6-5kdf
Grays Harbor,2021-12-01,138,1,1,0,140,2,0.014285714285714285,https://data.wa.gov/Transportation/Vehicle-Title-Transactions-by-Department-of-Licens/cdk6-5kdf
Grays Harbor,2022-01-01,123,4,3,0,130,7,0.05384615384615385,https://data.wa.gov/Transportation/Vehicle-Title-Transactions-by-Department-of-Licens/cdk6-5kdf
Grays Harbor,2022-02-01,130,3,2,0,135,5,0.037037037037037035,https://data.wa.gov/Transportation/Vehicle-Title-Transactions-by-Department-of-Licens/cdk6-5kdf
Grays Harbor,2022-03-01,148,3,1,0,152,4,0.02631578947368421,https://data.wa.gov/Transportation/Vehicle-Title-Transactions-by-Department-of-Licens/cdk6-5kdf
Grays Harbor,2022-04-01,147,0,1,0,148,1,0.006756756756756757,https://data.wa.gov/Transportation/Vehicle-Title-Transactions-by-Department-of-Licens/cdk6-5kdf
Grays Harbor,2022-05-01,113,4,1,0,118,5,0.0423728813559322,https://data.wa.gov/Transportation/Vehicle-Title-Transactions-by-Department-of-Licens/cdk6-5kdf
Grays Harbor,2022-06-01,175,8,1,0,184,9,0.04891304347826087,https://data.wa.gov/Transportation/Vehicle-Title-Transactions-by-Department-of-Licens/cdk6-5kdf
Grays Harbor,2022-07-01,122,3,0,0,125,3,0.024,https://data.wa.gov/Transportation/Vehicle-Title-Transactions-by-Department-of-Licens/cdk6-5kdf
Grays Harbor,2022-08-01,117,4,3,0,124,7,0.056451612903225805,https://data.wa.gov/Transportation/Vehicle-Title-Transactions-by-Department-of-Licens/cdk6-5kdf
Grays Harbor,2022-09-01,147,5,2,0,154,7,0.045454545454545456,https://data.wa.gov/Transportation/Vehicle-Title-Transactions-by-Department-of-Licens/cdk6-5kdf
Grays Harbor,2022-10-01,142,8,2,0,152,10,0.06578947368421052,https://data.wa.gov/Transportation/Vehicle-Title-Transactions-by-Department-of-Licens/cdk6-5kdf
Grays Harbor,2022-11-01,144,9,0,0,153,9,0.058823529411764705,https://data.wa.gov/Transportation/Vehicle-Title-Transactions-by-Department-of-Licens/cdk6-5kdf
Grays Harbor,2022-12-01,154,6,1,0,161,7,0.043478260869565216,https://data.wa.gov/Transportation/Vehicle-Title-Transactions-by-Department-of-Licens/cdk6-5kdf
Grays Harbor,2023-01-01,128,7,1,0,136,8,0.058823529411764705,https://data.wa.gov/Transportation/Vehicle-Title-Transactions-by-Department-of-Licens/cdk6-5kdf
Grays Harbor,2023-02-01,120,7,2,0,129,9,0.06976744186046512,https://data.wa.gov/Transportation/Vehicle-Title-Transactions-by-Department-of-Licens/cdk6-5kdf
Grays Harbor,2023-03-01,126,8,4,0,138,12,0.08695652173913043,https://data.wa.gov/Transportation/Vehicle-Title-Transactions-by-Department-of-Licens/cdk6-5kdf
Grays Harbor,2023-04-01,138,7,2,0,147,9,0.061224489795918366,https://data.wa.gov/Transportation/Vehicle-Title-Transactions-by-Department-of-Licens/cdk6-5kdf
Grays Harbor,2023-05-01,126,6,0,0,132,6,0.045454545454545456,https://data.wa.gov/Transportation/Vehicle-Title-Transactions-by-Department-of-Licens/cdk6-5kdf
Grays Harbor,2023-06-01,174,8,2,0,184,10,0.05434782608695652,https://data.wa.gov/Transportation/Vehicle-Title-Transactions-by-Department-of-Licens/cdk6-5kdf
Grays Harbor,2023-07-01,122,15,5,0,142,20,0.14084507042253522,https://data.wa.gov/Transportation/Vehicle-Title-Transactions-by-Department-of-Licens/cdk6-5kdf
Grays Harbor,2023-08-01,127,10,4,0,141,14,0.09929078014184398,https://data.wa.gov/Transportation/Vehicle-Title-Transactions-by-Department-of-Licens/cdk6-5kdf
Grays Harbor,2023-09-01,125,4,2,0,131,6,0.04580152671755725,https://data.wa.gov/Transportation/Vehicle-Title-Transactions-by-Department-of-Licens/cdk6-5kdf
Grays Harbor,2023-10-01,135,9,3,0,147,12,0.08163265306122448,https://data.wa.gov/Transportation/Vehicle-Title-Transactions-by-Department-of-Licens/cdk6-5kdf
Grays Harbor,2023-11-01,129,9,6,0,144,15,0.10416666666666667,https://data.wa.gov/Transportation/Vehicle-Title-Transactions-by-Department-of-Licens/cdk6-5kdf
Grays Harbor,2023-12-01,127,18,2,0,147,20,0.1360544217687075,https://data.wa.gov/Transportation/Vehicle-Title-Transactions-by-Department-of-Licens/cdk6-5kdf
Grays Harbor,2024-01-01,132,5,3,0,140,8,0.05714285714285714,https://data.wa.gov/Transportation/Vehicle-Title-Transactions-by-Department-of-Licens/cdk6-5kdf
Grays Harbor,2024-02-01,114,5,2,0,121,7,0.05785123966942149,https://data.wa.gov/Transportation/Vehicle-Title-Transactions-by-Department-of-Licens/cdk6-5kdf
Grays Harbor,2024-03-01,118,5,3,0,126,8,0.06349206349206349,https://data.wa.gov/Transportation/Vehicle-Title-Transactions-by-Department-of-Licens/cdk6-5kdf
Grays Harbor,2024-04-01,120,10,1,0,131,11,0.08396946564885496,https://data.wa.gov/Transportation/Vehicle-Title-Transactions-by-Department-of-Licens/cdk6-5kdf
Grays Harbor,2024-05-01,163,12,1,0,176,13,0.07386363636363637,https://data.wa.gov/Transportation/Vehicle-Title-Transactions-by-Department-of-Licens/cdk6-5kdf
Grays Harbor,2024-06-01,129,8,5,0,142,13,0.09154929577464789,https://data.wa.gov/Transportation/Vehicle-Title-Transactions-by-Department-of-Licens/cdk6-5kdf
Grays Harbor,2024-07-01,133,16,7,0,156,23,0.14743589743589744,https://data.wa.gov/Transportation/Vehicle-Title-Transactions-by-Department-of-Licens/cdk6-5kdf
Grays Harbor,2024-08-01,125,8,8,0,141,16,0.11347517730496454,https://data.wa.gov/Transportation/Vehicle-Title-Transactions-by-Department-of-Licens/cdk6-5kdf
Grays Harbor,2024-09-01,103,19,4,0,126,23,0.18253968253968253,https://data.wa.gov/Transportation/Vehicle-Title-Transactions-by-Department-of-Licens/cdk6-5kdf
Grays Harbor,2024-10-01,150,21,0,0,171,21,0.12280701754385964,https://data.wa.gov/Transportation/Vehicle-Title-Transactions-by-Department-of-Licens/cdk6-5kdf
Grays Harbor,2024-11-01,101,6,6,0,113,12,0.10619469026548672,https://data.wa.gov/Transportation/Vehicle-Title-Transactions-by-Department-of-Licens/cdk6-5kdf
Grays Harbor,2024-12-01,121,9,3,0,133,12,0.09022556390977443,https://data.wa.gov/Transportation/Vehicle-Title-Transactions-by-Department-of-Licens/cdk6-5kdf
Grays Harbor,2025-01-01,152,27,5,0,184,32,0.17391304347826086,https://data.wa.gov/Transportation/Vehicle-Title-Transactions-by-Department-of-Licens/cdk6-5kdf
Grays Harbor,2025-02-01,90,5,1,0,96,6,0.0625,https://data.wa.gov/Transportation/Vehicle-Title-Transactions-by-Department-of-Licens/cdk6-5kdf
Grays Harbor,2025-03-01,121,8,4,0,133,12,0.09022556390977443,https://data.wa.gov/Transportation/Vehicle-Title-Transactions-by-Department-of-Licens/cdk6-5kdf
Grays Harbor,2025-04-01,164,13,6,0,183,19,0.10382513661202186,https://data.wa.gov/Transportation/Vehicle-Title-Transactions-by-Department-of-Licens/cdk6-5kdf
Grays Harbor,2025-05-01,130,10,2,0,142,12,0.08450704225352113,https://data.wa.gov/Transportation/Vehicle-Title-Transactions-by-Department-of-Licens/cdk6-5kdf
Grays Harbor,2025-06-01,140,8,4,0,152,12,0.07894736842105263,https://data.wa.gov/Transportation/Vehicle-Title-Transactions-by-Department-of-Licens/cdk6-5kdf
Grays Harbor,2025-07-01,142,21,3,0,166,24,0.14457831325301204,https://data.wa.gov/Transportation/Vehicle-Title-Transactions-by-Department-of-Licens/cdk6-5kdf
Grays Harbor,2025-08-01,126,12,4,0,142,16,0.11267605633802817,https://data.wa.gov/Transportation/Vehicle-Title-Transactions-by-Department-of-Licens/cdk6-5kdf
Grays Harbor,2025-09-01,121,14,2,0,137,16,0.11678832116788321,https://data.wa.gov/Transportation/Vehicle-Title-Transactions-by-Department-of-Licens/cdk6-5kdf
Grays Harbor,2025-10-01,141,20,3,0,164,23,0.1402439024390244,https://data.wa.gov/Transportation/Vehicle-Title-Transactions-by-Department-of-Licens/cdk6-5kdf
Grays Harbor,2025-11-01,105,7,1,0,113,8,0.07079646017699115,https://data.wa.gov/Transportation/Vehicle-Title-Transactions-by-Department-of-Licens/cdk6-5kdf
Grays Harbor,2025-12-01,130,2,1,0,133,3,0.022556390977443608,https://data.wa.gov/Transportation/Vehicle-Title-Transactions-by-Department-of-Licens/cdk6-5kdf
Grays Harbor,2026-01-01,148,13,0,0,161,13,0.08074534161490683,https://data.wa.gov/Transportation/Vehicle-Title-Transactions-by-Department-of-Licens/cdk6-5kdf
Grays Harbor,2026-02-01,99,0,3,0,102,3,0.029411764705882353,https://data.wa.gov/Transportation/Vehicle-Title-Transactions-by-Department-of-Licens/cdk6-5kdf
Grays Harbor,2026-03-01,148,13,3,0,164,16,0.0975609756097561,https://data.wa.gov/Transportation/Vehicle-Title-Transactions-by-Department-of-Licens/cdk6-5kdf
Grays Harbor,2026-04-01,140,14,3,0,157,17,0.10828025477707007,https://data.wa.gov/Transportation/Vehicle-Title-Transactions-by-Department-of-Licens/cdk6-5kdf
Grays Harbor,2026-05-01,110,9,2,0,121,11,0.09090909090909091,https://data.wa.gov/Transportation/Vehicle-Title-Transactions-by-Department-of-Licens/cdk6-5kdf
Grays Harbor,2026-06-01,129,8,0,0,137,8,0.058394160583941604,https://data.wa.gov/Transportation/Vehicle-Title-Transactions-by-Department-of-Licens/cdk6-5kdf
Island,2017-01-01,282,2,8,0,292,10,0.03424657534246575,https://data.wa.gov/Transportation/Vehicle-Title-Transactions-by-Department-of-Licens/cdk6-5kdf
Island,2017-02-01,184,0,3,0,187,3,0.016042780748663103,https://data.wa.gov/Transportation/Vehicle-Title-Transactions-by-Department-of-Licens/cdk6-5kdf
Island,2017-03-01,275,3,3,0,281,6,0.021352313167259787,https://data.wa.gov/Transportation/Vehicle-Title-Transactions-by-Department-of-Licens/cdk6-5kdf
Island,2017-04-01,293,3,1,0,297,4,0.013468013468013467,https://data.wa.gov/Transportation/Vehicle-Title-Transactions-by-Department-of-Licens/cdk6-5kdf
Island,2017-05-01,251,2,0,0,253,2,0.007905138339920948,https://data.wa.gov/Transportation/Vehicle-Title-Transactions-by-Department-of-Licens/cdk6-5kdf
Island,2017-06-01,289,2,3,0,294,5,0.017006802721088437,https://data.wa.gov/Transportation/Vehicle-Title-Transactions-by-Department-of-Licens/cdk6-5kdf
Island,2017-07-01,269,1,3,0,273,4,0.014652014652014652,https://data.wa.gov/Transportation/Vehicle-Title-Transactions-by-Department-of-Licens/cdk6-5kdf
Island,2017-08-01,325,1,7,0,333,8,0.024024024024024024,https://data.wa.gov/Transportation/Vehicle-Title-Transactions-by-Department-of-Licens/cdk6-5kdf
Island,2017-09-01,279,2,1,0,282,3,0.010638297872340425,https://data.wa.gov/Transportation/Vehicle-Title-Transactions-by-Department-of-Licens/cdk6-5kdf
Island,2017-10-01,276,4,1,0,281,5,0.017793594306049824,https://data.wa.gov/Transportation/Vehicle-Title-Transactions-by-Department-of-Licens/cdk6-5kdf
Island,2017-11-01,273,3,5,0,281,8,0.028469750889679714,https://data.wa.gov/Transportation/Vehicle-Title-Transactions-by-Department-of-Licens/cdk6-5kdf
Island,2017-12-01,296,2,4,0,302,6,0.019867549668874173,https://data.wa.gov/Transportation/Vehicle-Title-Transactions-by-Department-of-Licens/cdk6-5kdf
Island,2018-01-01,321,3,3,0,327,6,0.01834862385321101,https://data.wa.gov/Transportation/Vehicle-Title-Transactions-by-Department-of-Licens/cdk6-5kdf
Island,2018-02-01,225,3,2,0,230,5,0.021739130434782608,https://data.wa.gov/Transportation/Vehicle-Title-Transactions-by-Department-of-Licens/cdk6-5kdf
Island,2018-03-01,255,6,7,0,268,13,0.048507462686567165,https://data.wa.gov/Transportation/Vehicle-Title-Transactions-by-Department-of-Licens/cdk6-5kdf
Island,2018-04-01,243,5,1,0,249,6,0.024096385542168676,https://data.wa.gov/Transportation/Vehicle-Title-Transactions-by-Department-of-Licens/cdk6-5kdf
Island,2018-05-01,276,5,1,0,282,6,0.02127659574468085,https://data.wa.gov/Transportation/Vehicle-Title-Transactions-by-Department-of-Licens/cdk6-5kdf
Island,2018-06-01,252,9,5,0,266,14,0.05263157894736842,https://data.wa.gov/Transportation/Vehicle-Title-Transactions-by-Department-of-Licens/cdk6-5kdf
Island,2018-07-01,259,4,5,0,268,9,0.033582089552238806,https://data.wa.gov/Transportation/Vehicle-Title-Transactions-by-Department-of-Licens/cdk6-5kdf
Island,2018-08-01,309,7,5,0,321,12,0.037383177570093455,https://data.wa.gov/Transportation/Vehicle-Title-Transactions-by-Department-of-Licens/cdk6-5kdf
Island,2018-09-01,236,7,5,0,248,12,0.04838709677419355,https://data.wa.gov/Transportation/Vehicle-Title-Transactions-by-Department-of-Licens/cdk6-5kdf
Island,2018-10-01,258,18,4,0,280,22,0.07857142857142857,https://data.wa.gov/Transportation/Vehicle-Title-Transactions-by-Department-of-Licens/cdk6-5kdf
Island,2018-11-01,238,18,6,0,262,24,0.0916030534351145,https://data.wa.gov/Transportation/Vehicle-Title-Transactions-by-Department-of-Licens/cdk6-5kdf
Island,2018-12-01,228,7,2,0,237,9,0.0379746835443038,https://data.wa.gov/Transportation/Vehicle-Title-Transactions-by-Department-of-Licens/cdk6-5kdf
Island,2019-01-01,272,8,5,0,285,13,0.0456140350877193,https://data.wa.gov/Transportation/Vehicle-Title-Transactions-by-Department-of-Licens/cdk6-5kdf
Island,2019-02-01,143,4,1,0,148,5,0.033783783783783786,https://data.wa.gov/Transportation/Vehicle-Title-Transactions-by-Department-of-Licens/cdk6-5kdf
Island,2019-03-01,207,2,0,0,209,2,0.009569377990430622,https://data.wa.gov/Transportation/Vehicle-Title-Transactions-by-Department-of-Licens/cdk6-5kdf
Island,2019-04-01,262,13,5,0,280,18,0.06428571428571428,https://data.wa.gov/Transportation/Vehicle-Title-Transactions-by-Department-of-Licens/cdk6-5kdf
Island,2019-05-01,247,5,0,0,252,5,0.01984126984126984,https://data.wa.gov/Transportation/Vehicle-Title-Transactions-by-Department-of-Licens/cdk6-5kdf
Island,2019-06-01,259,4,3,0,266,7,0.02631578947368421,https://data.wa.gov/Transportation/Vehicle-Title-Transactions-by-Department-of-Licens/cdk6-5kdf
Island,2019-07-01,275,7,0,0,282,7,0.024822695035460994,https://data.wa.gov/Transportation/Vehicle-Title-Transactions-by-Department-of-Licens/cdk6-5kdf
Island,2019-08-01,227,8,0,0,235,8,0.03404255319148936,https://data.wa.gov/Transportation/Vehicle-Title-Transactions-by-Department-of-Licens/cdk6-5kdf
Island,2019-09-01,276,11,4,0,291,15,0.05154639175257732,https://data.wa.gov/Transportation/Vehicle-Title-Transactions-by-Department-of-Licens/cdk6-5kdf
Island,2019-10-01,240,12,1,0,253,13,0.05138339920948617,https://data.wa.gov/Transportation/Vehicle-Title-Transactions-by-Department-of-Licens/cdk6-5kdf
Island,2019-11-01,251,5,0,0,256,5,0.01953125,https://data.wa.gov/Transportation/Vehicle-Title-Transactions-by-Department-of-Licens/cdk6-5kdf
Island,2019-12-01,242,6,1,0,249,7,0.028112449799196786,https://data.wa.gov/Transportation/Vehicle-Title-Transactions-by-Department-of-Licens/cdk6-5kdf
Island,2020-01-01,228,17,2,0,247,19,0.07692307692307693,https://data.wa.gov/Transportation/Vehicle-Title-Transactions-by-Department-of-Licens/cdk6-5kdf
Island,2020-02-01,198,3,1,0,202,4,0.019801980198019802,https://data.wa.gov/Transportation/Vehicle-Title-Transactions-by-Department-of-Licens/cdk6-5kdf
Island,2020-03-01,227,7,0,0,234,7,0.029914529914529916,https://data.wa.gov/Transportation/Vehicle-Title-Transactions-by-Department-of-Licens/cdk6-5kdf
Island,2020-04-01,84,7,0,0,91,7,0.07692307692307693,https://data.wa.gov/Transportation/Vehicle-Title-Transactions-by-Department-of-Licens/cdk6-5kdf
Island,2020-05-01,142,2,0,0,144,2,0.013888888888888888,https://data.wa.gov/Transportation/Vehicle-Title-Transactions-by-Department-of-Licens/cdk6-5kdf
Island,2020-06-01,239,4,0,0,243,4,0.01646090534979424,https://data.wa.gov/Transportation/Vehicle-Title-Transactions-by-Department-of-Licens/cdk6-5kdf
Island,2020-07-01,254,9,3,0,266,12,0.045112781954887216,https://data.wa.gov/Transportation/Vehicle-Title-Transactions-by-Department-of-Licens/cdk6-5kdf
Island,2020-08-01,237,3,0,0,240,3,0.0125,https://data.wa.gov/Transportation/Vehicle-Title-Transactions-by-Department-of-Licens/cdk6-5kdf
Island,2020-09-01,256,6,0,0,262,6,0.022900763358778626,https://data.wa.gov/Transportation/Vehicle-Title-Transactions-by-Department-of-Licens/cdk6-5kdf
Island,2020-10-01,253,19,1,0,273,20,0.07326007326007326,https://data.wa.gov/Transportation/Vehicle-Title-Transactions-by-Department-of-Licens/cdk6-5kdf
Island,2020-11-01,211,12,0,0,223,12,0.053811659192825115,https://data.wa.gov/Transportation/Vehicle-Title-Transactions-by-Department-of-Licens/cdk6-5kdf
Island,2020-12-01,251,18,1,0,270,19,0.07037037037037037,https://data.wa.gov/Transportation/Vehicle-Title-Transactions-by-Department-of-Licens/cdk6-5kdf
Island,2021-01-01,252,17,4,0,273,21,0.07692307692307693,https://data.wa.gov/Transportation/Vehicle-Title-Transactions-by-Department-of-Licens/cdk6-5kdf
Island,2021-02-01,184,16,3,0,203,19,0.09359605911330049,https://data.wa.gov/Transportation/Vehicle-Title-Transactions-by-Department-of-Licens/cdk6-5kdf
Island,2021-03-01,272,9,2,0,283,11,0.038869257950530034,https://data.wa.gov/Transportation/Vehicle-Title-Transactions-by-Department-of-Licens/cdk6-5kdf
Island,2021-04-01,276,18,4,0,298,22,0.0738255033557047,https://data.wa.gov/Transportation/Vehicle-Title-Transactions-by-Department-of-Licens/cdk6-5kdf
Island,2021-05-01,301,20,7,0,328,27,0.08231707317073171,https://data.wa.gov/Transportation/Vehicle-Title-Transactions-by-Department-of-Licens/cdk6-5kdf
Island,2021-06-01,294,15,4,0,313,19,0.06070287539936102,https://data.wa.gov/Transportation/Vehicle-Title-Transactions-by-Department-of-Licens/cdk6-5kdf
Island,2021-07-01,202,11,2,0,215,13,0.06046511627906977,https://data.wa.gov/Transportation/Vehicle-Title-Transactions-by-Department-of-Licens/cdk6-5kdf
Island,2021-08-01,228,15,5,0,248,20,0.08064516129032258,https://data.wa.gov/Transportation/Vehicle-Title-Transactions-by-Department-of-Licens/cdk6-5kdf
Island,2021-09-01,178,8,2,0,188,10,0.05319148936170213,https://data.wa.gov/Transportation/Vehicle-Title-Transactions-by-Department-of-Licens/cdk6-5kdf
Island,2021-10-01,180,11,1,0,192,12,0.0625,https://data.wa.gov/Transportation/Vehicle-Title-Transactions-by-Department-of-Licens/cdk6-5kdf
Island,2021-11-01,144,18,5,0,167,23,0.1377245508982036,https://data.wa.gov/Transportation/Vehicle-Title-Transactions-by-Department-of-Licens/cdk6-5kdf
Island,2021-12-01,172,12,0,0,184,12,0.06521739130434782,https://data.wa.gov/Transportation/Vehicle-Title-Transactions-by-Department-of-Licens/cdk6-5kdf
Island,2022-01-01,174,23,4,0,201,27,0.13432835820895522,https://data.wa.gov/Transportation/Vehicle-Title-Transactions-by-Department-of-Licens/cdk6-5kdf
Island,2022-02-01,176,14,4,0,194,18,0.09278350515463918,https://data.wa.gov/Transportation/Vehicle-Title-Transactions-by-Department-of-Licens/cdk6-5kdf
Island,2022-03-01,214,11,8,0,233,19,0.0815450643776824,https://data.wa.gov/Transportation/Vehicle-Title-Transactions-by-Department-of-Licens/cdk6-5kdf
Island,2022-04-01,193,15,1,0,209,16,0.07655502392344497,https://data.wa.gov/Transportation/Vehicle-Title-Transactions-by-Department-of-Licens/cdk6-5kdf
Island,2022-05-01,163,14,8,0,185,22,0.11891891891891893,https://data.wa.gov/Transportation/Vehicle-Title-Transactions-by-Department-of-Licens/cdk6-5kdf
Island,2022-06-01,177,15,2,0,194,17,0.08762886597938144,https://data.wa.gov/Transportation/Vehicle-Title-Transactions-by-Department-of-Licens/cdk6-5kdf
Island,2022-07-01,149,16,0,0,165,16,0.09696969696969697,https://data.wa.gov/Transportation/Vehicle-Title-Transactions-by-Department-of-Licens/cdk6-5kdf
Island,2022-08-01,190,24,3,0,217,27,0.12442396313364056,https://data.wa.gov/Transportation/Vehicle-Title-Transactions-by-Department-of-Licens/cdk6-5kdf
Island,2022-09-01,170,18,2,0,190,20,0.10526315789473684,https://data.wa.gov/Transportation/Vehicle-Title-Transactions-by-Department-of-Licens/cdk6-5kdf
Island,2022-10-01,164,23,5,0,192,28,0.14583333333333334,https://data.wa.gov/Transportation/Vehicle-Title-Transactions-by-Department-of-Licens/cdk6-5kdf
Island,2022-11-01,153,22,2,0,177,24,0.13559322033898305,https://data.wa.gov/Transportation/Vehicle-Title-Transactions-by-Department-of-Licens/cdk6-5kdf
Island,2022-12-01,202,20,3,0,225,23,0.10222222222222223,https://data.wa.gov/Transportation/Vehicle-Title-Transactions-by-Department-of-Licens/cdk6-5kdf
Island,2023-01-01,194,29,5,0,228,34,0.14912280701754385,https://data.wa.gov/Transportation/Vehicle-Title-Transactions-by-Department-of-Licens/cdk6-5kdf
Island,2023-02-01,160,22,9,0,191,31,0.16230366492146597,https://data.wa.gov/Transportation/Vehicle-Title-Transactions-by-Department-of-Licens/cdk6-5kdf
Island,2023-03-01,225,22,7,0,254,29,0.1141732283464567,https://data.wa.gov/Transportation/Vehicle-Title-Transactions-by-Department-of-Licens/cdk6-5kdf
Island,2023-04-01,177,23,3,0,203,26,0.12807881773399016,https://data.wa.gov/Transportation/Vehicle-Title-Transactions-by-Department-of-Licens/cdk6-5kdf
Island,2023-05-01,191,26,4,0,221,30,0.13574660633484162,https://data.wa.gov/Transportation/Vehicle-Title-Transactions-by-Department-of-Licens/cdk6-5kdf
Island,2023-06-01,191,27,7,0,225,34,0.1511111111111111,https://data.wa.gov/Transportation/Vehicle-Title-Transactions-by-Department-of-Licens/cdk6-5kdf
Island,2023-07-01,198,37,3,0,238,40,0.16806722689075632,https://data.wa.gov/Transportation/Vehicle-Title-Transactions-by-Department-of-Licens/cdk6-5kdf
Island,2023-08-01,231,42,5,0,278,47,0.16906474820143885,https://data.wa.gov/Transportation/Vehicle-Title-Transactions-by-Department-of-Licens/cdk6-5kdf
Island,2023-09-01,155,25,8,0,188,33,0.17553191489361702,https://data.wa.gov/Transportation/Vehicle-Title-Transactions-by-Department-of-Licens/cdk6-5kdf
Island,2023-10-01,193,37,5,0,235,42,0.17872340425531916,https://data.wa.gov/Transportation/Vehicle-Title-Transactions-by-Department-of-Licens/cdk6-5kdf
Island,2023-11-01,190,33,10,0,233,43,0.18454935622317598,https://data.wa.gov/Transportation/Vehicle-Title-Transactions-by-Department-of-Licens/cdk6-5kdf
Island,2023-12-01,170,35,8,0,213,43,0.20187793427230047,https://data.wa.gov/Transportation/Vehicle-Title-Transactions-by-Department-of-Licens/cdk6-5kdf
Island,2024-01-01,210,34,5,0,249,39,0.1566265060240964,https://data.wa.gov/Transportation/Vehicle-Title-Transactions-by-Department-of-Licens/cdk6-5kdf
Island,2024-02-01,167,13,8,0,188,21,0.11170212765957446,https://data.wa.gov/Transportation/Vehicle-Title-Transactions-by-Department-of-Licens/cdk6-5kdf
Island,2024-03-01,174,23,12,0,209,35,0.1674641148325359,https://data.wa.gov/Transportation/Vehicle-Title-Transactions-by-Department-of-Licens/cdk6-5kdf
Island,2024-04-01,154,24,6,0,184,30,0.16304347826086957,https://data.wa.gov/Transportation/Vehicle-Title-Transactions-by-Department-of-Licens/cdk6-5kdf
Island,2024-05-01,209,24,7,0,240,31,0.12916666666666668,https://data.wa.gov/Transportation/Vehicle-Title-Transactions-by-Department-of-Licens/cdk6-5kdf
Island,2024-06-01,164,24,11,0,199,35,0.17587939698492464,https://data.wa.gov/Transportation/Vehicle-Title-Transactions-by-Department-of-Licens/cdk6-5kdf
Island,2024-07-01,219,49,12,0,280,61,0.21785714285714286,https://data.wa.gov/Transportation/Vehicle-Title-Transactions-by-Department-of-Licens/cdk6-5kdf
Island,2024-08-01,169,44,6,0,219,50,0.228310502283105,https://data.wa.gov/Transportation/Vehicle-Title-Transactions-by-Department-of-Licens/cdk6-5kdf
Island,2024-09-01,195,39,6,0,240,45,0.1875,https://data.wa.gov/Transportation/Vehicle-Title-Transactions-by-Department-of-Licens/cdk6-5kdf
Island,2024-10-01,199,29,20,0,248,49,0.1975806451612903,https://data.wa.gov/Transportation/Vehicle-Title-Transactions-by-Department-of-Licens/cdk6-5kdf
Island,2024-11-01,160,24,9,0,193,33,0.17098445595854922,https://data.wa.gov/Transportation/Vehicle-Title-Transactions-by-Department-of-Licens/cdk6-5kdf
Island,2024-12-01,195,38,11,0,244,49,0.20081967213114754,https://data.wa.gov/Transportation/Vehicle-Title-Transactions-by-Department-of-Licens/cdk6-5kdf
Island,2025-01-01,232,52,17,0,301,69,0.2292358803986711,https://data.wa.gov/Transportation/Vehicle-Title-Transactions-by-Department-of-Licens/cdk6-5kdf
Island,2025-02-01,174,28,6,0,208,34,0.16346153846153846,https://data.wa.gov/Transportation/Vehicle-Title-Transactions-by-Department-of-Licens/cdk6-5kdf
Island,2025-03-01,176,30,12,0,218,42,0.1926605504587156,https://data.wa.gov/Transportation/Vehicle-Title-Transactions-by-Department-of-Licens/cdk6-5kdf
Island,2025-04-01,227,44,14,0,285,58,0.20350877192982456,https://data.wa.gov/Transportation/Vehicle-Title-Transactions-by-Department-of-Licens/cdk6-5kdf
Island,2025-05-01,206,32,6,0,244,38,0.1557377049180328,https://data.wa.gov/Transportation/Vehicle-Title-Transactions-by-Department-of-Licens/cdk6-5kdf
Island,2025-06-01,197,31,6,0,234,37,0.1581196581196581,https://data.wa.gov/Transportation/Vehicle-Title-Transactions-by-Department-of-Licens/cdk6-5kdf
Island,2025-07-01,193,45,7,0,245,52,0.21224489795918366,https://data.wa.gov/Transportation/Vehicle-Title-Transactions-by-Department-of-Licens/cdk6-5kdf
Island,2025-08-01,179,43,7,0,229,50,0.2183406113537118,https://data.wa.gov/Transportation/Vehicle-Title-Transactions-by-Department-of-Licens/cdk6-5kdf
Island,2025-09-01,190,41,7,0,238,48,0.20168067226890757,https://data.wa.gov/Transportation/Vehicle-Title-Transactions-by-Department-of-Licens/cdk6-5kdf
Island,2025-10-01,225,39,7,0,271,46,0.16974169741697417,https://data.wa.gov/Transportation/Vehicle-Title-Transactions-by-Department-of-Licens/cdk6-5kdf
Island,2025-11-01,144,16,3,0,163,19,0.1165644171779141,https://data.wa.gov/Transportation/Vehicle-Title-Transactions-by-Department-of-Licens/cdk6-5kdf
Island,2025-12-01,199,14,7,0,220,21,0.09545454545454546,https://data.wa.gov/Transportation/Vehicle-Title-Transactions-by-Department-of-Licens/cdk6-5kdf
Island,2026-01-01,203,19,4,0,226,23,0.10176991150442478,https://data.wa.gov/Transportation/Vehicle-Title-Transactions-by-Department-of-Licens/cdk6-5kdf
Island,2026-02-01,156,17,7,0,180,24,0.13333333333333333,https://data.wa.gov/Transportation/Vehicle-Title-Transactions-by-Department-of-Licens/cdk6-5kdf
Island,2026-03-01,164,14,4,0,182,18,0.0989010989010989,https://data.wa.gov/Transportation/Vehicle-Title-Transactions-by-Department-of-Licens/cdk6-5kdf
Island,2026-04-01,166,29,6,0,201,35,0.17412935323383086,https://data.wa.gov/Transportation/Vehicle-Title-Transactions-by-Department-of-Licens/cdk6-5kdf
Island,2026-05-01,181,25,6,0,212,31,0.14622641509433962,https://data.wa.gov/Transportation/Vehicle-Title-Transactions-by-Department-of-Licens/cdk6-5kdf
Island,2026-06-01,184,24,3,0,211,27,0.12796208530805686,https://data.wa.gov/Transportation/Vehicle-Title-Transactions-by-Department-of-Licens/cdk6-5kdf
Jefferson,2017-01-01,90,0,0,0,90,0,0,https://data.wa.gov/Transportation/Vehicle-Title-Transactions-by-Department-of-Licens/cdk6-5kdf
Jefferson,2017-02-01,60,1,0,0,61,1,0.01639344262295082,https://data.wa.gov/Transportation/Vehicle-Title-Transactions-by-Department-of-Licens/cdk6-5kdf
Jefferson,2017-03-01,66,2,1,0,69,3,0.043478260869565216,https://data.wa.gov/Transportation/Vehicle-Title-Transactions-by-Department-of-Licens/cdk6-5kdf
Jefferson,2017-04-01,51,4,0,0,55,4,0.07272727272727272,https://data.wa.gov/Transportation/Vehicle-Title-Transactions-by-Department-of-Licens/cdk6-5kdf
Jefferson,2017-05-01,76,5,2,0,83,7,0.08433734939759036,https://data.wa.gov/Transportation/Vehicle-Title-Transactions-by-Department-of-Licens/cdk6-5kdf
Jefferson,2017-06-01,81,2,1,0,84,3,0.03571428571428571,https://data.wa.gov/Transportation/Vehicle-Title-Transactions-by-Department-of-Licens/cdk6-5kdf
Jefferson,2017-07-01,76,1,0,0,77,1,0.012987012987012988,https://data.wa.gov/Transportation/Vehicle-Title-Transactions-by-Department-of-Licens/cdk6-5kdf
Jefferson,2017-08-01,86,5,1,0,92,6,0.06521739130434782,https://data.wa.gov/Transportation/Vehicle-Title-Transactions-by-Department-of-Licens/cdk6-5kdf
Jefferson,2017-09-01,71,3,2,0,76,5,0.06578947368421052,https://data.wa.gov/Transportation/Vehicle-Title-Transactions-by-Department-of-Licens/cdk6-5kdf
Jefferson,2017-10-01,67,2,0,0,69,2,0.028985507246376812,https://data.wa.gov/Transportation/Vehicle-Title-Transactions-by-Department-of-Licens/cdk6-5kdf
Jefferson,2017-11-01,75,0,1,0,76,1,0.013157894736842105,https://data.wa.gov/Transportation/Vehicle-Title-Transactions-by-Department-of-Licens/cdk6-5kdf
Jefferson,2017-12-01,74,3,2,0,79,5,0.06329113924050633,https://data.wa.gov/Transportation/Vehicle-Title-Transactions-by-Department-of-Licens/cdk6-5kdf
Jefferson,2018-01-01,88,1,4,0,93,5,0.053763440860215055,https://data.wa.gov/Transportation/Vehicle-Title-Transactions-by-Department-of-Licens/cdk6-5kdf
Jefferson,2018-02-01,63,2,1,0,66,3,0.045454545454545456,https://data.wa.gov/Transportation/Vehicle-Title-Transactions-by-Department-of-Licens/cdk6-5kdf
Jefferson,2018-03-01,72,2,5,0,79,7,0.08860759493670886,https://data.wa.gov/Transportation/Vehicle-Title-Transactions-by-Department-of-Licens/cdk6-5kdf
Jefferson,2018-04-01,69,3,1,0,73,4,0.0547945205479452,https://data.wa.gov/Transportation/Vehicle-Title-Transactions-by-Department-of-Licens/cdk6-5kdf
Jefferson,2018-05-01,64,3,2,0,69,5,0.07246376811594203,https://data.wa.gov/Transportation/Vehicle-Title-Transactions-by-Department-of-Licens/cdk6-5kdf
Jefferson,2018-06-01,70,5,5,0,80,10,0.125,https://data.wa.gov/Transportation/Vehicle-Title-Transactions-by-Department-of-Licens/cdk6-5kdf
Jefferson,2018-07-01,64,2,0,0,66,2,0.030303030303030304,https://data.wa.gov/Transportation/Vehicle-Title-Transactions-by-Department-of-Licens/cdk6-5kdf
Jefferson,2018-08-01,91,4,2,0,97,6,0.061855670103092786,https://data.wa.gov/Transportation/Vehicle-Title-Transactions-by-Department-of-Licens/cdk6-5kdf
Jefferson,2018-09-01,64,2,0,0,66,2,0.030303030303030304,https://data.wa.gov/Transportation/Vehicle-Title-Transactions-by-Department-of-Licens/cdk6-5kdf
Jefferson,2018-10-01,90,6,3,0,99,9,0.09090909090909091,https://data.wa.gov/Transportation/Vehicle-Title-Transactions-by-Department-of-Licens/cdk6-5kdf
Jefferson,2018-11-01,52,5,3,0,60,8,0.13333333333333333,https://data.wa.gov/Transportation/Vehicle-Title-Transactions-by-Department-of-Licens/cdk6-5kdf
Jefferson,2018-12-01,70,3,1,0,74,4,0.05405405405405406,https://data.wa.gov/Transportation/Vehicle-Title-Transactions-by-Department-of-Licens/cdk6-5kdf
Jefferson,2019-01-01,91,7,5,0,103,12,0.11650485436893204,https://data.wa.gov/Transportation/Vehicle-Title-Transactions-by-Department-of-Licens/cdk6-5kdf
Jefferson,2019-02-01,39,2,0,0,41,2,0.04878048780487805,https://data.wa.gov/Transportation/Vehicle-Title-Transactions-by-Department-of-Licens/cdk6-5kdf
Jefferson,2019-03-01,44,0,3,0,47,3,0.06382978723404255,https://data.wa.gov/Transportation/Vehicle-Title-Transactions-by-Department-of-Licens/cdk6-5kdf
Jefferson,2019-04-01,61,9,0,0,70,9,0.12857142857142856,https://data.wa.gov/Transportation/Vehicle-Title-Transactions-by-Department-of-Licens/cdk6-5kdf
Jefferson,2019-05-01,86,1,1,0,88,2,0.022727272727272728,https://data.wa.gov/Transportation/Vehicle-Title-Transactions-by-Department-of-Licens/cdk6-5kdf
Jefferson,2019-06-01,57,2,1,0,60,3,0.05,https://data.wa.gov/Transportation/Vehicle-Title-Transactions-by-Department-of-Licens/cdk6-5kdf
Jefferson,2019-07-01,68,2,0,0,70,2,0.02857142857142857,https://data.wa.gov/Transportation/Vehicle-Title-Transactions-by-Department-of-Licens/cdk6-5kdf
Jefferson,2019-08-01,50,2,0,0,52,2,0.038461538461538464,https://data.wa.gov/Transportation/Vehicle-Title-Transactions-by-Department-of-Licens/cdk6-5kdf
Jefferson,2019-09-01,82,1,0,0,83,1,0.012048192771084338,https://data.wa.gov/Transportation/Vehicle-Title-Transactions-by-Department-of-Licens/cdk6-5kdf
Jefferson,2019-10-01,86,3,0,0,89,3,0.033707865168539325,https://data.wa.gov/Transportation/Vehicle-Title-Transactions-by-Department-of-Licens/cdk6-5kdf
Jefferson,2019-11-01,65,2,1,0,68,3,0.04411764705882353,https://data.wa.gov/Transportation/Vehicle-Title-Transactions-by-Department-of-Licens/cdk6-5kdf
Jefferson,2019-12-01,78,3,1,0,82,4,0.04878048780487805,https://data.wa.gov/Transportation/Vehicle-Title-Transactions-by-Department-of-Licens/cdk6-5kdf
Jefferson,2020-01-01,82,6,1,0,89,7,0.07865168539325842,https://data.wa.gov/Transportation/Vehicle-Title-Transactions-by-Department-of-Licens/cdk6-5kdf
Jefferson,2020-02-01,58,3,1,0,62,4,0.06451612903225806,https://data.wa.gov/Transportation/Vehicle-Title-Transactions-by-Department-of-Licens/cdk6-5kdf
Jefferson,2020-03-01,52,3,0,0,55,3,0.05454545454545454,https://data.wa.gov/Transportation/Vehicle-Title-Transactions-by-Department-of-Licens/cdk6-5kdf
Jefferson,2020-04-01,13,0,0,0,13,0,0,https://data.wa.gov/Transportation/Vehicle-Title-Transactions-by-Department-of-Licens/cdk6-5kdf
Jefferson,2020-05-01,32,2,0,0,34,2,0.058823529411764705,https://data.wa.gov/Transportation/Vehicle-Title-Transactions-by-Department-of-Licens/cdk6-5kdf
Jefferson,2020-06-01,68,2,0,0,70,2,0.02857142857142857,https://data.wa.gov/Transportation/Vehicle-Title-Transactions-by-Department-of-Licens/cdk6-5kdf
Jefferson,2020-07-01,75,10,1,0,86,11,0.12790697674418605,https://data.wa.gov/Transportation/Vehicle-Title-Transactions-by-Department-of-Licens/cdk6-5kdf
Jefferson,2020-08-01,58,1,0,0,59,1,0.01694915254237288,https://data.wa.gov/Transportation/Vehicle-Title-Transactions-by-Department-of-Licens/cdk6-5kdf
Jefferson,2020-09-01,87,2,1,0,90,3,0.03333333333333333,https://data.wa.gov/Transportation/Vehicle-Title-Transactions-by-Department-of-Licens/cdk6-5kdf
Jefferson,2020-10-01,90,4,1,0,95,5,0.05263157894736842,https://data.wa.gov/Transportation/Vehicle-Title-Transactions-by-Department-of-Licens/cdk6-5kdf
Jefferson,2020-11-01,42,7,3,0,52,10,0.19230769230769232,https://data.wa.gov/Transportation/Vehicle-Title-Transactions-by-Department-of-Licens/cdk6-5kdf
Jefferson,2020-12-01,72,4,3,0,79,7,0.08860759493670886,https://data.wa.gov/Transportation/Vehicle-Title-Transactions-by-Department-of-Licens/cdk6-5kdf
Jefferson,2021-01-01,79,5,3,0,87,8,0.09195402298850575,https://data.wa.gov/Transportation/Vehicle-Title-Transactions-by-Department-of-Licens/cdk6-5kdf
Jefferson,2021-02-01,47,4,2,0,53,6,0.11320754716981132,https://data.wa.gov/Transportation/Vehicle-Title-Transactions-by-Department-of-Licens/cdk6-5kdf
Jefferson,2021-03-01,75,3,0,0,78,3,0.038461538461538464,https://data.wa.gov/Transportation/Vehicle-Title-Transactions-by-Department-of-Licens/cdk6-5kdf
Jefferson,2021-04-01,74,7,0,0,81,7,0.08641975308641975,https://data.wa.gov/Transportation/Vehicle-Title-Transactions-by-Department-of-Licens/cdk6-5kdf
Jefferson,2021-05-01,41,12,2,0,55,14,0.2545454545454545,https://data.wa.gov/Transportation/Vehicle-Title-Transactions-by-Department-of-Licens/cdk6-5kdf
Jefferson,2021-06-01,75,6,1,0,82,7,0.08536585365853659,https://data.wa.gov/Transportation/Vehicle-Title-Transactions-by-Department-of-Licens/cdk6-5kdf
Jefferson,2021-07-01,71,8,1,0,80,9,0.1125,https://data.wa.gov/Transportation/Vehicle-Title-Transactions-by-Department-of-Licens/cdk6-5kdf
Jefferson,2021-08-01,61,6,1,0,68,7,0.10294117647058823,https://data.wa.gov/Transportation/Vehicle-Title-Transactions-by-Department-of-Licens/cdk6-5kdf
Jefferson,2021-09-01,50,6,2,0,58,8,0.13793103448275862,https://data.wa.gov/Transportation/Vehicle-Title-Transactions-by-Department-of-Licens/cdk6-5kdf
Jefferson,2021-10-01,53,3,1,0,57,4,0.07017543859649122,https://data.wa.gov/Transportation/Vehicle-Title-Transactions-by-Department-of-Licens/cdk6-5kdf
Jefferson,2021-11-01,54,3,2,0,59,5,0.0847457627118644,https://data.wa.gov/Transportation/Vehicle-Title-Transactions-by-Department-of-Licens/cdk6-5kdf
Jefferson,2021-12-01,52,8,0,0,60,8,0.13333333333333333,https://data.wa.gov/Transportation/Vehicle-Title-Transactions-by-Department-of-Licens/cdk6-5kdf
Jefferson,2022-01-01,58,7,0,0,65,7,0.1076923076923077,https://data.wa.gov/Transportation/Vehicle-Title-Transactions-by-Department-of-Licens/cdk6-5kdf
Jefferson,2022-02-01,50,5,5,0,60,10,0.16666666666666666,https://data.wa.gov/Transportation/Vehicle-Title-Transactions-by-Department-of-Licens/cdk6-5kdf
Jefferson,2022-03-01,63,8,2,0,73,10,0.136986301369863,https://data.wa.gov/Transportation/Vehicle-Title-Transactions-by-Department-of-Licens/cdk6-5kdf
Jefferson,2022-04-01,58,8,0,0,66,8,0.12121212121212122,https://data.wa.gov/Transportation/Vehicle-Title-Transactions-by-Department-of-Licens/cdk6-5kdf
Jefferson,2022-05-01,40,8,1,0,49,9,0.1836734693877551,https://data.wa.gov/Transportation/Vehicle-Title-Transactions-by-Department-of-Licens/cdk6-5kdf
Jefferson,2022-06-01,47,10,1,0,58,11,0.1896551724137931,https://data.wa.gov/Transportation/Vehicle-Title-Transactions-by-Department-of-Licens/cdk6-5kdf
Jefferson,2022-07-01,41,10,0,0,51,10,0.19607843137254902,https://data.wa.gov/Transportation/Vehicle-Title-Transactions-by-Department-of-Licens/cdk6-5kdf
Jefferson,2022-08-01,44,8,1,0,53,9,0.16981132075471697,https://data.wa.gov/Transportation/Vehicle-Title-Transactions-by-Department-of-Licens/cdk6-5kdf
Jefferson,2022-09-01,39,5,1,0,45,6,0.13333333333333333,https://data.wa.gov/Transportation/Vehicle-Title-Transactions-by-Department-of-Licens/cdk6-5kdf
Jefferson,2022-10-01,54,11,1,0,66,12,0.18181818181818182,https://data.wa.gov/Transportation/Vehicle-Title-Transactions-by-Department-of-Licens/cdk6-5kdf
Jefferson,2022-11-01,50,12,5,0,67,17,0.2537313432835821,https://data.wa.gov/Transportation/Vehicle-Title-Transactions-by-Department-of-Licens/cdk6-5kdf
Jefferson,2022-12-01,37,3,2,0,42,5,0.11904761904761904,https://data.wa.gov/Transportation/Vehicle-Title-Transactions-by-Department-of-Licens/cdk6-5kdf
Jefferson,2023-01-01,50,11,5,0,66,16,0.24242424242424243,https://data.wa.gov/Transportation/Vehicle-Title-Transactions-by-Department-of-Licens/cdk6-5kdf
Jefferson,2023-02-01,39,12,2,0,53,14,0.2641509433962264,https://data.wa.gov/Transportation/Vehicle-Title-Transactions-by-Department-of-Licens/cdk6-5kdf
Jefferson,2023-03-01,53,10,3,0,66,13,0.19696969696969696,https://data.wa.gov/Transportation/Vehicle-Title-Transactions-by-Department-of-Licens/cdk6-5kdf
Jefferson,2023-04-01,52,14,3,0,69,17,0.2463768115942029,https://data.wa.gov/Transportation/Vehicle-Title-Transactions-by-Department-of-Licens/cdk6-5kdf
Jefferson,2023-05-01,66,12,5,0,83,17,0.20481927710843373,https://data.wa.gov/Transportation/Vehicle-Title-Transactions-by-Department-of-Licens/cdk6-5kdf
Jefferson,2023-06-01,66,10,2,0,78,12,0.15384615384615385,https://data.wa.gov/Transportation/Vehicle-Title-Transactions-by-Department-of-Licens/cdk6-5kdf
Jefferson,2023-07-01,51,7,3,0,61,10,0.16393442622950818,https://data.wa.gov/Transportation/Vehicle-Title-Transactions-by-Department-of-Licens/cdk6-5kdf
Jefferson,2023-08-01,72,12,0,0,84,12,0.14285714285714285,https://data.wa.gov/Transportation/Vehicle-Title-Transactions-by-Department-of-Licens/cdk6-5kdf
Jefferson,2023-09-01,71,9,5,0,85,14,0.16470588235294117,https://data.wa.gov/Transportation/Vehicle-Title-Transactions-by-Department-of-Licens/cdk6-5kdf
Jefferson,2023-10-01,54,12,1,0,67,13,0.19402985074626866,https://data.wa.gov/Transportation/Vehicle-Title-Transactions-by-Department-of-Licens/cdk6-5kdf
Jefferson,2023-11-01,56,13,3,0,72,16,0.2222222222222222,https://data.wa.gov/Transportation/Vehicle-Title-Transactions-by-Department-of-Licens/cdk6-5kdf
Jefferson,2023-12-01,51,20,4,0,75,24,0.32,https://data.wa.gov/Transportation/Vehicle-Title-Transactions-by-Department-of-Licens/cdk6-5kdf
Jefferson,2024-01-01,57,17,2,0,76,19,0.25,https://data.wa.gov/Transportation/Vehicle-Title-Transactions-by-Department-of-Licens/cdk6-5kdf
Jefferson,2024-02-01,48,7,4,0,59,11,0.1864406779661017,https://data.wa.gov/Transportation/Vehicle-Title-Transactions-by-Department-of-Licens/cdk6-5kdf
Jefferson,2024-03-01,56,7,4,0,67,11,0.16417910447761194,https://data.wa.gov/Transportation/Vehicle-Title-Transactions-by-Department-of-Licens/cdk6-5kdf
Jefferson,2024-04-01,51,13,7,0,71,20,0.28169014084507044,https://data.wa.gov/Transportation/Vehicle-Title-Transactions-by-Department-of-Licens/cdk6-5kdf
Jefferson,2024-05-01,65,12,1,0,78,13,0.16666666666666666,https://data.wa.gov/Transportation/Vehicle-Title-Transactions-by-Department-of-Licens/cdk6-5kdf
Jefferson,2024-06-01,47,8,1,0,56,9,0.16071428571428573,https://data.wa.gov/Transportation/Vehicle-Title-Transactions-by-Department-of-Licens/cdk6-5kdf
Jefferson,2024-07-01,58,18,3,0,79,21,0.26582278481012656,https://data.wa.gov/Transportation/Vehicle-Title-Transactions-by-Department-of-Licens/cdk6-5kdf
Jefferson,2024-08-01,68,15,4,0,87,19,0.21839080459770116,https://data.wa.gov/Transportation/Vehicle-Title-Transactions-by-Department-of-Licens/cdk6-5kdf
Jefferson,2024-09-01,60,21,3,0,84,24,0.2857142857142857,https://data.wa.gov/Transportation/Vehicle-Title-Transactions-by-Department-of-Licens/cdk6-5kdf
Jefferson,2024-10-01,50,11,6,0,67,17,0.2537313432835821,https://data.wa.gov/Transportation/Vehicle-Title-Transactions-by-Department-of-Licens/cdk6-5kdf
Jefferson,2024-11-01,42,11,5,0,58,16,0.27586206896551724,https://data.wa.gov/Transportation/Vehicle-Title-Transactions-by-Department-of-Licens/cdk6-5kdf
Jefferson,2024-12-01,57,19,5,0,81,24,0.2962962962962963,https://data.wa.gov/Transportation/Vehicle-Title-Transactions-by-Department-of-Licens/cdk6-5kdf
Jefferson,2025-01-01,74,14,4,0,92,18,0.1956521739130435,https://data.wa.gov/Transportation/Vehicle-Title-Transactions-by-Department-of-Licens/cdk6-5kdf
Jefferson,2025-02-01,49,16,5,0,70,21,0.3,https://data.wa.gov/Transportation/Vehicle-Title-Transactions-by-Department-of-Licens/cdk6-5kdf
Jefferson,2025-03-01,66,13,3,0,82,16,0.1951219512195122,https://data.wa.gov/Transportation/Vehicle-Title-Transactions-by-Department-of-Licens/cdk6-5kdf
Jefferson,2025-04-01,74,11,7,0,92,18,0.1956521739130435,https://data.wa.gov/Transportation/Vehicle-Title-Transactions-by-Department-of-Licens/cdk6-5kdf
Jefferson,2025-05-01,61,12,6,0,79,18,0.22784810126582278,https://data.wa.gov/Transportation/Vehicle-Title-Transactions-by-Department-of-Licens/cdk6-5kdf
Jefferson,2025-06-01,59,8,2,0,69,10,0.14492753623188406,https://data.wa.gov/Transportation/Vehicle-Title-Transactions-by-Department-of-Licens/cdk6-5kdf
Jefferson,2025-07-01,52,12,1,0,65,13,0.2,https://data.wa.gov/Transportation/Vehicle-Title-Transactions-by-Department-of-Licens/cdk6-5kdf
Jefferson,2025-08-01,49,13,4,0,66,17,0.25757575757575757,https://data.wa.gov/Transportation/Vehicle-Title-Transactions-by-Department-of-Licens/cdk6-5kdf
Jefferson,2025-09-01,62,18,4,0,84,22,0.2619047619047619,https://data.wa.gov/Transportation/Vehicle-Title-Transactions-by-Department-of-Licens/cdk6-5kdf
Jefferson,2025-10-01,55,21,4,0,80,25,0.3125,https://data.wa.gov/Transportation/Vehicle-Title-Transactions-by-Department-of-Licens/cdk6-5kdf
Jefferson,2025-11-01,44,8,0,0,52,8,0.15384615384615385,https://data.wa.gov/Transportation/Vehicle-Title-Transactions-by-Department-of-Licens/cdk6-5kdf
Jefferson,2025-12-01,66,10,4,0,80,14,0.175,https://data.wa.gov/Transportation/Vehicle-Title-Transactions-by-Department-of-Licens/cdk6-5kdf
Jefferson,2026-01-01,69,9,5,0,83,14,0.1686746987951807,https://data.wa.gov/Transportation/Vehicle-Title-Transactions-by-Department-of-Licens/cdk6-5kdf
Jefferson,2026-02-01,57,9,0,0,66,9,0.13636363636363635,https://data.wa.gov/Transportation/Vehicle-Title-Transactions-by-Department-of-Licens/cdk6-5kdf
Jefferson,2026-03-01,42,6,3,0,51,9,0.17647058823529413,https://data.wa.gov/Transportation/Vehicle-Title-Transactions-by-Department-of-Licens/cdk6-5kdf
Jefferson,2026-04-01,45,16,2,0,63,18,0.2857142857142857,https://data.wa.gov/Transportation/Vehicle-Title-Transactions-by-Department-of-Licens/cdk6-5kdf
Jefferson,2026-05-01,51,15,3,0,69,18,0.2608695652173913,https://data.wa.gov/Transportation/Vehicle-Title-Transactions-by-Department-of-Licens/cdk6-5kdf
Jefferson,2026-06-01,57,16,1,0,74,17,0.22972972972972974,https://data.wa.gov/Transportation/Vehicle-Title-Transactions-by-Department-of-Licens/cdk6-5kdf
King,2017-01-01,10426,266,110,0,10802,376,0.03480836882058878,https://data.wa.gov/Transportation/Vehicle-Title-Transactions-by-Department-of-Licens/cdk6-5kdf
King,2017-02-01,8173,248,99,0,8520,347,0.04072769953051643,https://data.wa.gov/Transportation/Vehicle-Title-Transactions-by-Department-of-Licens/cdk6-5kdf
King,2017-03-01,10958,240,102,0,11300,342,0.030265486725663718,https://data.wa.gov/Transportation/Vehicle-Title-Transactions-by-Department-of-Licens/cdk6-5kdf
King,2017-04-01,9030,270,99,0,9399,369,0.03925949569103096,https://data.wa.gov/Transportation/Vehicle-Title-Transactions-by-Department-of-Licens/cdk6-5kdf
King,2017-05-01,11245,272,102,0,11619,374,0.03218865651088734,https://data.wa.gov/Transportation/Vehicle-Title-Transactions-by-Department-of-Licens/cdk6-5kdf
King,2017-06-01,11298,299,116,0,11713,415,0.03543071800563476,https://data.wa.gov/Transportation/Vehicle-Title-Transactions-by-Department-of-Licens/cdk6-5kdf
King,2017-07-01,8226,255,90,0,8571,345,0.04025201260063003,https://data.wa.gov/Transportation/Vehicle-Title-Transactions-by-Department-of-Licens/cdk6-5kdf
King,2017-08-01,8946,222,105,0,9273,327,0.03526366871562601,https://data.wa.gov/Transportation/Vehicle-Title-Transactions-by-Department-of-Licens/cdk6-5kdf
King,2017-09-01,8480,283,80,0,8843,363,0.04104941761845528,https://data.wa.gov/Transportation/Vehicle-Title-Transactions-by-Department-of-Licens/cdk6-5kdf
King,2017-10-01,8318,312,106,0,8736,418,0.047847985347985345,https://data.wa.gov/Transportation/Vehicle-Title-Transactions-by-Department-of-Licens/cdk6-5kdf
King,2017-11-01,7502,167,111,0,7780,278,0.03573264781491003,https://data.wa.gov/Transportation/Vehicle-Title-Transactions-by-Department-of-Licens/cdk6-5kdf
King,2017-12-01,8267,207,92,0,8566,299,0.03490544011207098,https://data.wa.gov/Transportation/Vehicle-Title-Transactions-by-Department-of-Licens/cdk6-5kdf
King,2018-01-01,9678,352,173,0,10203,525,0.051455454278153484,https://data.wa.gov/Transportation/Vehicle-Title-Transactions-by-Department-of-Licens/cdk6-5kdf
King,2018-02-01,7048,161,129,0,7338,290,0.03952030526028891,https://data.wa.gov/Transportation/Vehicle-Title-Transactions-by-Department-of-Licens/cdk6-5kdf
King,2018-03-01,9253,291,124,0,9668,415,0.04292511377741001,https://data.wa.gov/Transportation/Vehicle-Title-Transactions-by-Department-of-Licens/cdk6-5kdf
King,2018-04-01,8735,338,131,0,9204,469,0.0509561060408518,https://data.wa.gov/Transportation/Vehicle-Title-Transactions-by-Department-of-Licens/cdk6-5kdf
King,2018-05-01,9973,543,176,0,10692,719,0.06724653946876169,https://data.wa.gov/Transportation/Vehicle-Title-Transactions-by-Department-of-Licens/cdk6-5kdf
King,2018-06-01,10639,493,180,0,11312,673,0.059494342291371995,https://data.wa.gov/Transportation/Vehicle-Title-Transactions-by-Department-of-Licens/cdk6-5kdf
King,2018-07-01,8569,381,144,0,9094,525,0.057730371673630966,https://data.wa.gov/Transportation/Vehicle-Title-Transactions-by-Department-of-Licens/cdk6-5kdf
King,2018-08-01,7832,346,143,0,8321,489,0.05876697512318231,https://data.wa.gov/Transportation/Vehicle-Title-Transactions-by-Department-of-Licens/cdk6-5kdf
King,2018-09-01,7600,480,127,0,8207,607,0.07396125258925308,https://data.wa.gov/Transportation/Vehicle-Title-Transactions-by-Department-of-Licens/cdk6-5kdf
King,2018-10-01,7778,910,140,0,8828,1050,0.11893973719981876,https://data.wa.gov/Transportation/Vehicle-Title-Transactions-by-Department-of-Licens/cdk6-5kdf
King,2018-11-01,7052,845,158,0,8055,1003,0.12451893234016138,https://data.wa.gov/Transportation/Vehicle-Title-Transactions-by-Department-of-Licens/cdk6-5kdf
King,2018-12-01,8023,698,148,0,8869,846,0.09538843161574022,https://data.wa.gov/Transportation/Vehicle-Title-Transactions-by-Department-of-Licens/cdk6-5kdf
King,2019-01-01,10234,906,127,0,11267,1033,0.09168367799769238,https://data.wa.gov/Transportation/Vehicle-Title-Transactions-by-Department-of-Licens/cdk6-5kdf
King,2019-02-01,6937,379,57,0,7373,436,0.05913468059134681,https://data.wa.gov/Transportation/Vehicle-Title-Transactions-by-Department-of-Licens/cdk6-5kdf
King,2019-03-01,9322,224,76,0,9622,300,0.03117854915817917,https://data.wa.gov/Transportation/Vehicle-Title-Transactions-by-Department-of-Licens/cdk6-5kdf
King,2019-04-01,9087,651,83,0,9821,734,0.07473780674065778,https://data.wa.gov/Transportation/Vehicle-Title-Transactions-by-Department-of-Licens/cdk6-5kdf
King,2019-05-01,9949,425,62,0,10436,487,0.04666538903794557,https://data.wa.gov/Transportation/Vehicle-Title-Transactions-by-Department-of-Licens/cdk6-5kdf
King,2019-06-01,10459,521,54,0,11034,575,0.052111654884901215,https://data.wa.gov/Transportation/Vehicle-Title-Transactions-by-Department-of-Licens/cdk6-5kdf
King,2019-07-01,8564,598,84,0,9246,682,0.07376162664936188,https://data.wa.gov/Transportation/Vehicle-Title-Transactions-by-Department-of-Licens/cdk6-5kdf
King,2019-08-01,8040,404,74,0,8518,478,0.056116459262737735,https://data.wa.gov/Transportation/Vehicle-Title-Transactions-by-Department-of-Licens/cdk6-5kdf
King,2019-09-01,7288,477,81,0,7846,558,0.07111904154983431,https://data.wa.gov/Transportation/Vehicle-Title-Transactions-by-Department-of-Licens/cdk6-5kdf
King,2019-10-01,7147,920,80,0,8147,1000,0.12274456855284153,https://data.wa.gov/Transportation/Vehicle-Title-Transactions-by-Department-of-Licens/cdk6-5kdf
King,2019-11-01,5959,235,70,0,6264,305,0.048690932311621964,https://data.wa.gov/Transportation/Vehicle-Title-Transactions-by-Department-of-Licens/cdk6-5kdf
King,2019-12-01,7396,425,70,0,7891,495,0.062729692054239,https://data.wa.gov/Transportation/Vehicle-Title-Transactions-by-Department-of-Licens/cdk6-5kdf
King,2020-01-01,8948,1221,64,0,10233,1285,0.1255741229356005,https://data.wa.gov/Transportation/Vehicle-Title-Transactions-by-Department-of-Licens/cdk6-5kdf
King,2020-02-01,7461,231,61,0,7753,292,0.037662840190893845,https://data.wa.gov/Transportation/Vehicle-Title-Transactions-by-Department-of-Licens/cdk6-5kdf
King,2020-03-01,7072,538,82,0,7692,620,0.08060322412896516,https://data.wa.gov/Transportation/Vehicle-Title-Transactions-by-Department-of-Licens/cdk6-5kdf
King,2020-04-01,2231,362,35,0,2628,397,0.1510654490106545,https://data.wa.gov/Transportation/Vehicle-Title-Transactions-by-Department-of-Licens/cdk6-5kdf
King,2020-05-01,2733,104,27,0,2864,131,0.04574022346368715,https://data.wa.gov/Transportation/Vehicle-Title-Transactions-by-Department-of-Licens/cdk6-5kdf
King,2020-06-01,5853,223,67,0,6143,290,0.047208204460361385,https://data.wa.gov/Transportation/Vehicle-Title-Transactions-by-Department-of-Licens/cdk6-5kdf
King,2020-07-01,6518,837,57,0,7412,894,0.12061521856449002,https://data.wa.gov/Transportation/Vehicle-Title-Transactions-by-Department-of-Licens/cdk6-5kdf
King,2020-08-01,5916,362,75,0,6353,437,0.06878640012592475,https://data.wa.gov/Transportation/Vehicle-Title-Transactions-by-Department-of-Licens/cdk6-5kdf
King,2020-09-01,6742,348,86,0,7176,434,0.060479375696767,https://data.wa.gov/Transportation/Vehicle-Title-Transactions-by-Department-of-Licens/cdk6-5kdf
King,2020-10-01,6805,569,111,0,7485,680,0.09084836339345358,https://data.wa.gov/Transportation/Vehicle-Title-Transactions-by-Department-of-Licens/cdk6-5kdf
King,2020-11-01,5671,800,81,0,6552,881,0.13446275946275946,https://data.wa.gov/Transportation/Vehicle-Title-Transactions-by-Department-of-Licens/cdk6-5kdf
King,2020-12-01,7227,522,114,0,7863,636,0.08088515833651277,https://data.wa.gov/Transportation/Vehicle-Title-Transactions-by-Department-of-Licens/cdk6-5kdf
King,2021-01-01,7251,872,136,0,8259,1008,0.12204867417362877,https://data.wa.gov/Transportation/Vehicle-Title-Transactions-by-Department-of-Licens/cdk6-5kdf
King,2021-02-01,5991,480,83,0,6554,563,0.08590173939578884,https://data.wa.gov/Transportation/Vehicle-Title-Transactions-by-Department-of-Licens/cdk6-5kdf
King,2021-03-01,7799,411,111,0,8321,522,0.06273284461002283,https://data.wa.gov/Transportation/Vehicle-Title-Transactions-by-Department-of-Licens/cdk6-5kdf
King,2021-04-01,7948,952,135,0,9035,1087,0.12030990592141672,https://data.wa.gov/Transportation/Vehicle-Title-Transactions-by-Department-of-Licens/cdk6-5kdf
King,2021-05-01,7581,677,169,0,8427,846,0.10039159843360626,https://data.wa.gov/Transportation/Vehicle-Title-Transactions-by-Department-of-Licens/cdk6-5kdf
King,2021-06-01,7479,598,227,0,8304,825,0.09934971098265896,https://data.wa.gov/Transportation/Vehicle-Title-Transactions-by-Department-of-Licens/cdk6-5kdf
King,2021-07-01,6571,1113,171,0,7855,1284,0.16346276257161044,https://data.wa.gov/Transportation/Vehicle-Title-Transactions-by-Department-of-Licens/cdk6-5kdf
King,2021-08-01,6235,787,175,0,7197,962,0.13366680561345004,https://data.wa.gov/Transportation/Vehicle-Title-Transactions-by-Department-of-Licens/cdk6-5kdf
King,2021-09-01,5818,757,102,0,6677,859,0.1286505915830463,https://data.wa.gov/Transportation/Vehicle-Title-Transactions-by-Department-of-Licens/cdk6-5kdf
King,2021-10-01,5207,1024,197,0,6428,1221,0.18995021779713753,https://data.wa.gov/Transportation/Vehicle-Title-Transactions-by-Department-of-Licens/cdk6-5kdf
King,2021-11-01,4607,942,152,0,5701,1094,0.19189615856867218,https://data.wa.gov/Transportation/Vehicle-Title-Transactions-by-Department-of-Licens/cdk6-5kdf
King,2021-12-01,4616,1023,128,0,5767,1151,0.199583839084446,https://data.wa.gov/Transportation/Vehicle-Title-Transactions-by-Department-of-Licens/cdk6-5kdf
King,2022-01-01,5590,931,158,0,6679,1089,0.16304836053301391,https://data.wa.gov/Transportation/Vehicle-Title-Transactions-by-Department-of-Licens/cdk6-5kdf
King,2022-02-01,5370,888,126,0,6384,1014,0.1588345864661654,https://data.wa.gov/Transportation/Vehicle-Title-Transactions-by-Department-of-Licens/cdk6-5kdf
King,2022-03-01,6104,892,187,0,7183,1079,0.15021578727551163,https://data.wa.gov/Transportation/Vehicle-Title-Transactions-by-Department-of-Licens/cdk6-5kdf
King,2022-04-01,5882,1358,123,0,7363,1481,0.2011408393317941,https://data.wa.gov/Transportation/Vehicle-Title-Transactions-by-Department-of-Licens/cdk6-5kdf
King,2022-05-01,6448,837,217,0,7502,1054,0.14049586776859505,https://data.wa.gov/Transportation/Vehicle-Title-Transactions-by-Department-of-Licens/cdk6-5kdf
King,2022-06-01,6860,943,230,0,8033,1173,0.14602265654176522,https://data.wa.gov/Transportation/Vehicle-Title-Transactions-by-Department-of-Licens/cdk6-5kdf
King,2022-07-01,5277,1308,120,0,6705,1428,0.21297539149888142,https://data.wa.gov/Transportation/Vehicle-Title-Transactions-by-Department-of-Licens/cdk6-5kdf
King,2022-08-01,5792,1177,155,0,7124,1332,0.18697361033127458,https://data.wa.gov/Transportation/Vehicle-Title-Transactions-by-Department-of-Licens/cdk6-5kdf
King,2022-09-01,4925,879,154,0,5958,1033,0.17338032896945282,https://data.wa.gov/Transportation/Vehicle-Title-Transactions-by-Department-of-Licens/cdk6-5kdf
King,2022-10-01,5184,2027,168,0,7379,2195,0.29746578127117496,https://data.wa.gov/Transportation/Vehicle-Title-Transactions-by-Department-of-Licens/cdk6-5kdf
King,2022-11-01,4599,1815,165,0,6579,1980,0.3009575923392613,https://data.wa.gov/Transportation/Vehicle-Title-Transactions-by-Department-of-Licens/cdk6-5kdf
King,2022-12-01,5037,1538,189,0,6764,1727,0.2553222945002957,https://data.wa.gov/Transportation/Vehicle-Title-Transactions-by-Department-of-Licens/cdk6-5kdf
King,2023-01-01,5553,1786,242,0,7581,2028,0.26751088246933125,https://data.wa.gov/Transportation/Vehicle-Title-Transactions-by-Department-of-Licens/cdk6-5kdf
King,2023-02-01,4874,1298,206,0,6378,1504,0.23581059893383505,https://data.wa.gov/Transportation/Vehicle-Title-Transactions-by-Department-of-Licens/cdk6-5kdf
King,2023-03-01,6518,1360,241,0,8119,1601,0.1971917723857618,https://data.wa.gov/Transportation/Vehicle-Title-Transactions-by-Department-of-Licens/cdk6-5kdf
King,2023-04-01,6021,1799,182,0,8002,1981,0.24756310922269434,https://data.wa.gov/Transportation/Vehicle-Title-Transactions-by-Department-of-Licens/cdk6-5kdf
King,2023-05-01,6995,1849,290,0,9134,2139,0.23417998686227282,https://data.wa.gov/Transportation/Vehicle-Title-Transactions-by-Department-of-Licens/cdk6-5kdf
King,2023-06-01,7997,2105,213,0,10315,2318,0.22472127968977218,https://data.wa.gov/Transportation/Vehicle-Title-Transactions-by-Department-of-Licens/cdk6-5kdf
King,2023-07-01,6814,1864,246,0,8924,2110,0.23644105782160466,https://data.wa.gov/Transportation/Vehicle-Title-Transactions-by-Department-of-Licens/cdk6-5kdf
King,2023-08-01,6373,2889,369,0,9631,3258,0.33828262901048695,https://data.wa.gov/Transportation/Vehicle-Title-Transactions-by-Department-of-Licens/cdk6-5kdf
King,2023-09-01,5095,1987,341,0,7423,2328,0.3136198302573084,https://data.wa.gov/Transportation/Vehicle-Title-Transactions-by-Department-of-Licens/cdk6-5kdf
King,2023-10-01,5320,2104,358,0,7782,2462,0.3163711128244667,https://data.wa.gov/Transportation/Vehicle-Title-Transactions-by-Department-of-Licens/cdk6-5kdf
King,2023-11-01,4852,1560,279,0,6691,1839,0.27484680914661486,https://data.wa.gov/Transportation/Vehicle-Title-Transactions-by-Department-of-Licens/cdk6-5kdf
King,2023-12-01,5764,2067,256,0,8087,2323,0.28725114381105477,https://data.wa.gov/Transportation/Vehicle-Title-Transactions-by-Department-of-Licens/cdk6-5kdf
King,2024-01-01,6569,2365,436,0,9370,2801,0.2989327641408751,https://data.wa.gov/Transportation/Vehicle-Title-Transactions-by-Department-of-Licens/cdk6-5kdf
King,2024-02-01,5998,2004,348,0,8350,2352,0.2816766467065868,https://data.wa.gov/Transportation/Vehicle-Title-Transactions-by-Department-of-Licens/cdk6-5kdf
King,2024-03-01,6317,1416,315,0,8048,1731,0.2150844930417495,https://data.wa.gov/Transportation/Vehicle-Title-Transactions-by-Department-of-Licens/cdk6-5kdf
King,2024-04-01,5750,1382,306,0,7438,1688,0.22694272653939232,https://data.wa.gov/Transportation/Vehicle-Title-Transactions-by-Department-of-Licens/cdk6-5kdf
King,2024-05-01,9234,1695,302,0,11231,1997,0.17781141483394178,https://data.wa.gov/Transportation/Vehicle-Title-Transactions-by-Department-of-Licens/cdk6-5kdf
King,2024-06-01,6552,1459,266,0,8277,1725,0.2084088437839797,https://data.wa.gov/Transportation/Vehicle-Title-Transactions-by-Department-of-Licens/cdk6-5kdf
King,2024-07-01,7476,2755,498,0,10729,3253,0.3031969428651319,https://data.wa.gov/Transportation/Vehicle-Title-Transactions-by-Department-of-Licens/cdk6-5kdf
King,2024-08-01,5716,2378,318,0,8412,2696,0.3204945316214931,https://data.wa.gov/Transportation/Vehicle-Title-Transactions-by-Department-of-Licens/cdk6-5kdf
King,2024-09-01,5078,2280,288,0,7646,2568,0.33586188856918653,https://data.wa.gov/Transportation/Vehicle-Title-Transactions-by-Department-of-Licens/cdk6-5kdf
King,2024-10-01,5660,2362,337,0,8359,2699,0.3228855126211269,https://data.wa.gov/Transportation/Vehicle-Title-Transactions-by-Department-of-Licens/cdk6-5kdf
King,2024-11-01,4732,1805,261,0,6798,2066,0.303912915563401,https://data.wa.gov/Transportation/Vehicle-Title-Transactions-by-Department-of-Licens/cdk6-5kdf
King,2024-12-01,5850,2018,344,0,8212,2362,0.28762786166585486,https://data.wa.gov/Transportation/Vehicle-Title-Transactions-by-Department-of-Licens/cdk6-5kdf
King,2025-01-01,6946,2728,460,0,10134,3188,0.31458456680481545,https://data.wa.gov/Transportation/Vehicle-Title-Transactions-by-Department-of-Licens/cdk6-5kdf
King,2025-02-01,4937,1568,276,0,6781,1844,0.271936292582215,https://data.wa.gov/Transportation/Vehicle-Title-Transactions-by-Department-of-Licens/cdk6-5kdf
King,2025-03-01,6536,1572,332,0,8440,1904,0.22559241706161137,https://data.wa.gov/Transportation/Vehicle-Title-Transactions-by-Department-of-Licens/cdk6-5kdf
King,2025-04-01,7414,2048,658,0,10120,2706,0.2673913043478261,https://data.wa.gov/Transportation/Vehicle-Title-Transactions-by-Department-of-Licens/cdk6-5kdf
King,2025-05-01,7900,1591,433,0,9924,2024,0.20395002015316405,https://data.wa.gov/Transportation/Vehicle-Title-Transactions-by-Department-of-Licens/cdk6-5kdf
King,2025-06-01,7462,1568,231,0,9261,1799,0.1942554799697657,https://data.wa.gov/Transportation/Vehicle-Title-Transactions-by-Department-of-Licens/cdk6-5kdf
King,2025-07-01,6526,2149,269,0,8944,2418,0.2703488372093023,https://data.wa.gov/Transportation/Vehicle-Title-Transactions-by-Department-of-Licens/cdk6-5kdf
King,2025-08-01,5199,1979,314,0,7492,2293,0.3060597971169247,https://data.wa.gov/Transportation/Vehicle-Title-Transactions-by-Department-of-Licens/cdk6-5kdf
King,2025-09-01,5072,2157,310,0,7539,2467,0.32723172834593445,https://data.wa.gov/Transportation/Vehicle-Title-Transactions-by-Department-of-Licens/cdk6-5kdf
King,2025-10-01,4927,2727,296,0,7950,3023,0.38025157232704404,https://data.wa.gov/Transportation/Vehicle-Title-Transactions-by-Department-of-Licens/cdk6-5kdf
King,2025-11-01,4298,1322,135,0,5755,1457,0.2531711555169418,https://data.wa.gov/Transportation/Vehicle-Title-Transactions-by-Department-of-Licens/cdk6-5kdf
King,2025-12-01,5854,901,160,0,6915,1061,0.1534345625451916,https://data.wa.gov/Transportation/Vehicle-Title-Transactions-by-Department-of-Licens/cdk6-5kdf
King,2026-01-01,5984,1635,183,0,7802,1818,0.23301717508331196,https://data.wa.gov/Transportation/Vehicle-Title-Transactions-by-Department-of-Licens/cdk6-5kdf
King,2026-02-01,5051,1012,142,0,6205,1154,0.18597904915390814,https://data.wa.gov/Transportation/Vehicle-Title-Transactions-by-Department-of-Licens/cdk6-5kdf
King,2026-03-01,6242,1107,139,0,7488,1246,0.16639957264957264,https://data.wa.gov/Transportation/Vehicle-Title-Transactions-by-Department-of-Licens/cdk6-5kdf
King,2026-04-01,7965,1793,172,0,9930,1965,0.19788519637462235,https://data.wa.gov/Transportation/Vehicle-Title-Transactions-by-Department-of-Licens/cdk6-5kdf
King,2026-05-01,8515,1364,231,0,10110,1595,0.15776458951533134,https://data.wa.gov/Transportation/Vehicle-Title-Transactions-by-Department-of-Licens/cdk6-5kdf
King,2026-06-01,8259,1412,308,0,9979,1720,0.1723619601162441,https://data.wa.gov/Transportation/Vehicle-Title-Transactions-by-Department-of-Licens/cdk6-5kdf
Kitsap,2017-01-01,785,10,8,0,803,18,0.0224159402241594,https://data.wa.gov/Transportation/Vehicle-Title-Transactions-by-Department-of-Licens/cdk6-5kdf
Kitsap,2017-02-01,523,4,10,0,537,14,0.0260707635009311,https://data.wa.gov/Transportation/Vehicle-Title-Transactions-by-Department-of-Licens/cdk6-5kdf
Kitsap,2017-03-01,783,11,6,0,800,17,0.02125,https://data.wa.gov/Transportation/Vehicle-Title-Transactions-by-Department-of-Licens/cdk6-5kdf
Kitsap,2017-04-01,803,13,10,0,826,23,0.02784503631961259,https://data.wa.gov/Transportation/Vehicle-Title-Transactions-by-Department-of-Licens/cdk6-5kdf
Kitsap,2017-05-01,688,13,2,0,703,15,0.021337126600284494,https://data.wa.gov/Transportation/Vehicle-Title-Transactions-by-Department-of-Licens/cdk6-5kdf
Kitsap,2017-06-01,859,10,8,0,877,18,0.020524515393386546,https://data.wa.gov/Transportation/Vehicle-Title-Transactions-by-Department-of-Licens/cdk6-5kdf
Kitsap,2017-07-01,618,12,5,0,635,17,0.026771653543307086,https://data.wa.gov/Transportation/Vehicle-Title-Transactions-by-Department-of-Licens/cdk6-5kdf
Kitsap,2017-08-01,899,15,7,0,921,22,0.023887079261672096,https://data.wa.gov/Transportation/Vehicle-Title-Transactions-by-Department-of-Licens/cdk6-5kdf
Kitsap,2017-09-01,811,12,7,0,830,19,0.02289156626506024,https://data.wa.gov/Transportation/Vehicle-Title-Transactions-by-Department-of-Licens/cdk6-5kdf
Kitsap,2017-10-01,776,12,8,0,796,20,0.02512562814070352,https://data.wa.gov/Transportation/Vehicle-Title-Transactions-by-Department-of-Licens/cdk6-5kdf
Kitsap,2017-11-01,663,6,6,0,675,12,0.017777777777777778,https://data.wa.gov/Transportation/Vehicle-Title-Transactions-by-Department-of-Licens/cdk6-5kdf
Kitsap,2017-12-01,688,13,11,0,712,24,0.033707865168539325,https://data.wa.gov/Transportation/Vehicle-Title-Transactions-by-Department-of-Licens/cdk6-5kdf
Kitsap,2018-01-01,918,11,18,0,947,29,0.030623020063357972,https://data.wa.gov/Transportation/Vehicle-Title-Transactions-by-Department-of-Licens/cdk6-5kdf
Kitsap,2018-02-01,576,9,15,0,600,24,0.04,https://data.wa.gov/Transportation/Vehicle-Title-Transactions-by-Department-of-Licens/cdk6-5kdf
Kitsap,2018-03-01,694,17,7,0,718,24,0.033426183844011144,https://data.wa.gov/Transportation/Vehicle-Title-Transactions-by-Department-of-Licens/cdk6-5kdf
Kitsap,2018-04-01,686,13,11,0,710,24,0.03380281690140845,https://data.wa.gov/Transportation/Vehicle-Title-Transactions-by-Department-of-Licens/cdk6-5kdf
Kitsap,2018-05-01,704,34,7,0,745,41,0.05503355704697987,https://data.wa.gov/Transportation/Vehicle-Title-Transactions-by-Department-of-Licens/cdk6-5kdf
Kitsap,2018-06-01,803,19,7,0,829,26,0.031363088057901084,https://data.wa.gov/Transportation/Vehicle-Title-Transactions-by-Department-of-Licens/cdk6-5kdf
Kitsap,2018-07-01,775,9,11,0,795,20,0.025157232704402517,https://data.wa.gov/Transportation/Vehicle-Title-Transactions-by-Department-of-Licens/cdk6-5kdf
Kitsap,2018-08-01,759,19,13,0,791,32,0.040455120101137804,https://data.wa.gov/Transportation/Vehicle-Title-Transactions-by-Department-of-Licens/cdk6-5kdf
Kitsap,2018-09-01,672,12,10,0,694,22,0.03170028818443804,https://data.wa.gov/Transportation/Vehicle-Title-Transactions-by-Department-of-Licens/cdk6-5kdf
Kitsap,2018-10-01,747,38,9,0,794,47,0.05919395465994962,https://data.wa.gov/Transportation/Vehicle-Title-Transactions-by-Department-of-Licens/cdk6-5kdf
Kitsap,2018-11-01,679,33,8,0,720,41,0.05694444444444444,https://data.wa.gov/Transportation/Vehicle-Title-Transactions-by-Department-of-Licens/cdk6-5kdf
Kitsap,2018-12-01,658,33,13,0,704,46,0.06534090909090909,https://data.wa.gov/Transportation/Vehicle-Title-Transactions-by-Department-of-Licens/cdk6-5kdf
Kitsap,2019-01-01,796,31,9,0,836,40,0.04784688995215311,https://data.wa.gov/Transportation/Vehicle-Title-Transactions-by-Department-of-Licens/cdk6-5kdf
Kitsap,2019-02-01,514,4,9,0,527,13,0.024667931688804556,https://data.wa.gov/Transportation/Vehicle-Title-Transactions-by-Department-of-Licens/cdk6-5kdf
Kitsap,2019-03-01,564,4,3,0,571,7,0.012259194395796848,https://data.wa.gov/Transportation/Vehicle-Title-Transactions-by-Department-of-Licens/cdk6-5kdf
Kitsap,2019-04-01,691,20,6,0,717,26,0.03626220362622036,https://data.wa.gov/Transportation/Vehicle-Title-Transactions-by-Department-of-Licens/cdk6-5kdf
Kitsap,2019-05-01,849,20,6,0,875,26,0.029714285714285714,https://data.wa.gov/Transportation/Vehicle-Title-Transactions-by-Department-of-Licens/cdk6-5kdf
Kitsap,2019-06-01,660,19,7,0,686,26,0.037900874635568516,https://data.wa.gov/Transportation/Vehicle-Title-Transactions-by-Department-of-Licens/cdk6-5kdf
Kitsap,2019-07-01,686,31,8,0,725,39,0.05379310344827586,https://data.wa.gov/Transportation/Vehicle-Title-Transactions-by-Department-of-Licens/cdk6-5kdf
Kitsap,2019-08-01,707,16,10,0,733,26,0.03547066848567531,https://data.wa.gov/Transportation/Vehicle-Title-Transactions-by-Department-of-Licens/cdk6-5kdf
Kitsap,2019-09-01,759,12,5,0,776,17,0.02190721649484536,https://data.wa.gov/Transportation/Vehicle-Title-Transactions-by-Department-of-Licens/cdk6-5kdf
Kitsap,2019-10-01,869,32,7,0,908,39,0.042951541850220265,https://data.wa.gov/Transportation/Vehicle-Title-Transactions-by-Department-of-Licens/cdk6-5kdf
Kitsap,2019-11-01,649,10,7,0,666,17,0.025525525525525526,https://data.wa.gov/Transportation/Vehicle-Title-Transactions-by-Department-of-Licens/cdk6-5kdf
Kitsap,2019-12-01,606,14,6,0,626,20,0.03194888178913738,https://data.wa.gov/Transportation/Vehicle-Title-Transactions-by-Department-of-Licens/cdk6-5kdf
Kitsap,2020-01-01,707,52,4,0,763,56,0.07339449541284404,https://data.wa.gov/Transportation/Vehicle-Title-Transactions-by-Department-of-Licens/cdk6-5kdf
Kitsap,2020-02-01,597,9,6,0,612,15,0.024509803921568627,https://data.wa.gov/Transportation/Vehicle-Title-Transactions-by-Department-of-Licens/cdk6-5kdf
Kitsap,2020-03-01,556,22,7,0,585,29,0.04957264957264957,https://data.wa.gov/Transportation/Vehicle-Title-Transactions-by-Department-of-Licens/cdk6-5kdf
Kitsap,2020-04-01,743,22,2,0,767,24,0.03129074315514994,https://data.wa.gov/Transportation/Vehicle-Title-Transactions-by-Department-of-Licens/cdk6-5kdf
Kitsap,2020-05-01,367,7,3,0,377,10,0.026525198938992044,https://data.wa.gov/Transportation/Vehicle-Title-Transactions-by-Department-of-Licens/cdk6-5kdf
Kitsap,2020-06-01,695,12,7,0,714,19,0.02661064425770308,https://data.wa.gov/Transportation/Vehicle-Title-Transactions-by-Department-of-Licens/cdk6-5kdf
Kitsap,2020-07-01,732,43,3,0,778,46,0.05912596401028278,https://data.wa.gov/Transportation/Vehicle-Title-Transactions-by-Department-of-Licens/cdk6-5kdf
Kitsap,2020-08-01,620,17,1,0,638,18,0.02821316614420063,https://data.wa.gov/Transportation/Vehicle-Title-Transactions-by-Department-of-Licens/cdk6-5kdf
Kitsap,2020-09-01,718,22,4,0,744,26,0.03494623655913978,https://data.wa.gov/Transportation/Vehicle-Title-Transactions-by-Department-of-Licens/cdk6-5kdf
Kitsap,2020-10-01,782,33,12,0,827,45,0.05441354292623942,https://data.wa.gov/Transportation/Vehicle-Title-Transactions-by-Department-of-Licens/cdk6-5kdf
Kitsap,2020-11-01,610,45,5,0,660,50,0.07575757575757576,https://data.wa.gov/Transportation/Vehicle-Title-Transactions-by-Department-of-Licens/cdk6-5kdf
Kitsap,2020-12-01,624,32,13,0,669,45,0.06726457399103139,https://data.wa.gov/Transportation/Vehicle-Title-Transactions-by-Department-of-Licens/cdk6-5kdf
Kitsap,2021-01-01,761,47,12,0,820,59,0.07195121951219512,https://data.wa.gov/Transportation/Vehicle-Title-Transactions-by-Department-of-Licens/cdk6-5kdf
Kitsap,2021-02-01,631,25,8,0,664,33,0.04969879518072289,https://data.wa.gov/Transportation/Vehicle-Title-Transactions-by-Department-of-Licens/cdk6-5kdf
Kitsap,2021-03-01,759,23,9,0,791,32,0.040455120101137804,https://data.wa.gov/Transportation/Vehicle-Title-Transactions-by-Department-of-Licens/cdk6-5kdf
Kitsap,2021-04-01,789,56,9,0,854,65,0.07611241217798595,https://data.wa.gov/Transportation/Vehicle-Title-Transactions-by-Department-of-Licens/cdk6-5kdf
Kitsap,2021-05-01,632,54,21,0,707,75,0.10608203677510608,https://data.wa.gov/Transportation/Vehicle-Title-Transactions-by-Department-of-Licens/cdk6-5kdf
Kitsap,2021-06-01,805,51,25,0,881,76,0.08626560726447219,https://data.wa.gov/Transportation/Vehicle-Title-Transactions-by-Department-of-Licens/cdk6-5kdf
Kitsap,2021-07-01,687,69,12,0,768,81,0.10546875,https://data.wa.gov/Transportation/Vehicle-Title-Transactions-by-Department-of-Licens/cdk6-5kdf
Kitsap,2021-08-01,629,35,10,0,674,45,0.06676557863501484,https://data.wa.gov/Transportation/Vehicle-Title-Transactions-by-Department-of-Licens/cdk6-5kdf
Kitsap,2021-09-01,677,36,11,0,724,47,0.0649171270718232,https://data.wa.gov/Transportation/Vehicle-Title-Transactions-by-Department-of-Licens/cdk6-5kdf
Kitsap,2021-10-01,600,55,10,0,665,65,0.09774436090225563,https://data.wa.gov/Transportation/Vehicle-Title-Transactions-by-Department-of-Licens/cdk6-5kdf
Kitsap,2021-11-01,480,38,12,0,530,50,0.09433962264150944,https://data.wa.gov/Transportation/Vehicle-Title-Transactions-by-Department-of-Licens/cdk6-5kdf
Kitsap,2021-12-01,598,47,11,0,656,58,0.08841463414634146,https://data.wa.gov/Transportation/Vehicle-Title-Transactions-by-Department-of-Licens/cdk6-5kdf
Kitsap,2022-01-01,672,48,9,0,729,57,0.07818930041152264,https://data.wa.gov/Transportation/Vehicle-Title-Transactions-by-Department-of-Licens/cdk6-5kdf
Kitsap,2022-02-01,582,38,13,0,633,51,0.08056872037914692,https://data.wa.gov/Transportation/Vehicle-Title-Transactions-by-Department-of-Licens/cdk6-5kdf
Kitsap,2022-03-01,569,51,16,0,636,67,0.10534591194968554,https://data.wa.gov/Transportation/Vehicle-Title-Transactions-by-Department-of-Licens/cdk6-5kdf
Kitsap,2022-04-01,523,55,10,0,588,65,0.11054421768707483,https://data.wa.gov/Transportation/Vehicle-Title-Transactions-by-Department-of-Licens/cdk6-5kdf
Kitsap,2022-05-01,554,38,13,0,605,51,0.08429752066115702,https://data.wa.gov/Transportation/Vehicle-Title-Transactions-by-Department-of-Licens/cdk6-5kdf
Kitsap,2022-06-01,595,42,20,0,657,62,0.0943683409436834,https://data.wa.gov/Transportation/Vehicle-Title-Transactions-by-Department-of-Licens/cdk6-5kdf
Kitsap,2022-07-01,452,72,14,0,538,86,0.15985130111524162,https://data.wa.gov/Transportation/Vehicle-Title-Transactions-by-Department-of-Licens/cdk6-5kdf
Kitsap,2022-08-01,490,58,10,0,558,68,0.12186379928315412,https://data.wa.gov/Transportation/Vehicle-Title-Transactions-by-Department-of-Licens/cdk6-5kdf
Kitsap,2022-09-01,510,58,6,0,574,64,0.11149825783972125,https://data.wa.gov/Transportation/Vehicle-Title-Transactions-by-Department-of-Licens/cdk6-5kdf
Kitsap,2022-10-01,575,61,15,0,651,76,0.11674347158218126,https://data.wa.gov/Transportation/Vehicle-Title-Transactions-by-Department-of-Licens/cdk6-5kdf
Kitsap,2022-11-01,438,79,8,0,525,87,0.1657142857142857,https://data.wa.gov/Transportation/Vehicle-Title-Transactions-by-Department-of-Licens/cdk6-5kdf
Kitsap,2022-12-01,523,68,12,0,603,80,0.13266998341625208,https://data.wa.gov/Transportation/Vehicle-Title-Transactions-by-Department-of-Licens/cdk6-5kdf
Kitsap,2023-01-01,593,86,21,0,700,107,0.15285714285714286,https://data.wa.gov/Transportation/Vehicle-Title-Transactions-by-Department-of-Licens/cdk6-5kdf
Kitsap,2023-02-01,480,59,11,0,550,70,0.12727272727272726,https://data.wa.gov/Transportation/Vehicle-Title-Transactions-by-Department-of-Licens/cdk6-5kdf
Kitsap,2023-03-01,558,90,25,0,673,115,0.17087667161961367,https://data.wa.gov/Transportation/Vehicle-Title-Transactions-by-Department-of-Licens/cdk6-5kdf
Kitsap,2023-04-01,522,83,25,0,630,108,0.17142857142857143,https://data.wa.gov/Transportation/Vehicle-Title-Transactions-by-Department-of-Licens/cdk6-5kdf
Kitsap,2023-05-01,563,82,22,0,667,104,0.15592203898050974,https://data.wa.gov/Transportation/Vehicle-Title-Transactions-by-Department-of-Licens/cdk6-5kdf
Kitsap,2023-06-01,672,85,27,0,784,112,0.14285714285714285,https://data.wa.gov/Transportation/Vehicle-Title-Transactions-by-Department-of-Licens/cdk6-5kdf
Kitsap,2023-07-01,522,83,10,0,615,93,0.15121951219512195,https://data.wa.gov/Transportation/Vehicle-Title-Transactions-by-Department-of-Licens/cdk6-5kdf
Kitsap,2023-08-01,583,120,28,0,731,148,0.2024623803009576,https://data.wa.gov/Transportation/Vehicle-Title-Transactions-by-Department-of-Licens/cdk6-5kdf
Kitsap,2023-09-01,619,130,39,0,788,169,0.21446700507614214,https://data.wa.gov/Transportation/Vehicle-Title-Transactions-by-Department-of-Licens/cdk6-5kdf
Kitsap,2023-10-01,561,90,31,0,682,121,0.1774193548387097,https://data.wa.gov/Transportation/Vehicle-Title-Transactions-by-Department-of-Licens/cdk6-5kdf
Kitsap,2023-11-01,561,101,28,0,690,129,0.18695652173913044,https://data.wa.gov/Transportation/Vehicle-Title-Transactions-by-Department-of-Licens/cdk6-5kdf
Kitsap,2023-12-01,567,103,29,0,699,132,0.1888412017167382,https://data.wa.gov/Transportation/Vehicle-Title-Transactions-by-Department-of-Licens/cdk6-5kdf
Kitsap,2024-01-01,633,110,25,0,768,135,0.17578125,https://data.wa.gov/Transportation/Vehicle-Title-Transactions-by-Department-of-Licens/cdk6-5kdf
Kitsap,2024-02-01,463,97,22,0,582,119,0.20446735395189003,https://data.wa.gov/Transportation/Vehicle-Title-Transactions-by-Department-of-Licens/cdk6-5kdf
Kitsap,2024-03-01,517,67,25,0,609,92,0.1510673234811166,https://data.wa.gov/Transportation/Vehicle-Title-Transactions-by-Department-of-Licens/cdk6-5kdf
Kitsap,2024-04-01,519,95,15,0,629,110,0.17488076311605724,https://data.wa.gov/Transportation/Vehicle-Title-Transactions-by-Department-of-Licens/cdk6-5kdf
Kitsap,2024-05-01,630,92,33,0,755,125,0.16556291390728478,https://data.wa.gov/Transportation/Vehicle-Title-Transactions-by-Department-of-Licens/cdk6-5kdf
Kitsap,2024-06-01,580,105,31,0,716,136,0.18994413407821228,https://data.wa.gov/Transportation/Vehicle-Title-Transactions-by-Department-of-Licens/cdk6-5kdf
Kitsap,2024-07-01,642,140,37,0,819,177,0.21611721611721613,https://data.wa.gov/Transportation/Vehicle-Title-Transactions-by-Department-of-Licens/cdk6-5kdf
Kitsap,2024-08-01,578,127,17,0,722,144,0.1994459833795014,https://data.wa.gov/Transportation/Vehicle-Title-Transactions-by-Department-of-Licens/cdk6-5kdf
Kitsap,2024-09-01,635,147,25,0,807,172,0.21313506815365552,https://data.wa.gov/Transportation/Vehicle-Title-Transactions-by-Department-of-Licens/cdk6-5kdf
Kitsap,2024-10-01,645,134,36,0,815,170,0.2085889570552147,https://data.wa.gov/Transportation/Vehicle-Title-Transactions-by-Department-of-Licens/cdk6-5kdf
Kitsap,2024-11-01,547,94,27,0,668,121,0.18113772455089822,https://data.wa.gov/Transportation/Vehicle-Title-Transactions-by-Department-of-Licens/cdk6-5kdf
Kitsap,2024-12-01,614,118,46,0,778,164,0.21079691516709512,https://data.wa.gov/Transportation/Vehicle-Title-Transactions-by-Department-of-Licens/cdk6-5kdf
Kitsap,2025-01-01,736,162,41,0,939,203,0.2161874334398296,https://data.wa.gov/Transportation/Vehicle-Title-Transactions-by-Department-of-Licens/cdk6-5kdf
Kitsap,2025-02-01,459,103,31,0,593,134,0.22596964586846544,https://data.wa.gov/Transportation/Vehicle-Title-Transactions-by-Department-of-Licens/cdk6-5kdf
Kitsap,2025-03-01,580,117,22,0,719,139,0.1933240611961057,https://data.wa.gov/Transportation/Vehicle-Title-Transactions-by-Department-of-Licens/cdk6-5kdf
Kitsap,2025-04-01,700,116,30,0,846,146,0.17257683215130024,https://data.wa.gov/Transportation/Vehicle-Title-Transactions-by-Department-of-Licens/cdk6-5kdf
Kitsap,2025-05-01,625,90,22,0,737,112,0.1519674355495251,https://data.wa.gov/Transportation/Vehicle-Title-Transactions-by-Department-of-Licens/cdk6-5kdf
Kitsap,2025-06-01,668,108,18,0,794,126,0.15869017632241814,https://data.wa.gov/Transportation/Vehicle-Title-Transactions-by-Department-of-Licens/cdk6-5kdf
Kitsap,2025-07-01,608,117,16,0,741,133,0.1794871794871795,https://data.wa.gov/Transportation/Vehicle-Title-Transactions-by-Department-of-Licens/cdk6-5kdf
Kitsap,2025-08-01,595,124,22,0,741,146,0.1970310391363023,https://data.wa.gov/Transportation/Vehicle-Title-Transactions-by-Department-of-Licens/cdk6-5kdf
Kitsap,2025-09-01,623,144,29,0,796,173,0.21733668341708542,https://data.wa.gov/Transportation/Vehicle-Title-Transactions-by-Department-of-Licens/cdk6-5kdf
Kitsap,2025-10-01,550,125,19,0,694,144,0.207492795389049,https://data.wa.gov/Transportation/Vehicle-Title-Transactions-by-Department-of-Licens/cdk6-5kdf
Kitsap,2025-11-01,434,68,10,0,512,78,0.15234375,https://data.wa.gov/Transportation/Vehicle-Title-Transactions-by-Department-of-Licens/cdk6-5kdf
Kitsap,2025-12-01,611,48,10,0,669,58,0.08669656203288491,https://data.wa.gov/Transportation/Vehicle-Title-Transactions-by-Department-of-Licens/cdk6-5kdf
Kitsap,2026-01-01,652,64,26,0,742,90,0.12129380053908356,https://data.wa.gov/Transportation/Vehicle-Title-Transactions-by-Department-of-Licens/cdk6-5kdf
Kitsap,2026-02-01,518,60,12,0,590,72,0.12203389830508475,https://data.wa.gov/Transportation/Vehicle-Title-Transactions-by-Department-of-Licens/cdk6-5kdf
Kitsap,2026-03-01,569,72,11,0,652,83,0.1273006134969325,https://data.wa.gov/Transportation/Vehicle-Title-Transactions-by-Department-of-Licens/cdk6-5kdf
Kitsap,2026-04-01,570,104,14,0,688,118,0.17151162790697674,https://data.wa.gov/Transportation/Vehicle-Title-Transactions-by-Department-of-Licens/cdk6-5kdf
Kitsap,2026-05-01,549,100,24,0,673,124,0.18424962852897475,https://data.wa.gov/Transportation/Vehicle-Title-Transactions-by-Department-of-Licens/cdk6-5kdf
Kitsap,2026-06-01,642,96,22,0,760,118,0.15526315789473685,https://data.wa.gov/Transportation/Vehicle-Title-Transactions-by-Department-of-Licens/cdk6-5kdf
Kittitas,2017-01-01,84,1,0,0,85,1,0.011764705882352941,https://data.wa.gov/Transportation/Vehicle-Title-Transactions-by-Department-of-Licens/cdk6-5kdf
Kittitas,2017-02-01,44,0,0,0,44,0,0,https://data.wa.gov/Transportation/Vehicle-Title-Transactions-by-Department-of-Licens/cdk6-5kdf
Kittitas,2017-03-01,71,0,0,0,71,0,0,https://data.wa.gov/Transportation/Vehicle-Title-Transactions-by-Department-of-Licens/cdk6-5kdf
Kittitas,2017-04-01,73,2,0,0,75,2,0.02666666666666667,https://data.wa.gov/Transportation/Vehicle-Title-Transactions-by-Department-of-Licens/cdk6-5kdf
Kittitas,2017-05-01,99,0,0,0,99,0,0,https://data.wa.gov/Transportation/Vehicle-Title-Transactions-by-Department-of-Licens/cdk6-5kdf
Kittitas,2017-06-01,117,1,0,0,118,1,0.00847457627118644,https://data.wa.gov/Transportation/Vehicle-Title-Transactions-by-Department-of-Licens/cdk6-5kdf
Kittitas,2017-07-01,77,0,1,0,78,1,0.01282051282051282,https://data.wa.gov/Transportation/Vehicle-Title-Transactions-by-Department-of-Licens/cdk6-5kdf
Kittitas,2017-08-01,109,1,1,0,111,2,0.018018018018018018,https://data.wa.gov/Transportation/Vehicle-Title-Transactions-by-Department-of-Licens/cdk6-5kdf
Kittitas,2017-09-01,92,1,0,0,93,1,0.010752688172043012,https://data.wa.gov/Transportation/Vehicle-Title-Transactions-by-Department-of-Licens/cdk6-5kdf
Kittitas,2017-10-01,138,0,0,0,138,0,0,https://data.wa.gov/Transportation/Vehicle-Title-Transactions-by-Department-of-Licens/cdk6-5kdf
Kittitas,2017-11-01,106,0,0,0,106,0,0,https://data.wa.gov/Transportation/Vehicle-Title-Transactions-by-Department-of-Licens/cdk6-5kdf
Kittitas,2017-12-01,93,1,1,0,95,2,0.021052631578947368,https://data.wa.gov/Transportation/Vehicle-Title-Transactions-by-Department-of-Licens/cdk6-5kdf
Kittitas,2018-01-01,102,0,0,0,102,0,0,https://data.wa.gov/Transportation/Vehicle-Title-Transactions-by-Department-of-Licens/cdk6-5kdf
Kittitas,2018-02-01,70,0,0,0,70,0,0,https://data.wa.gov/Transportation/Vehicle-Title-Transactions-by-Department-of-Licens/cdk6-5kdf
Kittitas,2018-03-01,85,0,1,0,86,1,0.011627906976744186,https://data.wa.gov/Transportation/Vehicle-Title-Transactions-by-Department-of-Licens/cdk6-5kdf
Kittitas,2018-04-01,87,0,0,0,87,0,0,https://data.wa.gov/Transportation/Vehicle-Title-Transactions-by-Department-of-Licens/cdk6-5kdf
Kittitas,2018-05-01,102,2,0,0,104,2,0.019230769230769232,https://data.wa.gov/Transportation/Vehicle-Title-Transactions-by-Department-of-Licens/cdk6-5kdf
Kittitas,2018-06-01,83,1,1,0,85,2,0.023529411764705882,https://data.wa.gov/Transportation/Vehicle-Title-Transactions-by-Department-of-Licens/cdk6-5kdf
Kittitas,2018-07-01,81,0,0,0,81,0,0,https://data.wa.gov/Transportation/Vehicle-Title-Transactions-by-Department-of-Licens/cdk6-5kdf
Kittitas,2018-08-01,132,2,2,0,136,4,0.029411764705882353,https://data.wa.gov/Transportation/Vehicle-Title-Transactions-by-Department-of-Licens/cdk6-5kdf
Kittitas,2018-09-01,105,2,0,0,107,2,0.018691588785046728,https://data.wa.gov/Transportation/Vehicle-Title-Transactions-by-Department-of-Licens/cdk6-5kdf
Kittitas,2018-10-01,106,2,0,0,108,2,0.018518518518518517,https://data.wa.gov/Transportation/Vehicle-Title-Transactions-by-Department-of-Licens/cdk6-5kdf
Kittitas,2018-11-01,118,4,0,0,122,4,0.03278688524590164,https://data.wa.gov/Transportation/Vehicle-Title-Transactions-by-Department-of-Licens/cdk6-5kdf
Kittitas,2018-12-01,101,3,3,0,107,6,0.056074766355140186,https://data.wa.gov/Transportation/Vehicle-Title-Transactions-by-Department-of-Licens/cdk6-5kdf
Kittitas,2019-01-01,109,1,0,0,110,1,0.00909090909090909,https://data.wa.gov/Transportation/Vehicle-Title-Transactions-by-Department-of-Licens/cdk6-5kdf
Kittitas,2019-02-01,66,1,0,0,67,1,0.014925373134328358,https://data.wa.gov/Transportation/Vehicle-Title-Transactions-by-Department-of-Licens/cdk6-5kdf
Kittitas,2019-03-01,79,0,0,0,79,0,0,https://data.wa.gov/Transportation/Vehicle-Title-Transactions-by-Department-of-Licens/cdk6-5kdf
Kittitas,2019-04-01,84,1,0,0,85,1,0.011764705882352941,https://data.wa.gov/Transportation/Vehicle-Title-Transactions-by-Department-of-Licens/cdk6-5kdf
Kittitas,2019-05-01,104,2,0,0,106,2,0.018867924528301886,https://data.wa.gov/Transportation/Vehicle-Title-Transactions-by-Department-of-Licens/cdk6-5kdf
Kittitas,2019-06-01,91,3,0,0,94,3,0.031914893617021274,https://data.wa.gov/Transportation/Vehicle-Title-Transactions-by-Department-of-Licens/cdk6-5kdf
Kittitas,2019-07-01,114,0,0,0,114,0,0,https://data.wa.gov/Transportation/Vehicle-Title-Transactions-by-Department-of-Licens/cdk6-5kdf
Kittitas,2019-08-01,119,0,1,0,120,1,0.008333333333333333,https://data.wa.gov/Transportation/Vehicle-Title-Transactions-by-Department-of-Licens/cdk6-5kdf
Kittitas,2019-09-01,91,1,1,0,93,2,0.021505376344086023,https://data.wa.gov/Transportation/Vehicle-Title-Transactions-by-Department-of-Licens/cdk6-5kdf
Kittitas,2019-10-01,107,5,0,0,112,5,0.044642857142857144,https://data.wa.gov/Transportation/Vehicle-Title-Transactions-by-Department-of-Licens/cdk6-5kdf
Kittitas,2019-11-01,85,0,0,0,85,0,0,https://data.wa.gov/Transportation/Vehicle-Title-Transactions-by-Department-of-Licens/cdk6-5kdf
Kittitas,2019-12-01,87,0,0,0,87,0,0,https://data.wa.gov/Transportation/Vehicle-Title-Transactions-by-Department-of-Licens/cdk6-5kdf
Kittitas,2020-01-01,116,2,0,0,118,2,0.01694915254237288,https://data.wa.gov/Transportation/Vehicle-Title-Transactions-by-Department-of-Licens/cdk6-5kdf
Kittitas,2020-02-01,73,0,0,0,73,0,0,https://data.wa.gov/Transportation/Vehicle-Title-Transactions-by-Department-of-Licens/cdk6-5kdf
Kittitas,2020-03-01,85,3,0,0,88,3,0.03409090909090909,https://data.wa.gov/Transportation/Vehicle-Title-Transactions-by-Department-of-Licens/cdk6-5kdf
Kittitas,2020-04-01,42,2,0,0,44,2,0.045454545454545456,https://data.wa.gov/Transportation/Vehicle-Title-Transactions-by-Department-of-Licens/cdk6-5kdf
Kittitas,2020-05-01,36,0,0,0,36,0,0,https://data.wa.gov/Transportation/Vehicle-Title-Transactions-by-Department-of-Licens/cdk6-5kdf
Kittitas,2020-06-01,99,0,0,0,99,0,0,https://data.wa.gov/Transportation/Vehicle-Title-Transactions-by-Department-of-Licens/cdk6-5kdf
Kittitas,2020-07-01,91,4,0,0,95,4,0.042105263157894736,https://data.wa.gov/Transportation/Vehicle-Title-Transactions-by-Department-of-Licens/cdk6-5kdf
Kittitas,2020-08-01,89,2,0,0,91,2,0.02197802197802198,https://data.wa.gov/Transportation/Vehicle-Title-Transactions-by-Department-of-Licens/cdk6-5kdf
Kittitas,2020-09-01,97,2,0,0,99,2,0.020202020202020204,https://data.wa.gov/Transportation/Vehicle-Title-Transactions-by-Department-of-Licens/cdk6-5kdf
Kittitas,2020-10-01,139,6,1,0,146,7,0.04794520547945205,https://data.wa.gov/Transportation/Vehicle-Title-Transactions-by-Department-of-Licens/cdk6-5kdf
Kittitas,2020-11-01,75,2,1,0,78,3,0.038461538461538464,https://data.wa.gov/Transportation/Vehicle-Title-Transactions-by-Department-of-Licens/cdk6-5kdf
Kittitas,2020-12-01,119,1,1,0,121,2,0.01652892561983471,https://data.wa.gov/Transportation/Vehicle-Title-Transactions-by-Department-of-Licens/cdk6-5kdf
Kittitas,2021-01-01,104,5,0,0,109,5,0.045871559633027525,https://data.wa.gov/Transportation/Vehicle-Title-Transactions-by-Department-of-Licens/cdk6-5kdf
Kittitas,2021-02-01,83,2,0,0,85,2,0.023529411764705882,https://data.wa.gov/Transportation/Vehicle-Title-Transactions-by-Department-of-Licens/cdk6-5kdf
Kittitas,2021-03-01,110,1,1,0,112,2,0.017857142857142856,https://data.wa.gov/Transportation/Vehicle-Title-Transactions-by-Department-of-Licens/cdk6-5kdf
Kittitas,2021-04-01,127,6,1,0,134,7,0.05223880597014925,https://data.wa.gov/Transportation/Vehicle-Title-Transactions-by-Department-of-Licens/cdk6-5kdf
Kittitas,2021-05-01,89,4,1,0,94,5,0.05319148936170213,https://data.wa.gov/Transportation/Vehicle-Title-Transactions-by-Department-of-Licens/cdk6-5kdf
Kittitas,2021-06-01,102,5,3,0,110,8,0.07272727272727272,https://data.wa.gov/Transportation/Vehicle-Title-Transactions-by-Department-of-Licens/cdk6-5kdf
Kittitas,2021-07-01,98,5,1,0,104,6,0.057692307692307696,https://data.wa.gov/Transportation/Vehicle-Title-Transactions-by-Department-of-Licens/cdk6-5kdf
Kittitas,2021-08-01,78,6,2,0,86,8,0.09302325581395349,https://data.wa.gov/Transportation/Vehicle-Title-Transactions-by-Department-of-Licens/cdk6-5kdf
Kittitas,2021-09-01,91,5,0,0,96,5,0.052083333333333336,https://data.wa.gov/Transportation/Vehicle-Title-Transactions-by-Department-of-Licens/cdk6-5kdf
Kittitas,2021-10-01,72,5,0,0,77,5,0.06493506493506493,https://data.wa.gov/Transportation/Vehicle-Title-Transactions-by-Department-of-Licens/cdk6-5kdf
Kittitas,2021-11-01,73,4,1,0,78,5,0.0641025641025641,https://data.wa.gov/Transportation/Vehicle-Title-Transactions-by-Department-of-Licens/cdk6-5kdf
Kittitas,2021-12-01,98,6,0,0,104,6,0.057692307692307696,https://data.wa.gov/Transportation/Vehicle-Title-Transactions-by-Department-of-Licens/cdk6-5kdf
Kittitas,2022-01-01,78,4,0,0,82,4,0.04878048780487805,https://data.wa.gov/Transportation/Vehicle-Title-Transactions-by-Department-of-Licens/cdk6-5kdf
Kittitas,2022-02-01,69,3,1,0,73,4,0.0547945205479452,https://data.wa.gov/Transportation/Vehicle-Title-Transactions-by-Department-of-Licens/cdk6-5kdf
Kittitas,2022-03-01,104,5,2,0,111,7,0.06306306306306306,https://data.wa.gov/Transportation/Vehicle-Title-Transactions-by-Department-of-Licens/cdk6-5kdf
Kittitas,2022-04-01,73,6,0,0,79,6,0.0759493670886076,https://data.wa.gov/Transportation/Vehicle-Title-Transactions-by-Department-of-Licens/cdk6-5kdf
Kittitas,2022-05-01,97,7,2,0,106,9,0.08490566037735849,https://data.wa.gov/Transportation/Vehicle-Title-Transactions-by-Department-of-Licens/cdk6-5kdf
Kittitas,2022-06-01,77,8,3,0,88,11,0.125,https://data.wa.gov/Transportation/Vehicle-Title-Transactions-by-Department-of-Licens/cdk6-5kdf
Kittitas,2022-07-01,84,11,0,0,95,11,0.11578947368421053,https://data.wa.gov/Transportation/Vehicle-Title-Transactions-by-Department-of-Licens/cdk6-5kdf
Kittitas,2022-08-01,82,8,1,0,91,9,0.0989010989010989,https://data.wa.gov/Transportation/Vehicle-Title-Transactions-by-Department-of-Licens/cdk6-5kdf
Kittitas,2022-09-01,95,6,0,0,101,6,0.0594059405940594,https://data.wa.gov/Transportation/Vehicle-Title-Transactions-by-Department-of-Licens/cdk6-5kdf
Kittitas,2022-10-01,85,3,1,0,89,4,0.0449438202247191,https://data.wa.gov/Transportation/Vehicle-Title-Transactions-by-Department-of-Licens/cdk6-5kdf
Kittitas,2022-11-01,78,7,1,0,86,8,0.09302325581395349,https://data.wa.gov/Transportation/Vehicle-Title-Transactions-by-Department-of-Licens/cdk6-5kdf
Kittitas,2022-12-01,75,7,2,0,84,9,0.10714285714285714,https://data.wa.gov/Transportation/Vehicle-Title-Transactions-by-Department-of-Licens/cdk6-5kdf
Kittitas,2023-01-01,86,11,1,0,98,12,0.12244897959183673,https://data.wa.gov/Transportation/Vehicle-Title-Transactions-by-Department-of-Licens/cdk6-5kdf
Kittitas,2023-02-01,75,7,0,0,82,7,0.08536585365853659,https://data.wa.gov/Transportation/Vehicle-Title-Transactions-by-Department-of-Licens/cdk6-5kdf
Kittitas,2023-03-01,101,6,3,0,110,9,0.08181818181818182,https://data.wa.gov/Transportation/Vehicle-Title-Transactions-by-Department-of-Licens/cdk6-5kdf
Kittitas,2023-04-01,73,7,2,0,82,9,0.10975609756097561,https://data.wa.gov/Transportation/Vehicle-Title-Transactions-by-Department-of-Licens/cdk6-5kdf
Kittitas,2023-05-01,74,11,2,0,87,13,0.14942528735632185,https://data.wa.gov/Transportation/Vehicle-Title-Transactions-by-Department-of-Licens/cdk6-5kdf
Kittitas,2023-06-01,85,10,1,0,96,11,0.11458333333333333,https://data.wa.gov/Transportation/Vehicle-Title-Transactions-by-Department-of-Licens/cdk6-5kdf
Kittitas,2023-07-01,77,13,1,0,91,14,0.15384615384615385,https://data.wa.gov/Transportation/Vehicle-Title-Transactions-by-Department-of-Licens/cdk6-5kdf
Kittitas,2023-08-01,118,15,1,0,134,16,0.11940298507462686,https://data.wa.gov/Transportation/Vehicle-Title-Transactions-by-Department-of-Licens/cdk6-5kdf
Kittitas,2023-09-01,75,10,2,0,87,12,0.13793103448275862,https://data.wa.gov/Transportation/Vehicle-Title-Transactions-by-Department-of-Licens/cdk6-5kdf
Kittitas,2023-10-01,97,22,3,0,122,25,0.20491803278688525,https://data.wa.gov/Transportation/Vehicle-Title-Transactions-by-Department-of-Licens/cdk6-5kdf
Kittitas,2023-11-01,101,18,2,0,121,20,0.1652892561983471,https://data.wa.gov/Transportation/Vehicle-Title-Transactions-by-Department-of-Licens/cdk6-5kdf
Kittitas,2023-12-01,110,14,2,0,126,16,0.12698412698412698,https://data.wa.gov/Transportation/Vehicle-Title-Transactions-by-Department-of-Licens/cdk6-5kdf
Kittitas,2024-01-01,88,15,1,0,104,16,0.15384615384615385,https://data.wa.gov/Transportation/Vehicle-Title-Transactions-by-Department-of-Licens/cdk6-5kdf
Kittitas,2024-02-01,88,4,4,0,96,8,0.08333333333333333,https://data.wa.gov/Transportation/Vehicle-Title-Transactions-by-Department-of-Licens/cdk6-5kdf
Kittitas,2024-03-01,86,8,1,0,95,9,0.09473684210526316,https://data.wa.gov/Transportation/Vehicle-Title-Transactions-by-Department-of-Licens/cdk6-5kdf
Kittitas,2024-04-01,82,10,4,0,96,14,0.14583333333333334,https://data.wa.gov/Transportation/Vehicle-Title-Transactions-by-Department-of-Licens/cdk6-5kdf
Kittitas,2024-05-01,99,7,2,0,108,9,0.08333333333333333,https://data.wa.gov/Transportation/Vehicle-Title-Transactions-by-Department-of-Licens/cdk6-5kdf
Kittitas,2024-06-01,82,7,3,0,92,10,0.10869565217391304,https://data.wa.gov/Transportation/Vehicle-Title-Transactions-by-Department-of-Licens/cdk6-5kdf
Kittitas,2024-07-01,85,18,3,0,106,21,0.19811320754716982,https://data.wa.gov/Transportation/Vehicle-Title-Transactions-by-Department-of-Licens/cdk6-5kdf
Kittitas,2024-08-01,100,16,1,0,117,17,0.1452991452991453,https://data.wa.gov/Transportation/Vehicle-Title-Transactions-by-Department-of-Licens/cdk6-5kdf
Kittitas,2024-09-01,82,16,1,0,99,17,0.1717171717171717,https://data.wa.gov/Transportation/Vehicle-Title-Transactions-by-Department-of-Licens/cdk6-5kdf
Kittitas,2024-10-01,116,10,5,0,131,15,0.11450381679389313,https://data.wa.gov/Transportation/Vehicle-Title-Transactions-by-Department-of-Licens/cdk6-5kdf
Kittitas,2024-11-01,102,10,0,0,112,10,0.08928571428571429,https://data.wa.gov/Transportation/Vehicle-Title-Transactions-by-Department-of-Licens/cdk6-5kdf
Kittitas,2024-12-01,103,9,3,0,115,12,0.10434782608695652,https://data.wa.gov/Transportation/Vehicle-Title-Transactions-by-Department-of-Licens/cdk6-5kdf
Kittitas,2025-01-01,126,15,3,0,144,18,0.125,https://data.wa.gov/Transportation/Vehicle-Title-Transactions-by-Department-of-Licens/cdk6-5kdf
Kittitas,2025-02-01,70,8,5,0,83,13,0.1566265060240964,https://data.wa.gov/Transportation/Vehicle-Title-Transactions-by-Department-of-Licens/cdk6-5kdf
Kittitas,2025-03-01,92,9,1,0,102,10,0.09803921568627451,https://data.wa.gov/Transportation/Vehicle-Title-Transactions-by-Department-of-Licens/cdk6-5kdf
Kittitas,2025-04-01,93,4,3,0,100,7,0.07,https://data.wa.gov/Transportation/Vehicle-Title-Transactions-by-Department-of-Licens/cdk6-5kdf
Kittitas,2025-05-01,99,5,3,0,107,8,0.07476635514018691,https://data.wa.gov/Transportation/Vehicle-Title-Transactions-by-Department-of-Licens/cdk6-5kdf
Kittitas,2025-06-01,91,11,2,0,104,13,0.125,https://data.wa.gov/Transportation/Vehicle-Title-Transactions-by-Department-of-Licens/cdk6-5kdf
Kittitas,2025-07-01,111,6,0,0,117,6,0.05128205128205128,https://data.wa.gov/Transportation/Vehicle-Title-Transactions-by-Department-of-Licens/cdk6-5kdf
Kittitas,2025-08-01,86,15,3,0,104,18,0.17307692307692307,https://data.wa.gov/Transportation/Vehicle-Title-Transactions-by-Department-of-Licens/cdk6-5kdf
Kittitas,2025-09-01,94,15,3,0,112,18,0.16071428571428573,https://data.wa.gov/Transportation/Vehicle-Title-Transactions-by-Department-of-Licens/cdk6-5kdf
Kittitas,2025-10-01,99,14,3,0,116,17,0.14655172413793102,https://data.wa.gov/Transportation/Vehicle-Title-Transactions-by-Department-of-Licens/cdk6-5kdf
Kittitas,2025-11-01,88,3,2,0,93,5,0.053763440860215055,https://data.wa.gov/Transportation/Vehicle-Title-Transactions-by-Department-of-Licens/cdk6-5kdf
Kittitas,2025-12-01,88,6,2,0,96,8,0.08333333333333333,https://data.wa.gov/Transportation/Vehicle-Title-Transactions-by-Department-of-Licens/cdk6-5kdf
Kittitas,2026-01-01,95,10,0,0,105,10,0.09523809523809523,https://data.wa.gov/Transportation/Vehicle-Title-Transactions-by-Department-of-Licens/cdk6-5kdf
Kittitas,2026-02-01,73,4,1,0,78,5,0.0641025641025641,https://data.wa.gov/Transportation/Vehicle-Title-Transactions-by-Department-of-Licens/cdk6-5kdf
Kittitas,2026-03-01,75,10,3,0,88,13,0.14772727272727273,https://data.wa.gov/Transportation/Vehicle-Title-Transactions-by-Department-of-Licens/cdk6-5kdf
Kittitas,2026-04-01,71,6,1,0,78,7,0.08974358974358974,https://data.wa.gov/Transportation/Vehicle-Title-Transactions-by-Department-of-Licens/cdk6-5kdf
Kittitas,2026-05-01,86,22,2,0,110,24,0.21818181818181817,https://data.wa.gov/Transportation/Vehicle-Title-Transactions-by-Department-of-Licens/cdk6-5kdf
Kittitas,2026-06-01,84,9,4,0,97,13,0.13402061855670103,https://data.wa.gov/Transportation/Vehicle-Title-Transactions-by-Department-of-Licens/cdk6-5kdf
Klickitat,2017-01-01,51,0,0,0,51,0,0,https://data.wa.gov/Transportation/Vehicle-Title-Transactions-by-Department-of-Licens/cdk6-5kdf
Klickitat,2017-02-01,41,0,0,0,41,0,0,https://data.wa.gov/Transportation/Vehicle-Title-Transactions-by-Department-of-Licens/cdk6-5kdf
Klickitat,2017-03-01,58,1,0,0,59,1,0.01694915254237288,https://data.wa.gov/Transportation/Vehicle-Title-Transactions-by-Department-of-Licens/cdk6-5kdf
Klickitat,2017-04-01,59,1,0,0,60,1,0.016666666666666666,https://data.wa.gov/Transportation/Vehicle-Title-Transactions-by-Department-of-Licens/cdk6-5kdf
Klickitat,2017-05-01,63,0,1,0,64,1,0.015625,https://data.wa.gov/Transportation/Vehicle-Title-Transactions-by-Department-of-Licens/cdk6-5kdf
Klickitat,2017-06-01,48,1,0,0,49,1,0.02040816326530612,https://data.wa.gov/Transportation/Vehicle-Title-Transactions-by-Department-of-Licens/cdk6-5kdf
Klickitat,2017-07-01,46,0,0,0,46,0,0,https://data.wa.gov/Transportation/Vehicle-Title-Transactions-by-Department-of-Licens/cdk6-5kdf
Klickitat,2017-08-01,74,0,0,0,74,0,0,https://data.wa.gov/Transportation/Vehicle-Title-Transactions-by-Department-of-Licens/cdk6-5kdf
Klickitat,2017-09-01,47,1,2,0,50,3,0.06,https://data.wa.gov/Transportation/Vehicle-Title-Transactions-by-Department-of-Licens/cdk6-5kdf
Klickitat,2017-10-01,57,0,0,0,57,0,0,https://data.wa.gov/Transportation/Vehicle-Title-Transactions-by-Department-of-Licens/cdk6-5kdf
Klickitat,2017-11-01,58,0,0,0,58,0,0,https://data.wa.gov/Transportation/Vehicle-Title-Transactions-by-Department-of-Licens/cdk6-5kdf
Klickitat,2017-12-01,58,1,0,0,59,1,0.01694915254237288,https://data.wa.gov/Transportation/Vehicle-Title-Transactions-by-Department-of-Licens/cdk6-5kdf
Klickitat,2018-01-01,58,0,0,0,58,0,0,https://data.wa.gov/Transportation/Vehicle-Title-Transactions-by-Department-of-Licens/cdk6-5kdf
Klickitat,2018-02-01,52,1,1,0,54,2,0.037037037037037035,https://data.wa.gov/Transportation/Vehicle-Title-Transactions-by-Department-of-Licens/cdk6-5kdf
Klickitat,2018-03-01,43,1,0,0,44,1,0.022727272727272728,https://data.wa.gov/Transportation/Vehicle-Title-Transactions-by-Department-of-Licens/cdk6-5kdf
Klickitat,2018-04-01,59,0,1,0,60,1,0.016666666666666666,https://data.wa.gov/Transportation/Vehicle-Title-Transactions-by-Department-of-Licens/cdk6-5kdf
Klickitat,2018-05-01,50,0,1,0,51,1,0.0196078431372549,https://data.wa.gov/Transportation/Vehicle-Title-Transactions-by-Department-of-Licens/cdk6-5kdf
Klickitat,2018-06-01,57,0,0,0,57,0,0,https://data.wa.gov/Transportation/Vehicle-Title-Transactions-by-Department-of-Licens/cdk6-5kdf
Klickitat,2018-07-01,49,1,0,0,50,1,0.02,https://data.wa.gov/Transportation/Vehicle-Title-Transactions-by-Department-of-Licens/cdk6-5kdf
Klickitat,2018-08-01,64,1,0,0,65,1,0.015384615384615385,https://data.wa.gov/Transportation/Vehicle-Title-Transactions-by-Department-of-Licens/cdk6-5kdf
Klickitat,2018-09-01,67,1,0,0,68,1,0.014705882352941176,https://data.wa.gov/Transportation/Vehicle-Title-Transactions-by-Department-of-Licens/cdk6-5kdf
Klickitat,2018-10-01,45,1,0,0,46,1,0.021739130434782608,https://data.wa.gov/Transportation/Vehicle-Title-Transactions-by-Department-of-Licens/cdk6-5kdf
Klickitat,2018-11-01,49,0,0,0,49,0,0,https://data.wa.gov/Transportation/Vehicle-Title-Transactions-by-Department-of-Licens/cdk6-5kdf
Klickitat,2018-12-01,62,5,0,0,67,5,0.07462686567164178,https://data.wa.gov/Transportation/Vehicle-Title-Transactions-by-Department-of-Licens/cdk6-5kdf
Klickitat,2019-01-01,43,1,0,0,44,1,0.022727272727272728,https://data.wa.gov/Transportation/Vehicle-Title-Transactions-by-Department-of-Licens/cdk6-5kdf
Klickitat,2019-02-01,29,1,0,0,30,1,0.03333333333333333,https://data.wa.gov/Transportation/Vehicle-Title-Transactions-by-Department-of-Licens/cdk6-5kdf
Klickitat,2019-03-01,39,1,0,0,40,1,0.025,https://data.wa.gov/Transportation/Vehicle-Title-Transactions-by-Department-of-Licens/cdk6-5kdf
Klickitat,2019-04-01,48,1,1,0,50,2,0.04,https://data.wa.gov/Transportation/Vehicle-Title-Transactions-by-Department-of-Licens/cdk6-5kdf
Klickitat,2019-05-01,47,1,1,0,49,2,0.04081632653061224,https://data.wa.gov/Transportation/Vehicle-Title-Transactions-by-Department-of-Licens/cdk6-5kdf
Klickitat,2019-06-01,37,0,0,0,37,0,0,https://data.wa.gov/Transportation/Vehicle-Title-Transactions-by-Department-of-Licens/cdk6-5kdf
Klickitat,2019-07-01,47,0,0,0,47,0,0,https://data.wa.gov/Transportation/Vehicle-Title-Transactions-by-Department-of-Licens/cdk6-5kdf
Klickitat,2019-08-01,51,1,1,0,53,2,0.03773584905660377,https://data.wa.gov/Transportation/Vehicle-Title-Transactions-by-Department-of-Licens/cdk6-5kdf
Klickitat,2019-09-01,41,2,0,0,43,2,0.046511627906976744,https://data.wa.gov/Transportation/Vehicle-Title-Transactions-by-Department-of-Licens/cdk6-5kdf
Klickitat,2019-10-01,32,2,1,0,35,3,0.08571428571428572,https://data.wa.gov/Transportation/Vehicle-Title-Transactions-by-Department-of-Licens/cdk6-5kdf
Klickitat,2019-11-01,43,0,0,0,43,0,0,https://data.wa.gov/Transportation/Vehicle-Title-Transactions-by-Department-of-Licens/cdk6-5kdf
Klickitat,2019-12-01,45,1,1,0,47,2,0.0425531914893617,https://data.wa.gov/Transportation/Vehicle-Title-Transactions-by-Department-of-Licens/cdk6-5kdf
Klickitat,2020-01-01,36,1,0,0,37,1,0.02702702702702703,https://data.wa.gov/Transportation/Vehicle-Title-Transactions-by-Department-of-Licens/cdk6-5kdf
Klickitat,2020-02-01,34,0,1,0,35,1,0.02857142857142857,https://data.wa.gov/Transportation/Vehicle-Title-Transactions-by-Department-of-Licens/cdk6-5kdf
Klickitat,2020-03-01,34,1,0,0,35,1,0.02857142857142857,https://data.wa.gov/Transportation/Vehicle-Title-Transactions-by-Department-of-Licens/cdk6-5kdf
Klickitat,2020-04-01,19,3,0,0,22,3,0.13636363636363635,https://data.wa.gov/Transportation/Vehicle-Title-Transactions-by-Department-of-Licens/cdk6-5kdf
Klickitat,2020-05-01,27,0,0,0,27,0,0,https://data.wa.gov/Transportation/Vehicle-Title-Transactions-by-Department-of-Licens/cdk6-5kdf
Klickitat,2020-06-01,56,0,0,0,56,0,0,https://data.wa.gov/Transportation/Vehicle-Title-Transactions-by-Department-of-Licens/cdk6-5kdf
Klickitat,2020-07-01,45,1,0,0,46,1,0.021739130434782608,https://data.wa.gov/Transportation/Vehicle-Title-Transactions-by-Department-of-Licens/cdk6-5kdf
Klickitat,2020-08-01,38,0,0,0,38,0,0,https://data.wa.gov/Transportation/Vehicle-Title-Transactions-by-Department-of-Licens/cdk6-5kdf
Klickitat,2020-09-01,60,0,0,0,60,0,0,https://data.wa.gov/Transportation/Vehicle-Title-Transactions-by-Department-of-Licens/cdk6-5kdf
Klickitat,2020-10-01,50,2,0,0,52,2,0.038461538461538464,https://data.wa.gov/Transportation/Vehicle-Title-Transactions-by-Department-of-Licens/cdk6-5kdf
Klickitat,2020-11-01,45,2,0,0,47,2,0.0425531914893617,https://data.wa.gov/Transportation/Vehicle-Title-Transactions-by-Department-of-Licens/cdk6-5kdf
Klickitat,2020-12-01,52,0,1,0,53,1,0.018867924528301886,https://data.wa.gov/Transportation/Vehicle-Title-Transactions-by-Department-of-Licens/cdk6-5kdf
Klickitat,2021-01-01,55,1,2,0,58,3,0.05172413793103448,https://data.wa.gov/Transportation/Vehicle-Title-Transactions-by-Department-of-Licens/cdk6-5kdf
Klickitat,2021-02-01,38,1,1,0,40,2,0.05,https://data.wa.gov/Transportation/Vehicle-Title-Transactions-by-Department-of-Licens/cdk6-5kdf
Klickitat,2021-03-01,45,0,1,0,46,1,0.021739130434782608,https://data.wa.gov/Transportation/Vehicle-Title-Transactions-by-Department-of-Licens/cdk6-5kdf
Klickitat,2021-04-01,50,1,1,0,52,2,0.038461538461538464,https://data.wa.gov/Transportation/Vehicle-Title-Transactions-by-Department-of-Licens/cdk6-5kdf
Klickitat,2021-05-01,53,1,1,0,55,2,0.03636363636363636,https://data.wa.gov/Transportation/Vehicle-Title-Transactions-by-Department-of-Licens/cdk6-5kdf
Klickitat,2021-06-01,43,1,2,0,46,3,0.06521739130434782,https://data.wa.gov/Transportation/Vehicle-Title-Transactions-by-Department-of-Licens/cdk6-5kdf
Klickitat,2021-07-01,44,5,0,0,49,5,0.10204081632653061,https://data.wa.gov/Transportation/Vehicle-Title-Transactions-by-Department-of-Licens/cdk6-5kdf
Klickitat,2021-08-01,34,4,0,0,38,4,0.10526315789473684,https://data.wa.gov/Transportation/Vehicle-Title-Transactions-by-Department-of-Licens/cdk6-5kdf
Klickitat,2021-09-01,46,0,0,0,46,0,0,https://data.wa.gov/Transportation/Vehicle-Title-Transactions-by-Department-of-Licens/cdk6-5kdf
Klickitat,2021-10-01,37,1,0,0,38,1,0.02631578947368421,https://data.wa.gov/Transportation/Vehicle-Title-Transactions-by-Department-of-Licens/cdk6-5kdf
Klickitat,2021-11-01,37,3,0,0,40,3,0.075,https://data.wa.gov/Transportation/Vehicle-Title-Transactions-by-Department-of-Licens/cdk6-5kdf
Klickitat,2021-12-01,34,1,0,1,36,2,0.05555555555555555,https://data.wa.gov/Transportation/Vehicle-Title-Transactions-by-Department-of-Licens/cdk6-5kdf
Klickitat,2022-01-01,41,2,1,0,44,3,0.06818181818181818,https://data.wa.gov/Transportation/Vehicle-Title-Transactions-by-Department-of-Licens/cdk6-5kdf
Klickitat,2022-02-01,27,2,0,0,29,2,0.06896551724137931,https://data.wa.gov/Transportation/Vehicle-Title-Transactions-by-Department-of-Licens/cdk6-5kdf
Klickitat,2022-03-01,48,3,3,0,54,6,0.1111111111111111,https://data.wa.gov/Transportation/Vehicle-Title-Transactions-by-Department-of-Licens/cdk6-5kdf
Klickitat,2022-04-01,35,3,0,0,38,3,0.07894736842105263,https://data.wa.gov/Transportation/Vehicle-Title-Transactions-by-Department-of-Licens/cdk6-5kdf
Klickitat,2022-05-01,37,1,0,0,38,1,0.02631578947368421,https://data.wa.gov/Transportation/Vehicle-Title-Transactions-by-Department-of-Licens/cdk6-5kdf
Klickitat,2022-06-01,45,4,1,0,50,5,0.1,https://data.wa.gov/Transportation/Vehicle-Title-Transactions-by-Department-of-Licens/cdk6-5kdf
Klickitat,2022-07-01,33,2,0,0,35,2,0.05714285714285714,https://data.wa.gov/Transportation/Vehicle-Title-Transactions-by-Department-of-Licens/cdk6-5kdf
Klickitat,2022-08-01,33,4,0,0,37,4,0.10810810810810811,https://data.wa.gov/Transportation/Vehicle-Title-Transactions-by-Department-of-Licens/cdk6-5kdf
Klickitat,2022-09-01,36,3,1,0,40,4,0.1,https://data.wa.gov/Transportation/Vehicle-Title-Transactions-by-Department-of-Licens/cdk6-5kdf
Klickitat,2022-10-01,36,2,1,0,39,3,0.07692307692307693,https://data.wa.gov/Transportation/Vehicle-Title-Transactions-by-Department-of-Licens/cdk6-5kdf
Klickitat,2022-11-01,40,3,2,0,45,5,0.1111111111111111,https://data.wa.gov/Transportation/Vehicle-Title-Transactions-by-Department-of-Licens/cdk6-5kdf
Klickitat,2022-12-01,37,5,0,0,42,5,0.11904761904761904,https://data.wa.gov/Transportation/Vehicle-Title-Transactions-by-Department-of-Licens/cdk6-5kdf
Klickitat,2023-01-01,47,5,1,0,53,6,0.11320754716981132,https://data.wa.gov/Transportation/Vehicle-Title-Transactions-by-Department-of-Licens/cdk6-5kdf
Klickitat,2023-02-01,35,2,0,0,37,2,0.05405405405405406,https://data.wa.gov/Transportation/Vehicle-Title-Transactions-by-Department-of-Licens/cdk6-5kdf
Klickitat,2023-03-01,49,6,1,0,56,7,0.125,https://data.wa.gov/Transportation/Vehicle-Title-Transactions-by-Department-of-Licens/cdk6-5kdf
Klickitat,2023-04-01,34,8,1,0,43,9,0.20930232558139536,https://data.wa.gov/Transportation/Vehicle-Title-Transactions-by-Department-of-Licens/cdk6-5kdf
Klickitat,2023-05-01,47,7,1,0,55,8,0.14545454545454545,https://data.wa.gov/Transportation/Vehicle-Title-Transactions-by-Department-of-Licens/cdk6-5kdf
Klickitat,2023-06-01,36,4,1,0,41,5,0.12195121951219512,https://data.wa.gov/Transportation/Vehicle-Title-Transactions-by-Department-of-Licens/cdk6-5kdf
Klickitat,2023-07-01,43,2,1,0,46,3,0.06521739130434782,https://data.wa.gov/Transportation/Vehicle-Title-Transactions-by-Department-of-Licens/cdk6-5kdf
Klickitat,2023-08-01,29,7,0,0,36,7,0.19444444444444445,https://data.wa.gov/Transportation/Vehicle-Title-Transactions-by-Department-of-Licens/cdk6-5kdf
Klickitat,2023-09-01,47,6,3,0,56,9,0.16071428571428573,https://data.wa.gov/Transportation/Vehicle-Title-Transactions-by-Department-of-Licens/cdk6-5kdf
Klickitat,2023-10-01,34,4,2,0,40,6,0.15,https://data.wa.gov/Transportation/Vehicle-Title-Transactions-by-Department-of-Licens/cdk6-5kdf
Klickitat,2023-11-01,43,3,1,0,47,4,0.0851063829787234,https://data.wa.gov/Transportation/Vehicle-Title-Transactions-by-Department-of-Licens/cdk6-5kdf
Klickitat,2023-12-01,47,3,2,0,52,5,0.09615384615384616,https://data.wa.gov/Transportation/Vehicle-Title-Transactions-by-Department-of-Licens/cdk6-5kdf
Klickitat,2024-01-01,46,5,0,0,51,5,0.09803921568627451,https://data.wa.gov/Transportation/Vehicle-Title-Transactions-by-Department-of-Licens/cdk6-5kdf
Klickitat,2024-02-01,39,5,3,0,47,8,0.1702127659574468,https://data.wa.gov/Transportation/Vehicle-Title-Transactions-by-Department-of-Licens/cdk6-5kdf
Klickitat,2024-03-01,32,3,1,0,36,4,0.1111111111111111,https://data.wa.gov/Transportation/Vehicle-Title-Transactions-by-Department-of-Licens/cdk6-5kdf
Klickitat,2024-04-01,25,3,0,0,28,3,0.10714285714285714,https://data.wa.gov/Transportation/Vehicle-Title-Transactions-by-Department-of-Licens/cdk6-5kdf
Klickitat,2024-05-01,49,2,0,0,51,2,0.0392156862745098,https://data.wa.gov/Transportation/Vehicle-Title-Transactions-by-Department-of-Licens/cdk6-5kdf
Klickitat,2024-06-01,35,4,0,0,39,4,0.10256410256410256,https://data.wa.gov/Transportation/Vehicle-Title-Transactions-by-Department-of-Licens/cdk6-5kdf
Klickitat,2024-07-01,49,7,2,0,58,9,0.15517241379310345,https://data.wa.gov/Transportation/Vehicle-Title-Transactions-by-Department-of-Licens/cdk6-5kdf
Klickitat,2024-08-01,46,8,1,0,55,9,0.16363636363636364,https://data.wa.gov/Transportation/Vehicle-Title-Transactions-by-Department-of-Licens/cdk6-5kdf
Klickitat,2024-09-01,47,5,1,0,53,6,0.11320754716981132,https://data.wa.gov/Transportation/Vehicle-Title-Transactions-by-Department-of-Licens/cdk6-5kdf
Klickitat,2024-10-01,51,6,1,0,58,7,0.1206896551724138,https://data.wa.gov/Transportation/Vehicle-Title-Transactions-by-Department-of-Licens/cdk6-5kdf
Klickitat,2024-11-01,42,5,4,0,51,9,0.17647058823529413,https://data.wa.gov/Transportation/Vehicle-Title-Transactions-by-Department-of-Licens/cdk6-5kdf
Klickitat,2024-12-01,42,6,4,0,52,10,0.19230769230769232,https://data.wa.gov/Transportation/Vehicle-Title-Transactions-by-Department-of-Licens/cdk6-5kdf
Klickitat,2025-01-01,52,11,5,0,68,16,0.23529411764705882,https://data.wa.gov/Transportation/Vehicle-Title-Transactions-by-Department-of-Licens/cdk6-5kdf
Klickitat,2025-02-01,32,3,1,0,36,4,0.1111111111111111,https://data.wa.gov/Transportation/Vehicle-Title-Transactions-by-Department-of-Licens/cdk6-5kdf
Klickitat,2025-03-01,55,3,2,0,60,5,0.08333333333333333,https://data.wa.gov/Transportation/Vehicle-Title-Transactions-by-Department-of-Licens/cdk6-5kdf
Klickitat,2025-04-01,61,5,3,0,69,8,0.11594202898550725,https://data.wa.gov/Transportation/Vehicle-Title-Transactions-by-Department-of-Licens/cdk6-5kdf
Klickitat,2025-05-01,54,1,1,0,56,2,0.03571428571428571,https://data.wa.gov/Transportation/Vehicle-Title-Transactions-by-Department-of-Licens/cdk6-5kdf
Klickitat,2025-06-01,34,4,2,0,40,6,0.15,https://data.wa.gov/Transportation/Vehicle-Title-Transactions-by-Department-of-Licens/cdk6-5kdf
Klickitat,2025-07-01,41,6,1,0,48,7,0.14583333333333334,https://data.wa.gov/Transportation/Vehicle-Title-Transactions-by-Department-of-Licens/cdk6-5kdf
Klickitat,2025-08-01,40,8,0,0,48,8,0.16666666666666666,https://data.wa.gov/Transportation/Vehicle-Title-Transactions-by-Department-of-Licens/cdk6-5kdf
Klickitat,2025-09-01,53,8,0,0,61,8,0.13114754098360656,https://data.wa.gov/Transportation/Vehicle-Title-Transactions-by-Department-of-Licens/cdk6-5kdf
Klickitat,2025-10-01,43,7,1,0,51,8,0.1568627450980392,https://data.wa.gov/Transportation/Vehicle-Title-Transactions-by-Department-of-Licens/cdk6-5kdf
Klickitat,2025-11-01,38,0,2,0,40,2,0.05,https://data.wa.gov/Transportation/Vehicle-Title-Transactions-by-Department-of-Licens/cdk6-5kdf
Klickitat,2025-12-01,44,3,0,0,47,3,0.06382978723404255,https://data.wa.gov/Transportation/Vehicle-Title-Transactions-by-Department-of-Licens/cdk6-5kdf
Klickitat,2026-01-01,41,4,0,0,45,4,0.08888888888888889,https://data.wa.gov/Transportation/Vehicle-Title-Transactions-by-Department-of-Licens/cdk6-5kdf
Klickitat,2026-02-01,38,3,2,0,43,5,0.11627906976744186,https://data.wa.gov/Transportation/Vehicle-Title-Transactions-by-Department-of-Licens/cdk6-5kdf
Klickitat,2026-03-01,52,5,1,0,58,6,0.10344827586206896,https://data.wa.gov/Transportation/Vehicle-Title-Transactions-by-Department-of-Licens/cdk6-5kdf
Klickitat,2026-04-01,36,8,1,0,45,9,0.2,https://data.wa.gov/Transportation/Vehicle-Title-Transactions-by-Department-of-Licens/cdk6-5kdf
Klickitat,2026-05-01,35,2,1,0,38,3,0.07894736842105263,https://data.wa.gov/Transportation/Vehicle-Title-Transactions-by-Department-of-Licens/cdk6-5kdf
Klickitat,2026-06-01,41,6,2,0,49,8,0.16326530612244897,https://data.wa.gov/Transportation/Vehicle-Title-Transactions-by-Department-of-Licens/cdk6-5kdf
Lewis,2017-01-01,349,1,0,0,350,1,0.002857142857142857,https://data.wa.gov/Transportation/Vehicle-Title-Transactions-by-Department-of-Licens/cdk6-5kdf
Lewis,2017-02-01,335,1,1,0,337,2,0.005934718100890208,https://data.wa.gov/Transportation/Vehicle-Title-Transactions-by-Department-of-Licens/cdk6-5kdf
Lewis,2017-03-01,375,0,0,0,375,0,0,https://data.wa.gov/Transportation/Vehicle-Title-Transactions-by-Department-of-Licens/cdk6-5kdf
Lewis,2017-04-01,293,1,0,0,294,1,0.003401360544217687,https://data.wa.gov/Transportation/Vehicle-Title-Transactions-by-Department-of-Licens/cdk6-5kdf
Lewis,2017-05-01,449,1,0,0,450,1,0.0022222222222222222,https://data.wa.gov/Transportation/Vehicle-Title-Transactions-by-Department-of-Licens/cdk6-5kdf
Lewis,2017-06-01,430,1,2,0,433,3,0.006928406466512702,https://data.wa.gov/Transportation/Vehicle-Title-Transactions-by-Department-of-Licens/cdk6-5kdf
Lewis,2017-07-01,271,0,0,0,271,0,0,https://data.wa.gov/Transportation/Vehicle-Title-Transactions-by-Department-of-Licens/cdk6-5kdf
Lewis,2017-08-01,358,3,1,0,362,4,0.011049723756906077,https://data.wa.gov/Transportation/Vehicle-Title-Transactions-by-Department-of-Licens/cdk6-5kdf
Lewis,2017-09-01,300,0,0,0,300,0,0,https://data.wa.gov/Transportation/Vehicle-Title-Transactions-by-Department-of-Licens/cdk6-5kdf
Lewis,2017-10-01,273,1,0,0,274,1,0.0036496350364963502,https://data.wa.gov/Transportation/Vehicle-Title-Transactions-by-Department-of-Licens/cdk6-5kdf
Lewis,2017-11-01,223,0,2,0,225,2,0.008888888888888889,https://data.wa.gov/Transportation/Vehicle-Title-Transactions-by-Department-of-Licens/cdk6-5kdf
Lewis,2017-12-01,304,0,1,0,305,1,0.003278688524590164,https://data.wa.gov/Transportation/Vehicle-Title-Transactions-by-Department-of-Licens/cdk6-5kdf
Lewis,2018-01-01,345,0,1,0,346,1,0.002890173410404624,https://data.wa.gov/Transportation/Vehicle-Title-Transactions-by-Department-of-Licens/cdk6-5kdf
Lewis,2018-02-01,317,1,1,0,319,2,0.006269592476489028,https://data.wa.gov/Transportation/Vehicle-Title-Transactions-by-Department-of-Licens/cdk6-5kdf
Lewis,2018-03-01,394,3,1,0,398,4,0.010050251256281407,https://data.wa.gov/Transportation/Vehicle-Title-Transactions-by-Department-of-Licens/cdk6-5kdf
Lewis,2018-04-01,393,20,3,0,416,23,0.055288461538461536,https://data.wa.gov/Transportation/Vehicle-Title-Transactions-by-Department-of-Licens/cdk6-5kdf
Lewis,2018-05-01,496,0,1,0,497,1,0.002012072434607646,https://data.wa.gov/Transportation/Vehicle-Title-Transactions-by-Department-of-Licens/cdk6-5kdf
Lewis,2018-06-01,537,2,2,0,541,4,0.0073937153419593345,https://data.wa.gov/Transportation/Vehicle-Title-Transactions-by-Department-of-Licens/cdk6-5kdf
Lewis,2018-07-01,318,1,0,0,319,1,0.003134796238244514,https://data.wa.gov/Transportation/Vehicle-Title-Transactions-by-Department-of-Licens/cdk6-5kdf
Lewis,2018-08-01,239,0,0,0,239,0,0,https://data.wa.gov/Transportation/Vehicle-Title-Transactions-by-Department-of-Licens/cdk6-5kdf
Lewis,2018-09-01,236,1,2,0,239,3,0.012552301255230125,https://data.wa.gov/Transportation/Vehicle-Title-Transactions-by-Department-of-Licens/cdk6-5kdf
Lewis,2018-10-01,257,3,1,0,261,4,0.01532567049808429,https://data.wa.gov/Transportation/Vehicle-Title-Transactions-by-Department-of-Licens/cdk6-5kdf
Lewis,2018-11-01,253,1,2,0,256,3,0.01171875,https://data.wa.gov/Transportation/Vehicle-Title-Transactions-by-Department-of-Licens/cdk6-5kdf
Lewis,2018-12-01,310,3,1,0,314,4,0.012738853503184714,https://data.wa.gov/Transportation/Vehicle-Title-Transactions-by-Department-of-Licens/cdk6-5kdf
Lewis,2019-01-01,353,5,3,0,361,8,0.0221606648199446,https://data.wa.gov/Transportation/Vehicle-Title-Transactions-by-Department-of-Licens/cdk6-5kdf
Lewis,2019-02-01,242,1,0,0,243,1,0.00411522633744856,https://data.wa.gov/Transportation/Vehicle-Title-Transactions-by-Department-of-Licens/cdk6-5kdf
Lewis,2019-03-01,333,2,1,0,336,3,0.008928571428571428,https://data.wa.gov/Transportation/Vehicle-Title-Transactions-by-Department-of-Licens/cdk6-5kdf
Lewis,2019-04-01,340,1,0,0,341,1,0.002932551319648094,https://data.wa.gov/Transportation/Vehicle-Title-Transactions-by-Department-of-Licens/cdk6-5kdf
Lewis,2019-05-01,559,2,0,0,561,2,0.0035650623885918,https://data.wa.gov/Transportation/Vehicle-Title-Transactions-by-Department-of-Licens/cdk6-5kdf
Lewis,2019-06-01,577,1,2,0,580,3,0.005172413793103448,https://data.wa.gov/Transportation/Vehicle-Title-Transactions-by-Department-of-Licens/cdk6-5kdf
Lewis,2019-07-01,343,1,0,0,344,1,0.0029069767441860465,https://data.wa.gov/Transportation/Vehicle-Title-Transactions-by-Department-of-Licens/cdk6-5kdf
Lewis,2019-08-01,237,3,0,0,240,3,0.0125,https://data.wa.gov/Transportation/Vehicle-Title-Transactions-by-Department-of-Licens/cdk6-5kdf
Lewis,2019-09-01,166,1,0,0,167,1,0.005988023952095809,https://data.wa.gov/Transportation/Vehicle-Title-Transactions-by-Department-of-Licens/cdk6-5kdf
Lewis,2019-10-01,219,1,0,0,220,1,0.004545454545454545,https://data.wa.gov/Transportation/Vehicle-Title-Transactions-by-Department-of-Licens/cdk6-5kdf
Lewis,2019-11-01,196,2,1,0,199,3,0.01507537688442211,https://data.wa.gov/Transportation/Vehicle-Title-Transactions-by-Department-of-Licens/cdk6-5kdf
Lewis,2019-12-01,301,0,0,0,301,0,0,https://data.wa.gov/Transportation/Vehicle-Title-Transactions-by-Department-of-Licens/cdk6-5kdf
Lewis,2020-01-01,395,5,0,0,400,5,0.0125,https://data.wa.gov/Transportation/Vehicle-Title-Transactions-by-Department-of-Licens/cdk6-5kdf
Lewis,2020-02-01,357,0,0,0,357,0,0,https://data.wa.gov/Transportation/Vehicle-Title-Transactions-by-Department-of-Licens/cdk6-5kdf
Lewis,2020-03-01,299,1,0,0,300,1,0.0033333333333333335,https://data.wa.gov/Transportation/Vehicle-Title-Transactions-by-Department-of-Licens/cdk6-5kdf
Lewis,2020-04-01,85,0,0,0,85,0,0,https://data.wa.gov/Transportation/Vehicle-Title-Transactions-by-Department-of-Licens/cdk6-5kdf
Lewis,2020-05-01,76,1,0,0,77,1,0.012987012987012988,https://data.wa.gov/Transportation/Vehicle-Title-Transactions-by-Department-of-Licens/cdk6-5kdf
Lewis,2020-06-01,234,2,1,0,237,3,0.012658227848101266,https://data.wa.gov/Transportation/Vehicle-Title-Transactions-by-Department-of-Licens/cdk6-5kdf
Lewis,2020-07-01,153,4,2,0,159,6,0.03773584905660377,https://data.wa.gov/Transportation/Vehicle-Title-Transactions-by-Department-of-Licens/cdk6-5kdf
Lewis,2020-08-01,195,0,0,0,195,0,0,https://data.wa.gov/Transportation/Vehicle-Title-Transactions-by-Department-of-Licens/cdk6-5kdf
Lewis,2020-09-01,281,1,0,0,282,1,0.0035460992907801418,https://data.wa.gov/Transportation/Vehicle-Title-Transactions-by-Department-of-Licens/cdk6-5kdf
Lewis,2020-10-01,292,4,0,0,296,4,0.013513513513513514,https://data.wa.gov/Transportation/Vehicle-Title-Transactions-by-Department-of-Licens/cdk6-5kdf
Lewis,2020-11-01,314,1,1,0,316,2,0.006329113924050633,https://data.wa.gov/Transportation/Vehicle-Title-Transactions-by-Department-of-Licens/cdk6-5kdf
Lewis,2020-12-01,368,1,1,0,370,2,0.005405405405405406,https://data.wa.gov/Transportation/Vehicle-Title-Transactions-by-Department-of-Licens/cdk6-5kdf
Lewis,2021-01-01,368,3,2,0,373,5,0.013404825737265416,https://data.wa.gov/Transportation/Vehicle-Title-Transactions-by-Department-of-Licens/cdk6-5kdf
Lewis,2021-02-01,330,1,0,0,331,1,0.0030211480362537764,https://data.wa.gov/Transportation/Vehicle-Title-Transactions-by-Department-of-Licens/cdk6-5kdf
Lewis,2021-03-01,569,1,1,0,571,2,0.0035026269702276708,https://data.wa.gov/Transportation/Vehicle-Title-Transactions-by-Department-of-Licens/cdk6-5kdf
Lewis,2021-04-01,388,8,0,0,396,8,0.020202020202020204,https://data.wa.gov/Transportation/Vehicle-Title-Transactions-by-Department-of-Licens/cdk6-5kdf
Lewis,2021-05-01,320,8,1,0,329,9,0.02735562310030395,https://data.wa.gov/Transportation/Vehicle-Title-Transactions-by-Department-of-Licens/cdk6-5kdf
Lewis,2021-06-01,293,2,3,0,298,5,0.016778523489932886,https://data.wa.gov/Transportation/Vehicle-Title-Transactions-by-Department-of-Licens/cdk6-5kdf
Lewis,2021-07-01,255,3,1,0,259,4,0.015444015444015444,https://data.wa.gov/Transportation/Vehicle-Title-Transactions-by-Department-of-Licens/cdk6-5kdf
Lewis,2021-08-01,219,19,10,0,248,29,0.11693548387096774,https://data.wa.gov/Transportation/Vehicle-Title-Transactions-by-Department-of-Licens/cdk6-5kdf
Lewis,2021-09-01,176,5,0,0,181,5,0.027624309392265192,https://data.wa.gov/Transportation/Vehicle-Title-Transactions-by-Department-of-Licens/cdk6-5kdf
Lewis,2021-10-01,191,1,8,0,200,9,0.045,https://data.wa.gov/Transportation/Vehicle-Title-Transactions-by-Department-of-Licens/cdk6-5kdf
Lewis,2021-11-01,152,2,6,0,160,8,0.05,https://data.wa.gov/Transportation/Vehicle-Title-Transactions-by-Department-of-Licens/cdk6-5kdf
Lewis,2021-12-01,131,4,1,0,136,5,0.03676470588235294,https://data.wa.gov/Transportation/Vehicle-Title-Transactions-by-Department-of-Licens/cdk6-5kdf
Lewis,2022-01-01,151,7,1,0,159,8,0.050314465408805034,https://data.wa.gov/Transportation/Vehicle-Title-Transactions-by-Department-of-Licens/cdk6-5kdf
Lewis,2022-02-01,166,5,1,0,172,6,0.03488372093023256,https://data.wa.gov/Transportation/Vehicle-Title-Transactions-by-Department-of-Licens/cdk6-5kdf
Lewis,2022-03-01,229,3,2,0,234,5,0.021367521367521368,https://data.wa.gov/Transportation/Vehicle-Title-Transactions-by-Department-of-Licens/cdk6-5kdf
Lewis,2022-04-01,221,5,5,0,231,10,0.04329004329004329,https://data.wa.gov/Transportation/Vehicle-Title-Transactions-by-Department-of-Licens/cdk6-5kdf
Lewis,2022-05-01,197,0,3,0,200,3,0.015,https://data.wa.gov/Transportation/Vehicle-Title-Transactions-by-Department-of-Licens/cdk6-5kdf
Lewis,2022-06-01,267,3,0,0,270,3,0.011111111111111112,https://data.wa.gov/Transportation/Vehicle-Title-Transactions-by-Department-of-Licens/cdk6-5kdf
Lewis,2022-07-01,168,7,1,0,176,8,0.045454545454545456,https://data.wa.gov/Transportation/Vehicle-Title-Transactions-by-Department-of-Licens/cdk6-5kdf
Lewis,2022-08-01,244,2,1,0,247,3,0.012145748987854251,https://data.wa.gov/Transportation/Vehicle-Title-Transactions-by-Department-of-Licens/cdk6-5kdf
Lewis,2022-09-01,238,9,2,0,249,11,0.04417670682730924,https://data.wa.gov/Transportation/Vehicle-Title-Transactions-by-Department-of-Licens/cdk6-5kdf
Lewis,2022-10-01,169,10,2,0,181,12,0.06629834254143646,https://data.wa.gov/Transportation/Vehicle-Title-Transactions-by-Department-of-Licens/cdk6-5kdf
Lewis,2022-11-01,251,1,2,0,254,3,0.011811023622047244,https://data.wa.gov/Transportation/Vehicle-Title-Transactions-by-Department-of-Licens/cdk6-5kdf
Lewis,2022-12-01,237,7,3,0,247,10,0.04048582995951417,https://data.wa.gov/Transportation/Vehicle-Title-Transactions-by-Department-of-Licens/cdk6-5kdf
Lewis,2023-01-01,270,8,0,0,278,8,0.02877697841726619,https://data.wa.gov/Transportation/Vehicle-Title-Transactions-by-Department-of-Licens/cdk6-5kdf
Lewis,2023-02-01,220,11,1,0,232,12,0.05172413793103448,https://data.wa.gov/Transportation/Vehicle-Title-Transactions-by-Department-of-Licens/cdk6-5kdf
Lewis,2023-03-01,267,4,4,0,275,8,0.02909090909090909,https://data.wa.gov/Transportation/Vehicle-Title-Transactions-by-Department-of-Licens/cdk6-5kdf
Lewis,2023-04-01,279,12,3,0,294,15,0.05102040816326531,https://data.wa.gov/Transportation/Vehicle-Title-Transactions-by-Department-of-Licens/cdk6-5kdf
Lewis,2023-05-01,210,6,3,0,219,9,0.0410958904109589,https://data.wa.gov/Transportation/Vehicle-Title-Transactions-by-Department-of-Licens/cdk6-5kdf
Lewis,2023-06-01,380,17,2,0,399,19,0.047619047619047616,https://data.wa.gov/Transportation/Vehicle-Title-Transactions-by-Department-of-Licens/cdk6-5kdf
Lewis,2023-07-01,274,4,10,0,288,14,0.04861111111111111,https://data.wa.gov/Transportation/Vehicle-Title-Transactions-by-Department-of-Licens/cdk6-5kdf
Lewis,2023-08-01,251,10,24,0,285,34,0.11929824561403508,https://data.wa.gov/Transportation/Vehicle-Title-Transactions-by-Department-of-Licens/cdk6-5kdf
Lewis,2023-09-01,182,8,21,0,211,29,0.13744075829383887,https://data.wa.gov/Transportation/Vehicle-Title-Transactions-by-Department-of-Licens/cdk6-5kdf
Lewis,2023-10-01,179,7,11,0,197,18,0.09137055837563451,https://data.wa.gov/Transportation/Vehicle-Title-Transactions-by-Department-of-Licens/cdk6-5kdf
Lewis,2023-11-01,191,7,6,0,204,13,0.06372549019607843,https://data.wa.gov/Transportation/Vehicle-Title-Transactions-by-Department-of-Licens/cdk6-5kdf
Lewis,2023-12-01,170,12,14,0,196,26,0.1326530612244898,https://data.wa.gov/Transportation/Vehicle-Title-Transactions-by-Department-of-Licens/cdk6-5kdf
Lewis,2024-01-01,245,12,9,0,266,21,0.07894736842105263,https://data.wa.gov/Transportation/Vehicle-Title-Transactions-by-Department-of-Licens/cdk6-5kdf
Lewis,2024-02-01,245,8,7,0,260,15,0.057692307692307696,https://data.wa.gov/Transportation/Vehicle-Title-Transactions-by-Department-of-Licens/cdk6-5kdf
Lewis,2024-03-01,250,6,9,0,265,15,0.05660377358490566,https://data.wa.gov/Transportation/Vehicle-Title-Transactions-by-Department-of-Licens/cdk6-5kdf
Lewis,2024-04-01,298,7,27,0,332,34,0.10240963855421686,https://data.wa.gov/Transportation/Vehicle-Title-Transactions-by-Department-of-Licens/cdk6-5kdf
Lewis,2024-05-01,421,2,13,0,436,15,0.034403669724770644,https://data.wa.gov/Transportation/Vehicle-Title-Transactions-by-Department-of-Licens/cdk6-5kdf
Lewis,2024-06-01,341,11,1,0,353,12,0.0339943342776204,https://data.wa.gov/Transportation/Vehicle-Title-Transactions-by-Department-of-Licens/cdk6-5kdf
Lewis,2024-07-01,327,15,16,0,358,31,0.08659217877094973,https://data.wa.gov/Transportation/Vehicle-Title-Transactions-by-Department-of-Licens/cdk6-5kdf
Lewis,2024-08-01,181,26,0,0,207,26,0.12560386473429952,https://data.wa.gov/Transportation/Vehicle-Title-Transactions-by-Department-of-Licens/cdk6-5kdf
Lewis,2024-09-01,196,21,3,0,220,24,0.10909090909090909,https://data.wa.gov/Transportation/Vehicle-Title-Transactions-by-Department-of-Licens/cdk6-5kdf
Lewis,2024-10-01,186,11,10,0,207,21,0.10144927536231885,https://data.wa.gov/Transportation/Vehicle-Title-Transactions-by-Department-of-Licens/cdk6-5kdf
Lewis,2024-11-01,158,12,9,0,179,21,0.11731843575418995,https://data.wa.gov/Transportation/Vehicle-Title-Transactions-by-Department-of-Licens/cdk6-5kdf
Lewis,2024-12-01,215,14,4,0,233,18,0.07725321888412018,https://data.wa.gov/Transportation/Vehicle-Title-Transactions-by-Department-of-Licens/cdk6-5kdf
Lewis,2025-01-01,300,13,7,0,320,20,0.0625,https://data.wa.gov/Transportation/Vehicle-Title-Transactions-by-Department-of-Licens/cdk6-5kdf
Lewis,2025-02-01,309,9,1,0,319,10,0.03134796238244514,https://data.wa.gov/Transportation/Vehicle-Title-Transactions-by-Department-of-Licens/cdk6-5kdf
Lewis,2025-03-01,386,5,2,0,393,7,0.017811704834605598,https://data.wa.gov/Transportation/Vehicle-Title-Transactions-by-Department-of-Licens/cdk6-5kdf
Lewis,2025-04-01,392,12,7,0,411,19,0.046228710462287104,https://data.wa.gov/Transportation/Vehicle-Title-Transactions-by-Department-of-Licens/cdk6-5kdf
Lewis,2025-05-01,479,11,2,0,492,13,0.026422764227642278,https://data.wa.gov/Transportation/Vehicle-Title-Transactions-by-Department-of-Licens/cdk6-5kdf
Lewis,2025-06-01,442,18,1,0,461,19,0.04121475054229935,https://data.wa.gov/Transportation/Vehicle-Title-Transactions-by-Department-of-Licens/cdk6-5kdf
Lewis,2025-07-01,453,15,2,0,470,17,0.036170212765957444,https://data.wa.gov/Transportation/Vehicle-Title-Transactions-by-Department-of-Licens/cdk6-5kdf
Lewis,2025-08-01,172,18,2,0,192,20,0.10416666666666667,https://data.wa.gov/Transportation/Vehicle-Title-Transactions-by-Department-of-Licens/cdk6-5kdf
Lewis,2025-09-01,166,11,6,0,183,17,0.09289617486338798,https://data.wa.gov/Transportation/Vehicle-Title-Transactions-by-Department-of-Licens/cdk6-5kdf
Lewis,2025-10-01,188,13,0,0,201,13,0.06467661691542288,https://data.wa.gov/Transportation/Vehicle-Title-Transactions-by-Department-of-Licens/cdk6-5kdf
Lewis,2025-11-01,158,9,3,0,170,12,0.07058823529411765,https://data.wa.gov/Transportation/Vehicle-Title-Transactions-by-Department-of-Licens/cdk6-5kdf
Lewis,2025-12-01,195,11,3,0,209,14,0.06698564593301436,https://data.wa.gov/Transportation/Vehicle-Title-Transactions-by-Department-of-Licens/cdk6-5kdf
Lewis,2026-01-01,260,8,1,0,269,9,0.03345724907063197,https://data.wa.gov/Transportation/Vehicle-Title-Transactions-by-Department-of-Licens/cdk6-5kdf
Lewis,2026-02-01,407,8,2,0,417,10,0.023980815347721823,https://data.wa.gov/Transportation/Vehicle-Title-Transactions-by-Department-of-Licens/cdk6-5kdf
Lewis,2026-03-01,506,9,0,0,515,9,0.017475728155339806,https://data.wa.gov/Transportation/Vehicle-Title-Transactions-by-Department-of-Licens/cdk6-5kdf
Lewis,2026-04-01,602,20,1,0,623,21,0.033707865168539325,https://data.wa.gov/Transportation/Vehicle-Title-Transactions-by-Department-of-Licens/cdk6-5kdf
Lewis,2026-05-01,640,17,2,0,659,19,0.028831562974203338,https://data.wa.gov/Transportation/Vehicle-Title-Transactions-by-Department-of-Licens/cdk6-5kdf
Lewis,2026-06-01,735,10,4,0,749,14,0.018691588785046728,https://data.wa.gov/Transportation/Vehicle-Title-Transactions-by-Department-of-Licens/cdk6-5kdf
Lincoln,2017-01-01,16,0,0,0,16,0,0,https://data.wa.gov/Transportation/Vehicle-Title-Transactions-by-Department-of-Licens/cdk6-5kdf
Lincoln,2017-02-01,4,0,0,0,4,0,0,https://data.wa.gov/Transportation/Vehicle-Title-Transactions-by-Department-of-Licens/cdk6-5kdf
Lincoln,2017-03-01,14,0,0,0,14,0,0,https://data.wa.gov/Transportation/Vehicle-Title-Transactions-by-Department-of-Licens/cdk6-5kdf
Lincoln,2017-04-01,12,0,0,0,12,0,0,https://data.wa.gov/Transportation/Vehicle-Title-Transactions-by-Department-of-Licens/cdk6-5kdf
Lincoln,2017-05-01,18,0,0,0,18,0,0,https://data.wa.gov/Transportation/Vehicle-Title-Transactions-by-Department-of-Licens/cdk6-5kdf
Lincoln,2017-06-01,17,0,0,0,17,0,0,https://data.wa.gov/Transportation/Vehicle-Title-Transactions-by-Department-of-Licens/cdk6-5kdf
Lincoln,2017-07-01,17,0,0,0,17,0,0,https://data.wa.gov/Transportation/Vehicle-Title-Transactions-by-Department-of-Licens/cdk6-5kdf
Lincoln,2017-08-01,21,0,0,0,21,0,0,https://data.wa.gov/Transportation/Vehicle-Title-Transactions-by-Department-of-Licens/cdk6-5kdf
Lincoln,2017-09-01,19,0,0,0,19,0,0,https://data.wa.gov/Transportation/Vehicle-Title-Transactions-by-Department-of-Licens/cdk6-5kdf
Lincoln,2017-10-01,24,0,0,0,24,0,0,https://data.wa.gov/Transportation/Vehicle-Title-Transactions-by-Department-of-Licens/cdk6-5kdf
Lincoln,2017-11-01,10,0,0,0,10,0,0,https://data.wa.gov/Transportation/Vehicle-Title-Transactions-by-Department-of-Licens/cdk6-5kdf
Lincoln,2017-12-01,16,0,0,0,16,0,0,https://data.wa.gov/Transportation/Vehicle-Title-Transactions-by-Department-of-Licens/cdk6-5kdf
Lincoln,2018-01-01,13,0,0,0,13,0,0,https://data.wa.gov/Transportation/Vehicle-Title-Transactions-by-Department-of-Licens/cdk6-5kdf
Lincoln,2018-02-01,22,0,0,0,22,0,0,https://data.wa.gov/Transportation/Vehicle-Title-Transactions-by-Department-of-Licens/cdk6-5kdf
Lincoln,2018-03-01,16,0,0,0,16,0,0,https://data.wa.gov/Transportation/Vehicle-Title-Transactions-by-Department-of-Licens/cdk6-5kdf
Lincoln,2018-04-01,13,0,0,0,13,0,0,https://data.wa.gov/Transportation/Vehicle-Title-Transactions-by-Department-of-Licens/cdk6-5kdf
Lincoln,2018-05-01,20,0,0,0,20,0,0,https://data.wa.gov/Transportation/Vehicle-Title-Transactions-by-Department-of-Licens/cdk6-5kdf
Lincoln,2018-06-01,22,0,0,0,22,0,0,https://data.wa.gov/Transportation/Vehicle-Title-Transactions-by-Department-of-Licens/cdk6-5kdf
Lincoln,2018-07-01,26,0,0,0,26,0,0,https://data.wa.gov/Transportation/Vehicle-Title-Transactions-by-Department-of-Licens/cdk6-5kdf
Lincoln,2018-08-01,14,0,0,0,14,0,0,https://data.wa.gov/Transportation/Vehicle-Title-Transactions-by-Department-of-Licens/cdk6-5kdf
Lincoln,2018-09-01,19,0,0,0,19,0,0,https://data.wa.gov/Transportation/Vehicle-Title-Transactions-by-Department-of-Licens/cdk6-5kdf
Lincoln,2018-10-01,21,0,0,0,21,0,0,https://data.wa.gov/Transportation/Vehicle-Title-Transactions-by-Department-of-Licens/cdk6-5kdf
Lincoln,2018-11-01,16,0,0,0,16,0,0,https://data.wa.gov/Transportation/Vehicle-Title-Transactions-by-Department-of-Licens/cdk6-5kdf
Lincoln,2018-12-01,14,0,0,0,14,0,0,https://data.wa.gov/Transportation/Vehicle-Title-Transactions-by-Department-of-Licens/cdk6-5kdf
Lincoln,2019-01-01,14,0,0,0,14,0,0,https://data.wa.gov/Transportation/Vehicle-Title-Transactions-by-Department-of-Licens/cdk6-5kdf
Lincoln,2019-02-01,14,0,0,0,14,0,0,https://data.wa.gov/Transportation/Vehicle-Title-Transactions-by-Department-of-Licens/cdk6-5kdf
Lincoln,2019-03-01,18,0,0,0,18,0,0,https://data.wa.gov/Transportation/Vehicle-Title-Transactions-by-Department-of-Licens/cdk6-5kdf
Lincoln,2019-04-01,23,0,0,0,23,0,0,https://data.wa.gov/Transportation/Vehicle-Title-Transactions-by-Department-of-Licens/cdk6-5kdf
Lincoln,2019-05-01,20,0,1,0,21,1,0.047619047619047616,https://data.wa.gov/Transportation/Vehicle-Title-Transactions-by-Department-of-Licens/cdk6-5kdf
Lincoln,2019-06-01,18,0,0,0,18,0,0,https://data.wa.gov/Transportation/Vehicle-Title-Transactions-by-Department-of-Licens/cdk6-5kdf
Lincoln,2019-07-01,17,0,0,0,17,0,0,https://data.wa.gov/Transportation/Vehicle-Title-Transactions-by-Department-of-Licens/cdk6-5kdf
Lincoln,2019-08-01,25,0,0,0,25,0,0,https://data.wa.gov/Transportation/Vehicle-Title-Transactions-by-Department-of-Licens/cdk6-5kdf
Lincoln,2019-09-01,14,0,0,0,14,0,0,https://data.wa.gov/Transportation/Vehicle-Title-Transactions-by-Department-of-Licens/cdk6-5kdf
Lincoln,2019-10-01,19,0,0,0,19,0,0,https://data.wa.gov/Transportation/Vehicle-Title-Transactions-by-Department-of-Licens/cdk6-5kdf
Lincoln,2019-11-01,17,0,0,0,17,0,0,https://data.wa.gov/Transportation/Vehicle-Title-Transactions-by-Department-of-Licens/cdk6-5kdf
Lincoln,2019-12-01,14,0,0,0,14,0,0,https://data.wa.gov/Transportation/Vehicle-Title-Transactions-by-Department-of-Licens/cdk6-5kdf
Lincoln,2020-01-01,12,0,0,0,12,0,0,https://data.wa.gov/Transportation/Vehicle-Title-Transactions-by-Department-of-Licens/cdk6-5kdf
Lincoln,2020-02-01,15,0,0,0,15,0,0,https://data.wa.gov/Transportation/Vehicle-Title-Transactions-by-Department-of-Licens/cdk6-5kdf
Lincoln,2020-03-01,14,0,0,0,14,0,0,https://data.wa.gov/Transportation/Vehicle-Title-Transactions-by-Department-of-Licens/cdk6-5kdf
Lincoln,2020-04-01,12,1,0,0,13,1,0.07692307692307693,https://data.wa.gov/Transportation/Vehicle-Title-Transactions-by-Department-of-Licens/cdk6-5kdf
Lincoln,2020-05-01,9,0,0,0,9,0,0,https://data.wa.gov/Transportation/Vehicle-Title-Transactions-by-Department-of-Licens/cdk6-5kdf
Lincoln,2020-06-01,23,0,0,0,23,0,0,https://data.wa.gov/Transportation/Vehicle-Title-Transactions-by-Department-of-Licens/cdk6-5kdf
Lincoln,2020-07-01,18,0,0,0,18,0,0,https://data.wa.gov/Transportation/Vehicle-Title-Transactions-by-Department-of-Licens/cdk6-5kdf
Lincoln,2020-08-01,12,0,0,0,12,0,0,https://data.wa.gov/Transportation/Vehicle-Title-Transactions-by-Department-of-Licens/cdk6-5kdf
Lincoln,2020-09-01,18,0,0,0,18,0,0,https://data.wa.gov/Transportation/Vehicle-Title-Transactions-by-Department-of-Licens/cdk6-5kdf
Lincoln,2020-10-01,19,0,0,0,19,0,0,https://data.wa.gov/Transportation/Vehicle-Title-Transactions-by-Department-of-Licens/cdk6-5kdf
Lincoln,2020-11-01,6,0,0,0,6,0,0,https://data.wa.gov/Transportation/Vehicle-Title-Transactions-by-Department-of-Licens/cdk6-5kdf
Lincoln,2020-12-01,22,0,0,0,22,0,0,https://data.wa.gov/Transportation/Vehicle-Title-Transactions-by-Department-of-Licens/cdk6-5kdf
Lincoln,2021-01-01,19,0,0,0,19,0,0,https://data.wa.gov/Transportation/Vehicle-Title-Transactions-by-Department-of-Licens/cdk6-5kdf
Lincoln,2021-02-01,21,0,0,0,21,0,0,https://data.wa.gov/Transportation/Vehicle-Title-Transactions-by-Department-of-Licens/cdk6-5kdf
Lincoln,2021-03-01,21,0,0,0,21,0,0,https://data.wa.gov/Transportation/Vehicle-Title-Transactions-by-Department-of-Licens/cdk6-5kdf
Lincoln,2021-04-01,26,0,0,0,26,0,0,https://data.wa.gov/Transportation/Vehicle-Title-Transactions-by-Department-of-Licens/cdk6-5kdf
Lincoln,2021-05-01,20,0,0,0,20,0,0,https://data.wa.gov/Transportation/Vehicle-Title-Transactions-by-Department-of-Licens/cdk6-5kdf
Lincoln,2021-06-01,23,0,0,0,23,0,0,https://data.wa.gov/Transportation/Vehicle-Title-Transactions-by-Department-of-Licens/cdk6-5kdf
Lincoln,2021-07-01,12,0,0,0,12,0,0,https://data.wa.gov/Transportation/Vehicle-Title-Transactions-by-Department-of-Licens/cdk6-5kdf
Lincoln,2021-08-01,12,1,0,0,13,1,0.07692307692307693,https://data.wa.gov/Transportation/Vehicle-Title-Transactions-by-Department-of-Licens/cdk6-5kdf
Lincoln,2021-09-01,10,0,1,0,11,1,0.09090909090909091,https://data.wa.gov/Transportation/Vehicle-Title-Transactions-by-Department-of-Licens/cdk6-5kdf
Lincoln,2021-10-01,19,0,0,0,19,0,0,https://data.wa.gov/Transportation/Vehicle-Title-Transactions-by-Department-of-Licens/cdk6-5kdf
Lincoln,2021-11-01,15,0,0,0,15,0,0,https://data.wa.gov/Transportation/Vehicle-Title-Transactions-by-Department-of-Licens/cdk6-5kdf
Lincoln,2021-12-01,16,0,0,0,16,0,0,https://data.wa.gov/Transportation/Vehicle-Title-Transactions-by-Department-of-Licens/cdk6-5kdf
Lincoln,2022-01-01,16,0,0,0,16,0,0,https://data.wa.gov/Transportation/Vehicle-Title-Transactions-by-Department-of-Licens/cdk6-5kdf
Lincoln,2022-02-01,13,1,0,0,14,1,0.07142857142857142,https://data.wa.gov/Transportation/Vehicle-Title-Transactions-by-Department-of-Licens/cdk6-5kdf
Lincoln,2022-03-01,22,0,0,0,22,0,0,https://data.wa.gov/Transportation/Vehicle-Title-Transactions-by-Department-of-Licens/cdk6-5kdf
Lincoln,2022-04-01,14,0,0,0,14,0,0,https://data.wa.gov/Transportation/Vehicle-Title-Transactions-by-Department-of-Licens/cdk6-5kdf
Lincoln,2022-05-01,18,1,0,0,19,1,0.05263157894736842,https://data.wa.gov/Transportation/Vehicle-Title-Transactions-by-Department-of-Licens/cdk6-5kdf
Lincoln,2022-06-01,12,0,0,0,12,0,0,https://data.wa.gov/Transportation/Vehicle-Title-Transactions-by-Department-of-Licens/cdk6-5kdf
Lincoln,2022-07-01,18,0,0,0,18,0,0,https://data.wa.gov/Transportation/Vehicle-Title-Transactions-by-Department-of-Licens/cdk6-5kdf
Lincoln,2022-08-01,18,0,0,0,18,0,0,https://data.wa.gov/Transportation/Vehicle-Title-Transactions-by-Department-of-Licens/cdk6-5kdf
Lincoln,2022-09-01,16,1,0,0,17,1,0.058823529411764705,https://data.wa.gov/Transportation/Vehicle-Title-Transactions-by-Department-of-Licens/cdk6-5kdf
Lincoln,2022-10-01,22,1,1,0,24,2,0.08333333333333333,https://data.wa.gov/Transportation/Vehicle-Title-Transactions-by-Department-of-Licens/cdk6-5kdf
Lincoln,2022-11-01,18,0,0,0,18,0,0,https://data.wa.gov/Transportation/Vehicle-Title-Transactions-by-Department-of-Licens/cdk6-5kdf
Lincoln,2022-12-01,15,0,0,0,15,0,0,https://data.wa.gov/Transportation/Vehicle-Title-Transactions-by-Department-of-Licens/cdk6-5kdf
Lincoln,2023-01-01,20,1,1,0,22,2,0.09090909090909091,https://data.wa.gov/Transportation/Vehicle-Title-Transactions-by-Department-of-Licens/cdk6-5kdf
Lincoln,2023-02-01,27,1,0,0,28,1,0.03571428571428571,https://data.wa.gov/Transportation/Vehicle-Title-Transactions-by-Department-of-Licens/cdk6-5kdf
Lincoln,2023-03-01,16,1,0,0,17,1,0.058823529411764705,https://data.wa.gov/Transportation/Vehicle-Title-Transactions-by-Department-of-Licens/cdk6-5kdf
Lincoln,2023-04-01,19,0,0,0,19,0,0,https://data.wa.gov/Transportation/Vehicle-Title-Transactions-by-Department-of-Licens/cdk6-5kdf
Lincoln,2023-05-01,22,0,0,0,22,0,0,https://data.wa.gov/Transportation/Vehicle-Title-Transactions-by-Department-of-Licens/cdk6-5kdf
Lincoln,2023-06-01,24,0,0,0,24,0,0,https://data.wa.gov/Transportation/Vehicle-Title-Transactions-by-Department-of-Licens/cdk6-5kdf
Lincoln,2023-07-01,12,0,0,0,12,0,0,https://data.wa.gov/Transportation/Vehicle-Title-Transactions-by-Department-of-Licens/cdk6-5kdf
Lincoln,2023-08-01,14,2,0,0,16,2,0.125,https://data.wa.gov/Transportation/Vehicle-Title-Transactions-by-Department-of-Licens/cdk6-5kdf
Lincoln,2023-09-01,20,0,0,0,20,0,0,https://data.wa.gov/Transportation/Vehicle-Title-Transactions-by-Department-of-Licens/cdk6-5kdf
Lincoln,2023-10-01,17,1,2,0,20,3,0.15,https://data.wa.gov/Transportation/Vehicle-Title-Transactions-by-Department-of-Licens/cdk6-5kdf
Lincoln,2023-11-01,14,1,1,0,16,2,0.125,https://data.wa.gov/Transportation/Vehicle-Title-Transactions-by-Department-of-Licens/cdk6-5kdf
Lincoln,2023-12-01,27,0,0,0,27,0,0,https://data.wa.gov/Transportation/Vehicle-Title-Transactions-by-Department-of-Licens/cdk6-5kdf
Lincoln,2024-01-01,18,0,2,0,20,2,0.1,https://data.wa.gov/Transportation/Vehicle-Title-Transactions-by-Department-of-Licens/cdk6-5kdf
Lincoln,2024-02-01,20,0,0,0,20,0,0,https://data.wa.gov/Transportation/Vehicle-Title-Transactions-by-Department-of-Licens/cdk6-5kdf
Lincoln,2024-03-01,11,0,0,0,11,0,0,https://data.wa.gov/Transportation/Vehicle-Title-Transactions-by-Department-of-Licens/cdk6-5kdf
Lincoln,2024-04-01,9,0,0,0,9,0,0,https://data.wa.gov/Transportation/Vehicle-Title-Transactions-by-Department-of-Licens/cdk6-5kdf
Lincoln,2024-05-01,22,1,0,0,23,1,0.043478260869565216,https://data.wa.gov/Transportation/Vehicle-Title-Transactions-by-Department-of-Licens/cdk6-5kdf
Lincoln,2024-06-01,16,0,0,0,16,0,0,https://data.wa.gov/Transportation/Vehicle-Title-Transactions-by-Department-of-Licens/cdk6-5kdf
Lincoln,2024-07-01,19,1,0,0,20,1,0.05,https://data.wa.gov/Transportation/Vehicle-Title-Transactions-by-Department-of-Licens/cdk6-5kdf
Lincoln,2024-08-01,20,0,1,0,21,1,0.047619047619047616,https://data.wa.gov/Transportation/Vehicle-Title-Transactions-by-Department-of-Licens/cdk6-5kdf
Lincoln,2024-09-01,15,0,1,0,16,1,0.0625,https://data.wa.gov/Transportation/Vehicle-Title-Transactions-by-Department-of-Licens/cdk6-5kdf
Lincoln,2024-10-01,16,2,1,0,19,3,0.15789473684210525,https://data.wa.gov/Transportation/Vehicle-Title-Transactions-by-Department-of-Licens/cdk6-5kdf
Lincoln,2024-11-01,17,0,0,0,17,0,0,https://data.wa.gov/Transportation/Vehicle-Title-Transactions-by-Department-of-Licens/cdk6-5kdf
Lincoln,2024-12-01,17,0,0,0,17,0,0,https://data.wa.gov/Transportation/Vehicle-Title-Transactions-by-Department-of-Licens/cdk6-5kdf
Lincoln,2025-01-01,24,1,0,0,25,1,0.04,https://data.wa.gov/Transportation/Vehicle-Title-Transactions-by-Department-of-Licens/cdk6-5kdf
Lincoln,2025-02-01,9,0,0,0,9,0,0,https://data.wa.gov/Transportation/Vehicle-Title-Transactions-by-Department-of-Licens/cdk6-5kdf
Lincoln,2025-03-01,26,0,0,0,26,0,0,https://data.wa.gov/Transportation/Vehicle-Title-Transactions-by-Department-of-Licens/cdk6-5kdf
Lincoln,2025-04-01,30,1,1,0,32,2,0.0625,https://data.wa.gov/Transportation/Vehicle-Title-Transactions-by-Department-of-Licens/cdk6-5kdf
Lincoln,2025-05-01,24,2,0,0,26,2,0.07692307692307693,https://data.wa.gov/Transportation/Vehicle-Title-Transactions-by-Department-of-Licens/cdk6-5kdf
Lincoln,2025-06-01,15,0,0,0,15,0,0,https://data.wa.gov/Transportation/Vehicle-Title-Transactions-by-Department-of-Licens/cdk6-5kdf
Lincoln,2025-07-01,16,3,0,0,19,3,0.15789473684210525,https://data.wa.gov/Transportation/Vehicle-Title-Transactions-by-Department-of-Licens/cdk6-5kdf
Lincoln,2025-08-01,14,0,0,0,14,0,0,https://data.wa.gov/Transportation/Vehicle-Title-Transactions-by-Department-of-Licens/cdk6-5kdf
Lincoln,2025-09-01,16,2,0,0,18,2,0.1111111111111111,https://data.wa.gov/Transportation/Vehicle-Title-Transactions-by-Department-of-Licens/cdk6-5kdf
Lincoln,2025-10-01,20,0,0,0,20,0,0,https://data.wa.gov/Transportation/Vehicle-Title-Transactions-by-Department-of-Licens/cdk6-5kdf
Lincoln,2025-11-01,15,0,1,0,16,1,0.0625,https://data.wa.gov/Transportation/Vehicle-Title-Transactions-by-Department-of-Licens/cdk6-5kdf
Lincoln,2025-12-01,21,0,0,0,21,0,0,https://data.wa.gov/Transportation/Vehicle-Title-Transactions-by-Department-of-Licens/cdk6-5kdf
Lincoln,2026-01-01,20,0,0,0,20,0,0,https://data.wa.gov/Transportation/Vehicle-Title-Transactions-by-Department-of-Licens/cdk6-5kdf
Lincoln,2026-02-01,26,1,0,0,27,1,0.037037037037037035,https://data.wa.gov/Transportation/Vehicle-Title-Transactions-by-Department-of-Licens/cdk6-5kdf
Lincoln,2026-03-01,24,2,0,0,26,2,0.07692307692307693,https://data.wa.gov/Transportation/Vehicle-Title-Transactions-by-Department-of-Licens/cdk6-5kdf
Lincoln,2026-04-01,24,2,0,0,26,2,0.07692307692307693,https://data.wa.gov/Transportation/Vehicle-Title-Transactions-by-Department-of-Licens/cdk6-5kdf
Lincoln,2026-05-01,19,0,0,0,19,0,0,https://data.wa.gov/Transportation/Vehicle-Title-Transactions-by-Department-of-Licens/cdk6-5kdf
Lincoln,2026-06-01,16,0,0,0,16,0,0,https://data.wa.gov/Transportation/Vehicle-Title-Transactions-by-Department-of-Licens/cdk6-5kdf
Mason,2017-01-01,142,2,2,0,146,4,0.0273972602739726,https://data.wa.gov/Transportation/Vehicle-Title-Transactions-by-Department-of-Licens/cdk6-5kdf
Mason,2017-02-01,114,0,1,0,115,1,0.008695652173913044,https://data.wa.gov/Transportation/Vehicle-Title-Transactions-by-Department-of-Licens/cdk6-5kdf
Mason,2017-03-01,126,3,0,0,129,3,0.023255813953488372,https://data.wa.gov/Transportation/Vehicle-Title-Transactions-by-Department-of-Licens/cdk6-5kdf
Mason,2017-04-01,122,1,1,0,124,2,0.016129032258064516,https://data.wa.gov/Transportation/Vehicle-Title-Transactions-by-Department-of-Licens/cdk6-5kdf
Mason,2017-05-01,152,1,2,0,155,3,0.01935483870967742,https://data.wa.gov/Transportation/Vehicle-Title-Transactions-by-Department-of-Licens/cdk6-5kdf
Mason,2017-06-01,161,2,0,0,163,2,0.012269938650306749,https://data.wa.gov/Transportation/Vehicle-Title-Transactions-by-Department-of-Licens/cdk6-5kdf
Mason,2017-07-01,139,1,0,0,140,1,0.007142857142857143,https://data.wa.gov/Transportation/Vehicle-Title-Transactions-by-Department-of-Licens/cdk6-5kdf
Mason,2017-08-01,187,1,1,0,189,2,0.010582010582010581,https://data.wa.gov/Transportation/Vehicle-Title-Transactions-by-Department-of-Licens/cdk6-5kdf
Mason,2017-09-01,132,1,1,0,134,2,0.014925373134328358,https://data.wa.gov/Transportation/Vehicle-Title-Transactions-by-Department-of-Licens/cdk6-5kdf
Mason,2017-10-01,159,0,1,0,160,1,0.00625,https://data.wa.gov/Transportation/Vehicle-Title-Transactions-by-Department-of-Licens/cdk6-5kdf
Mason,2017-11-01,145,2,1,0,148,3,0.02027027027027027,https://data.wa.gov/Transportation/Vehicle-Title-Transactions-by-Department-of-Licens/cdk6-5kdf
Mason,2017-12-01,165,1,2,0,168,3,0.017857142857142856,https://data.wa.gov/Transportation/Vehicle-Title-Transactions-by-Department-of-Licens/cdk6-5kdf
Mason,2018-01-01,179,1,0,0,180,1,0.005555555555555556,https://data.wa.gov/Transportation/Vehicle-Title-Transactions-by-Department-of-Licens/cdk6-5kdf
Mason,2018-02-01,135,0,1,0,136,1,0.007352941176470588,https://data.wa.gov/Transportation/Vehicle-Title-Transactions-by-Department-of-Licens/cdk6-5kdf
Mason,2018-03-01,160,2,0,0,162,2,0.012345679012345678,https://data.wa.gov/Transportation/Vehicle-Title-Transactions-by-Department-of-Licens/cdk6-5kdf
Mason,2018-04-01,143,2,2,0,147,4,0.027210884353741496,https://data.wa.gov/Transportation/Vehicle-Title-Transactions-by-Department-of-Licens/cdk6-5kdf
Mason,2018-05-01,149,2,4,0,155,6,0.03870967741935484,https://data.wa.gov/Transportation/Vehicle-Title-Transactions-by-Department-of-Licens/cdk6-5kdf
Mason,2018-06-01,160,3,0,0,163,3,0.018404907975460124,https://data.wa.gov/Transportation/Vehicle-Title-Transactions-by-Department-of-Licens/cdk6-5kdf
Mason,2018-07-01,135,2,1,0,138,3,0.021739130434782608,https://data.wa.gov/Transportation/Vehicle-Title-Transactions-by-Department-of-Licens/cdk6-5kdf
Mason,2018-08-01,137,1,5,0,143,6,0.04195804195804196,https://data.wa.gov/Transportation/Vehicle-Title-Transactions-by-Department-of-Licens/cdk6-5kdf
Mason,2018-09-01,152,2,2,0,156,4,0.02564102564102564,https://data.wa.gov/Transportation/Vehicle-Title-Transactions-by-Department-of-Licens/cdk6-5kdf
Mason,2018-10-01,157,6,6,0,169,12,0.07100591715976332,https://data.wa.gov/Transportation/Vehicle-Title-Transactions-by-Department-of-Licens/cdk6-5kdf
Mason,2018-11-01,133,4,2,0,139,6,0.04316546762589928,https://data.wa.gov/Transportation/Vehicle-Title-Transactions-by-Department-of-Licens/cdk6-5kdf
Mason,2018-12-01,144,3,1,0,148,4,0.02702702702702703,https://data.wa.gov/Transportation/Vehicle-Title-Transactions-by-Department-of-Licens/cdk6-5kdf
Mason,2019-01-01,163,4,3,0,170,7,0.041176470588235294,https://data.wa.gov/Transportation/Vehicle-Title-Transactions-by-Department-of-Licens/cdk6-5kdf
Mason,2019-02-01,105,1,1,0,107,2,0.018691588785046728,https://data.wa.gov/Transportation/Vehicle-Title-Transactions-by-Department-of-Licens/cdk6-5kdf
Mason,2019-03-01,117,2,1,0,120,3,0.025,https://data.wa.gov/Transportation/Vehicle-Title-Transactions-by-Department-of-Licens/cdk6-5kdf
Mason,2019-04-01,152,2,0,0,154,2,0.012987012987012988,https://data.wa.gov/Transportation/Vehicle-Title-Transactions-by-Department-of-Licens/cdk6-5kdf
Mason,2019-05-01,144,3,1,0,148,4,0.02702702702702703,https://data.wa.gov/Transportation/Vehicle-Title-Transactions-by-Department-of-Licens/cdk6-5kdf
Mason,2019-06-01,155,6,2,0,163,8,0.049079754601226995,https://data.wa.gov/Transportation/Vehicle-Title-Transactions-by-Department-of-Licens/cdk6-5kdf
Mason,2019-07-01,151,3,3,0,157,6,0.03821656050955414,https://data.wa.gov/Transportation/Vehicle-Title-Transactions-by-Department-of-Licens/cdk6-5kdf
Mason,2019-08-01,177,3,0,0,180,3,0.016666666666666666,https://data.wa.gov/Transportation/Vehicle-Title-Transactions-by-Department-of-Licens/cdk6-5kdf
Mason,2019-09-01,155,2,0,0,157,2,0.012738853503184714,https://data.wa.gov/Transportation/Vehicle-Title-Transactions-by-Department-of-Licens/cdk6-5kdf
Mason,2019-10-01,171,8,1,0,180,9,0.05,https://data.wa.gov/Transportation/Vehicle-Title-Transactions-by-Department-of-Licens/cdk6-5kdf
Mason,2019-11-01,138,1,0,0,139,1,0.007194244604316547,https://data.wa.gov/Transportation/Vehicle-Title-Transactions-by-Department-of-Licens/cdk6-5kdf
Mason,2019-12-01,158,1,0,0,159,1,0.006289308176100629,https://data.wa.gov/Transportation/Vehicle-Title-Transactions-by-Department-of-Licens/cdk6-5kdf
Mason,2020-01-01,160,5,0,0,165,5,0.030303030303030304,https://data.wa.gov/Transportation/Vehicle-Title-Transactions-by-Department-of-Licens/cdk6-5kdf
Mason,2020-02-01,113,2,0,0,115,2,0.017391304347826087,https://data.wa.gov/Transportation/Vehicle-Title-Transactions-by-Department-of-Licens/cdk6-5kdf
Mason,2020-03-01,130,2,0,0,132,2,0.015151515151515152,https://data.wa.gov/Transportation/Vehicle-Title-Transactions-by-Department-of-Licens/cdk6-5kdf
Mason,2020-04-01,69,2,1,0,72,3,0.041666666666666664,https://data.wa.gov/Transportation/Vehicle-Title-Transactions-by-Department-of-Licens/cdk6-5kdf
Mason,2020-05-01,72,1,0,0,73,1,0.0136986301369863,https://data.wa.gov/Transportation/Vehicle-Title-Transactions-by-Department-of-Licens/cdk6-5kdf
Mason,2020-06-01,158,3,0,0,161,3,0.018633540372670808,https://data.wa.gov/Transportation/Vehicle-Title-Transactions-by-Department-of-Licens/cdk6-5kdf
Mason,2020-07-01,168,0,0,0,168,0,0,https://data.wa.gov/Transportation/Vehicle-Title-Transactions-by-Department-of-Licens/cdk6-5kdf
Mason,2020-08-01,131,0,0,0,131,0,0,https://data.wa.gov/Transportation/Vehicle-Title-Transactions-by-Department-of-Licens/cdk6-5kdf
Mason,2020-09-01,137,1,0,0,138,1,0.007246376811594203,https://data.wa.gov/Transportation/Vehicle-Title-Transactions-by-Department-of-Licens/cdk6-5kdf
Mason,2020-10-01,150,2,1,0,153,3,0.0196078431372549,https://data.wa.gov/Transportation/Vehicle-Title-Transactions-by-Department-of-Licens/cdk6-5kdf
Mason,2020-11-01,109,4,0,0,113,4,0.035398230088495575,https://data.wa.gov/Transportation/Vehicle-Title-Transactions-by-Department-of-Licens/cdk6-5kdf
Mason,2020-12-01,178,2,0,0,180,2,0.011111111111111112,https://data.wa.gov/Transportation/Vehicle-Title-Transactions-by-Department-of-Licens/cdk6-5kdf
Mason,2021-01-01,171,4,1,0,176,5,0.028409090909090908,https://data.wa.gov/Transportation/Vehicle-Title-Transactions-by-Department-of-Licens/cdk6-5kdf
Mason,2021-02-01,135,1,0,0,136,1,0.007352941176470588,https://data.wa.gov/Transportation/Vehicle-Title-Transactions-by-Department-of-Licens/cdk6-5kdf
Mason,2021-03-01,183,3,0,0,186,3,0.016129032258064516,https://data.wa.gov/Transportation/Vehicle-Title-Transactions-by-Department-of-Licens/cdk6-5kdf
Mason,2021-04-01,171,7,0,0,178,7,0.03932584269662921,https://data.wa.gov/Transportation/Vehicle-Title-Transactions-by-Department-of-Licens/cdk6-5kdf
Mason,2021-05-01,180,8,2,0,190,10,0.05263157894736842,https://data.wa.gov/Transportation/Vehicle-Title-Transactions-by-Department-of-Licens/cdk6-5kdf
Mason,2021-06-01,169,5,2,0,176,7,0.03977272727272727,https://data.wa.gov/Transportation/Vehicle-Title-Transactions-by-Department-of-Licens/cdk6-5kdf
Mason,2021-07-01,151,5,1,0,157,6,0.03821656050955414,https://data.wa.gov/Transportation/Vehicle-Title-Transactions-by-Department-of-Licens/cdk6-5kdf
Mason,2021-08-01,123,7,3,0,133,10,0.07518796992481203,https://data.wa.gov/Transportation/Vehicle-Title-Transactions-by-Department-of-Licens/cdk6-5kdf
Mason,2021-09-01,123,7,2,0,132,9,0.06818181818181818,https://data.wa.gov/Transportation/Vehicle-Title-Transactions-by-Department-of-Licens/cdk6-5kdf
Mason,2021-10-01,131,3,3,0,137,6,0.043795620437956206,https://data.wa.gov/Transportation/Vehicle-Title-Transactions-by-Department-of-Licens/cdk6-5kdf
Mason,2021-11-01,100,4,0,0,104,4,0.038461538461538464,https://data.wa.gov/Transportation/Vehicle-Title-Transactions-by-Department-of-Licens/cdk6-5kdf
Mason,2021-12-01,122,7,2,0,131,9,0.06870229007633588,https://data.wa.gov/Transportation/Vehicle-Title-Transactions-by-Department-of-Licens/cdk6-5kdf
Mason,2022-01-01,115,5,2,0,122,7,0.05737704918032787,https://data.wa.gov/Transportation/Vehicle-Title-Transactions-by-Department-of-Licens/cdk6-5kdf
Mason,2022-02-01,114,7,3,0,124,10,0.08064516129032258,https://data.wa.gov/Transportation/Vehicle-Title-Transactions-by-Department-of-Licens/cdk6-5kdf
Mason,2022-03-01,134,7,2,0,143,9,0.06293706293706294,https://data.wa.gov/Transportation/Vehicle-Title-Transactions-by-Department-of-Licens/cdk6-5kdf
Mason,2022-04-01,110,7,1,0,118,8,0.06779661016949153,https://data.wa.gov/Transportation/Vehicle-Title-Transactions-by-Department-of-Licens/cdk6-5kdf
Mason,2022-05-01,133,7,2,0,142,9,0.06338028169014084,https://data.wa.gov/Transportation/Vehicle-Title-Transactions-by-Department-of-Licens/cdk6-5kdf
Mason,2022-06-01,117,8,1,0,126,9,0.07142857142857142,https://data.wa.gov/Transportation/Vehicle-Title-Transactions-by-Department-of-Licens/cdk6-5kdf
Mason,2022-07-01,72,8,0,0,80,8,0.1,https://data.wa.gov/Transportation/Vehicle-Title-Transactions-by-Department-of-Licens/cdk6-5kdf
Mason,2022-08-01,123,6,2,0,131,8,0.061068702290076333,https://data.wa.gov/Transportation/Vehicle-Title-Transactions-by-Department-of-Licens/cdk6-5kdf
Mason,2022-09-01,100,5,3,0,108,8,0.07407407407407407,https://data.wa.gov/Transportation/Vehicle-Title-Transactions-by-Department-of-Licens/cdk6-5kdf
Mason,2022-10-01,119,12,1,0,132,13,0.09848484848484848,https://data.wa.gov/Transportation/Vehicle-Title-Transactions-by-Department-of-Licens/cdk6-5kdf
Mason,2022-11-01,126,10,1,0,137,11,0.08029197080291971,https://data.wa.gov/Transportation/Vehicle-Title-Transactions-by-Department-of-Licens/cdk6-5kdf
Mason,2022-12-01,108,12,2,0,122,14,0.11475409836065574,https://data.wa.gov/Transportation/Vehicle-Title-Transactions-by-Department-of-Licens/cdk6-5kdf
Mason,2023-01-01,103,10,2,0,115,12,0.10434782608695652,https://data.wa.gov/Transportation/Vehicle-Title-Transactions-by-Department-of-Licens/cdk6-5kdf
Mason,2023-02-01,97,13,3,0,113,16,0.1415929203539823,https://data.wa.gov/Transportation/Vehicle-Title-Transactions-by-Department-of-Licens/cdk6-5kdf
Mason,2023-03-01,142,9,2,0,153,11,0.0718954248366013,https://data.wa.gov/Transportation/Vehicle-Title-Transactions-by-Department-of-Licens/cdk6-5kdf
Mason,2023-04-01,115,10,3,0,128,13,0.1015625,https://data.wa.gov/Transportation/Vehicle-Title-Transactions-by-Department-of-Licens/cdk6-5kdf
Mason,2023-05-01,116,13,2,0,131,15,0.11450381679389313,https://data.wa.gov/Transportation/Vehicle-Title-Transactions-by-Department-of-Licens/cdk6-5kdf
Mason,2023-06-01,127,10,0,0,137,10,0.072992700729927,https://data.wa.gov/Transportation/Vehicle-Title-Transactions-by-Department-of-Licens/cdk6-5kdf
Mason,2023-07-01,119,18,4,0,141,22,0.15602836879432624,https://data.wa.gov/Transportation/Vehicle-Title-Transactions-by-Department-of-Licens/cdk6-5kdf
Mason,2023-08-01,131,12,4,0,147,16,0.10884353741496598,https://data.wa.gov/Transportation/Vehicle-Title-Transactions-by-Department-of-Licens/cdk6-5kdf
Mason,2023-09-01,119,16,2,0,137,18,0.13138686131386862,https://data.wa.gov/Transportation/Vehicle-Title-Transactions-by-Department-of-Licens/cdk6-5kdf
Mason,2023-10-01,132,10,4,0,146,14,0.0958904109589041,https://data.wa.gov/Transportation/Vehicle-Title-Transactions-by-Department-of-Licens/cdk6-5kdf
Mason,2023-11-01,126,18,2,0,146,20,0.136986301369863,https://data.wa.gov/Transportation/Vehicle-Title-Transactions-by-Department-of-Licens/cdk6-5kdf
Mason,2023-12-01,127,20,7,0,154,27,0.17532467532467533,https://data.wa.gov/Transportation/Vehicle-Title-Transactions-by-Department-of-Licens/cdk6-5kdf
Mason,2024-01-01,132,14,5,0,151,19,0.12582781456953643,https://data.wa.gov/Transportation/Vehicle-Title-Transactions-by-Department-of-Licens/cdk6-5kdf
Mason,2024-02-01,113,9,5,0,127,14,0.11023622047244094,https://data.wa.gov/Transportation/Vehicle-Title-Transactions-by-Department-of-Licens/cdk6-5kdf
Mason,2024-03-01,119,7,2,0,128,9,0.0703125,https://data.wa.gov/Transportation/Vehicle-Title-Transactions-by-Department-of-Licens/cdk6-5kdf
Mason,2024-04-01,118,12,3,0,133,15,0.11278195488721804,https://data.wa.gov/Transportation/Vehicle-Title-Transactions-by-Department-of-Licens/cdk6-5kdf
Mason,2024-05-01,147,10,8,0,165,18,0.10909090909090909,https://data.wa.gov/Transportation/Vehicle-Title-Transactions-by-Department-of-Licens/cdk6-5kdf
Mason,2024-06-01,110,9,3,0,122,12,0.09836065573770492,https://data.wa.gov/Transportation/Vehicle-Title-Transactions-by-Department-of-Licens/cdk6-5kdf
Mason,2024-07-01,136,15,4,0,155,19,0.12258064516129032,https://data.wa.gov/Transportation/Vehicle-Title-Transactions-by-Department-of-Licens/cdk6-5kdf
Mason,2024-08-01,128,15,4,0,147,19,0.1292517006802721,https://data.wa.gov/Transportation/Vehicle-Title-Transactions-by-Department-of-Licens/cdk6-5kdf
Mason,2024-09-01,125,17,7,0,149,24,0.1610738255033557,https://data.wa.gov/Transportation/Vehicle-Title-Transactions-by-Department-of-Licens/cdk6-5kdf
Mason,2024-10-01,143,26,6,0,175,32,0.18285714285714286,https://data.wa.gov/Transportation/Vehicle-Title-Transactions-by-Department-of-Licens/cdk6-5kdf
Mason,2024-11-01,131,6,4,0,141,10,0.07092198581560284,https://data.wa.gov/Transportation/Vehicle-Title-Transactions-by-Department-of-Licens/cdk6-5kdf
Mason,2024-12-01,114,15,6,0,135,21,0.15555555555555556,https://data.wa.gov/Transportation/Vehicle-Title-Transactions-by-Department-of-Licens/cdk6-5kdf
Mason,2025-01-01,135,29,4,0,168,33,0.19642857142857142,https://data.wa.gov/Transportation/Vehicle-Title-Transactions-by-Department-of-Licens/cdk6-5kdf
Mason,2025-02-01,110,11,6,0,127,17,0.13385826771653545,https://data.wa.gov/Transportation/Vehicle-Title-Transactions-by-Department-of-Licens/cdk6-5kdf
Mason,2025-03-01,145,22,2,0,169,24,0.14201183431952663,https://data.wa.gov/Transportation/Vehicle-Title-Transactions-by-Department-of-Licens/cdk6-5kdf
Mason,2025-04-01,157,20,3,0,180,23,0.12777777777777777,https://data.wa.gov/Transportation/Vehicle-Title-Transactions-by-Department-of-Licens/cdk6-5kdf
Mason,2025-05-01,116,7,1,0,124,8,0.06451612903225806,https://data.wa.gov/Transportation/Vehicle-Title-Transactions-by-Department-of-Licens/cdk6-5kdf
Mason,2025-06-01,119,8,3,0,130,11,0.08461538461538462,https://data.wa.gov/Transportation/Vehicle-Title-Transactions-by-Department-of-Licens/cdk6-5kdf
Mason,2025-07-01,128,17,3,0,148,20,0.13513513513513514,https://data.wa.gov/Transportation/Vehicle-Title-Transactions-by-Department-of-Licens/cdk6-5kdf
Mason,2025-08-01,115,18,1,0,134,19,0.1417910447761194,https://data.wa.gov/Transportation/Vehicle-Title-Transactions-by-Department-of-Licens/cdk6-5kdf
Mason,2025-09-01,134,19,4,0,157,23,0.1464968152866242,https://data.wa.gov/Transportation/Vehicle-Title-Transactions-by-Department-of-Licens/cdk6-5kdf
Mason,2025-10-01,130,28,2,0,160,30,0.1875,https://data.wa.gov/Transportation/Vehicle-Title-Transactions-by-Department-of-Licens/cdk6-5kdf
Mason,2025-11-01,92,8,0,0,100,8,0.08,https://data.wa.gov/Transportation/Vehicle-Title-Transactions-by-Department-of-Licens/cdk6-5kdf
Mason,2025-12-01,131,8,2,0,141,10,0.07092198581560284,https://data.wa.gov/Transportation/Vehicle-Title-Transactions-by-Department-of-Licens/cdk6-5kdf
Mason,2026-01-01,136,7,2,0,145,9,0.06206896551724138,https://data.wa.gov/Transportation/Vehicle-Title-Transactions-by-Department-of-Licens/cdk6-5kdf
Mason,2026-02-01,95,5,1,0,101,6,0.0594059405940594,https://data.wa.gov/Transportation/Vehicle-Title-Transactions-by-Department-of-Licens/cdk6-5kdf
Mason,2026-03-01,121,15,3,0,139,18,0.12949640287769784,https://data.wa.gov/Transportation/Vehicle-Title-Transactions-by-Department-of-Licens/cdk6-5kdf
Mason,2026-04-01,131,20,2,0,153,22,0.1437908496732026,https://data.wa.gov/Transportation/Vehicle-Title-Transactions-by-Department-of-Licens/cdk6-5kdf
Mason,2026-05-01,114,15,3,0,132,18,0.13636363636363635,https://data.wa.gov/Transportation/Vehicle-Title-Transactions-by-Department-of-Licens/cdk6-5kdf
Mason,2026-06-01,159,19,1,0,179,20,0.11173184357541899,https://data.wa.gov/Transportation/Vehicle-Title-Transactions-by-Department-of-Licens/cdk6-5kdf
Okanogan,2017-01-01,53,0,0,0,53,0,0,https://data.wa.gov/Transportation/Vehicle-Title-Transactions-by-Department-of-Licens/cdk6-5kdf
Okanogan,2017-02-01,32,0,0,0,32,0,0,https://data.wa.gov/Transportation/Vehicle-Title-Transactions-by-Department-of-Licens/cdk6-5kdf
Okanogan,2017-03-01,58,0,1,0,59,1,0.01694915254237288,https://data.wa.gov/Transportation/Vehicle-Title-Transactions-by-Department-of-Licens/cdk6-5kdf
Okanogan,2017-04-01,44,0,0,0,44,0,0,https://data.wa.gov/Transportation/Vehicle-Title-Transactions-by-Department-of-Licens/cdk6-5kdf
Okanogan,2017-05-01,47,0,0,0,47,0,0,https://data.wa.gov/Transportation/Vehicle-Title-Transactions-by-Department-of-Licens/cdk6-5kdf
Okanogan,2017-06-01,46,1,1,0,48,2,0.041666666666666664,https://data.wa.gov/Transportation/Vehicle-Title-Transactions-by-Department-of-Licens/cdk6-5kdf
Okanogan,2017-07-01,54,0,0,0,54,0,0,https://data.wa.gov/Transportation/Vehicle-Title-Transactions-by-Department-of-Licens/cdk6-5kdf
Okanogan,2017-08-01,68,0,0,0,68,0,0,https://data.wa.gov/Transportation/Vehicle-Title-Transactions-by-Department-of-Licens/cdk6-5kdf
Okanogan,2017-09-01,66,0,0,0,66,0,0,https://data.wa.gov/Transportation/Vehicle-Title-Transactions-by-Department-of-Licens/cdk6-5kdf
Okanogan,2017-10-01,68,0,0,0,68,0,0,https://data.wa.gov/Transportation/Vehicle-Title-Transactions-by-Department-of-Licens/cdk6-5kdf
Okanogan,2017-11-01,62,0,0,0,62,0,0,https://data.wa.gov/Transportation/Vehicle-Title-Transactions-by-Department-of-Licens/cdk6-5kdf
Okanogan,2017-12-01,52,0,0,0,52,0,0,https://data.wa.gov/Transportation/Vehicle-Title-Transactions-by-Department-of-Licens/cdk6-5kdf
Okanogan,2018-01-01,66,0,0,0,66,0,0,https://data.wa.gov/Transportation/Vehicle-Title-Transactions-by-Department-of-Licens/cdk6-5kdf
Okanogan,2018-02-01,35,0,0,0,35,0,0,https://data.wa.gov/Transportation/Vehicle-Title-Transactions-by-Department-of-Licens/cdk6-5kdf
Okanogan,2018-03-01,53,0,0,0,53,0,0,https://data.wa.gov/Transportation/Vehicle-Title-Transactions-by-Department-of-Licens/cdk6-5kdf
Okanogan,2018-04-01,51,1,1,0,53,2,0.03773584905660377,https://data.wa.gov/Transportation/Vehicle-Title-Transactions-by-Department-of-Licens/cdk6-5kdf
Okanogan,2018-05-01,54,0,0,0,54,0,0,https://data.wa.gov/Transportation/Vehicle-Title-Transactions-by-Department-of-Licens/cdk6-5kdf
Okanogan,2018-06-01,52,0,1,0,53,1,0.018867924528301886,https://data.wa.gov/Transportation/Vehicle-Title-Transactions-by-Department-of-Licens/cdk6-5kdf
Okanogan,2018-07-01,52,0,0,0,52,0,0,https://data.wa.gov/Transportation/Vehicle-Title-Transactions-by-Department-of-Licens/cdk6-5kdf
Okanogan,2018-08-01,65,0,1,0,66,1,0.015151515151515152,https://data.wa.gov/Transportation/Vehicle-Title-Transactions-by-Department-of-Licens/cdk6-5kdf
Okanogan,2018-09-01,47,0,0,0,47,0,0,https://data.wa.gov/Transportation/Vehicle-Title-Transactions-by-Department-of-Licens/cdk6-5kdf
Okanogan,2018-10-01,56,4,0,0,60,4,0.06666666666666667,https://data.wa.gov/Transportation/Vehicle-Title-Transactions-by-Department-of-Licens/cdk6-5kdf
Okanogan,2018-11-01,49,0,0,0,49,0,0,https://data.wa.gov/Transportation/Vehicle-Title-Transactions-by-Department-of-Licens/cdk6-5kdf
Okanogan,2018-12-01,56,1,0,0,57,1,0.017543859649122806,https://data.wa.gov/Transportation/Vehicle-Title-Transactions-by-Department-of-Licens/cdk6-5kdf
Okanogan,2019-01-01,66,1,1,0,68,2,0.029411764705882353,https://data.wa.gov/Transportation/Vehicle-Title-Transactions-by-Department-of-Licens/cdk6-5kdf
Okanogan,2019-02-01,34,0,0,0,34,0,0,https://data.wa.gov/Transportation/Vehicle-Title-Transactions-by-Department-of-Licens/cdk6-5kdf
Okanogan,2019-03-01,52,0,0,0,52,0,0,https://data.wa.gov/Transportation/Vehicle-Title-Transactions-by-Department-of-Licens/cdk6-5kdf
Okanogan,2019-04-01,45,0,1,0,46,1,0.021739130434782608,https://data.wa.gov/Transportation/Vehicle-Title-Transactions-by-Department-of-Licens/cdk6-5kdf
Okanogan,2019-05-01,47,0,0,0,47,0,0,https://data.wa.gov/Transportation/Vehicle-Title-Transactions-by-Department-of-Licens/cdk6-5kdf
Okanogan,2019-06-01,44,1,0,0,45,1,0.022222222222222223,https://data.wa.gov/Transportation/Vehicle-Title-Transactions-by-Department-of-Licens/cdk6-5kdf
Okanogan,2019-07-01,47,1,1,0,49,2,0.04081632653061224,https://data.wa.gov/Transportation/Vehicle-Title-Transactions-by-Department-of-Licens/cdk6-5kdf
Okanogan,2019-08-01,55,1,0,0,56,1,0.017857142857142856,https://data.wa.gov/Transportation/Vehicle-Title-Transactions-by-Department-of-Licens/cdk6-5kdf
Okanogan,2019-09-01,55,0,0,0,55,0,0,https://data.wa.gov/Transportation/Vehicle-Title-Transactions-by-Department-of-Licens/cdk6-5kdf
Okanogan,2019-10-01,48,1,0,0,49,1,0.02040816326530612,https://data.wa.gov/Transportation/Vehicle-Title-Transactions-by-Department-of-Licens/cdk6-5kdf
Okanogan,2019-11-01,51,1,0,0,52,1,0.019230769230769232,https://data.wa.gov/Transportation/Vehicle-Title-Transactions-by-Department-of-Licens/cdk6-5kdf
Okanogan,2019-12-01,50,3,0,0,53,3,0.05660377358490566,https://data.wa.gov/Transportation/Vehicle-Title-Transactions-by-Department-of-Licens/cdk6-5kdf
Okanogan,2020-01-01,48,2,0,0,50,2,0.04,https://data.wa.gov/Transportation/Vehicle-Title-Transactions-by-Department-of-Licens/cdk6-5kdf
Okanogan,2020-02-01,33,1,0,0,34,1,0.029411764705882353,https://data.wa.gov/Transportation/Vehicle-Title-Transactions-by-Department-of-Licens/cdk6-5kdf
Okanogan,2020-03-01,42,0,0,0,42,0,0,https://data.wa.gov/Transportation/Vehicle-Title-Transactions-by-Department-of-Licens/cdk6-5kdf
Okanogan,2020-04-01,21,0,0,0,21,0,0,https://data.wa.gov/Transportation/Vehicle-Title-Transactions-by-Department-of-Licens/cdk6-5kdf
Okanogan,2020-05-01,26,0,0,0,26,0,0,https://data.wa.gov/Transportation/Vehicle-Title-Transactions-by-Department-of-Licens/cdk6-5kdf
Okanogan,2020-06-01,50,1,0,0,51,1,0.0196078431372549,https://data.wa.gov/Transportation/Vehicle-Title-Transactions-by-Department-of-Licens/cdk6-5kdf
Okanogan,2020-07-01,42,1,1,0,44,2,0.045454545454545456,https://data.wa.gov/Transportation/Vehicle-Title-Transactions-by-Department-of-Licens/cdk6-5kdf
Okanogan,2020-08-01,40,3,0,0,43,3,0.06976744186046512,https://data.wa.gov/Transportation/Vehicle-Title-Transactions-by-Department-of-Licens/cdk6-5kdf
Okanogan,2020-09-01,41,1,0,0,42,1,0.023809523809523808,https://data.wa.gov/Transportation/Vehicle-Title-Transactions-by-Department-of-Licens/cdk6-5kdf
Okanogan,2020-10-01,49,2,0,0,51,2,0.0392156862745098,https://data.wa.gov/Transportation/Vehicle-Title-Transactions-by-Department-of-Licens/cdk6-5kdf
Okanogan,2020-11-01,52,2,0,0,54,2,0.037037037037037035,https://data.wa.gov/Transportation/Vehicle-Title-Transactions-by-Department-of-Licens/cdk6-5kdf
Okanogan,2020-12-01,55,2,0,0,57,2,0.03508771929824561,https://data.wa.gov/Transportation/Vehicle-Title-Transactions-by-Department-of-Licens/cdk6-5kdf
Okanogan,2021-01-01,44,0,0,0,44,0,0,https://data.wa.gov/Transportation/Vehicle-Title-Transactions-by-Department-of-Licens/cdk6-5kdf
Okanogan,2021-02-01,40,0,0,0,40,0,0,https://data.wa.gov/Transportation/Vehicle-Title-Transactions-by-Department-of-Licens/cdk6-5kdf
Okanogan,2021-03-01,57,1,0,0,58,1,0.017241379310344827,https://data.wa.gov/Transportation/Vehicle-Title-Transactions-by-Department-of-Licens/cdk6-5kdf
Okanogan,2021-04-01,64,1,1,0,66,2,0.030303030303030304,https://data.wa.gov/Transportation/Vehicle-Title-Transactions-by-Department-of-Licens/cdk6-5kdf
Okanogan,2021-05-01,53,0,1,0,54,1,0.018518518518518517,https://data.wa.gov/Transportation/Vehicle-Title-Transactions-by-Department-of-Licens/cdk6-5kdf
Okanogan,2021-06-01,73,1,0,0,74,1,0.013513513513513514,https://data.wa.gov/Transportation/Vehicle-Title-Transactions-by-Department-of-Licens/cdk6-5kdf
Okanogan,2021-07-01,51,2,4,0,57,6,0.10526315789473684,https://data.wa.gov/Transportation/Vehicle-Title-Transactions-by-Department-of-Licens/cdk6-5kdf
Okanogan,2021-08-01,50,1,1,0,52,2,0.038461538461538464,https://data.wa.gov/Transportation/Vehicle-Title-Transactions-by-Department-of-Licens/cdk6-5kdf
Okanogan,2021-09-01,43,0,0,0,43,0,0,https://data.wa.gov/Transportation/Vehicle-Title-Transactions-by-Department-of-Licens/cdk6-5kdf
Okanogan,2021-10-01,38,0,0,0,38,0,0,https://data.wa.gov/Transportation/Vehicle-Title-Transactions-by-Department-of-Licens/cdk6-5kdf
Okanogan,2021-11-01,37,1,1,0,39,2,0.05128205128205128,https://data.wa.gov/Transportation/Vehicle-Title-Transactions-by-Department-of-Licens/cdk6-5kdf
Okanogan,2021-12-01,48,1,1,0,50,2,0.04,https://data.wa.gov/Transportation/Vehicle-Title-Transactions-by-Department-of-Licens/cdk6-5kdf
Okanogan,2022-01-01,35,0,0,0,35,0,0,https://data.wa.gov/Transportation/Vehicle-Title-Transactions-by-Department-of-Licens/cdk6-5kdf
Okanogan,2022-02-01,56,4,0,0,60,4,0.06666666666666667,https://data.wa.gov/Transportation/Vehicle-Title-Transactions-by-Department-of-Licens/cdk6-5kdf
Okanogan,2022-03-01,48,0,0,0,48,0,0,https://data.wa.gov/Transportation/Vehicle-Title-Transactions-by-Department-of-Licens/cdk6-5kdf
Okanogan,2022-04-01,35,1,2,0,38,3,0.07894736842105263,https://data.wa.gov/Transportation/Vehicle-Title-Transactions-by-Department-of-Licens/cdk6-5kdf
Okanogan,2022-05-01,42,2,1,0,45,3,0.06666666666666667,https://data.wa.gov/Transportation/Vehicle-Title-Transactions-by-Department-of-Licens/cdk6-5kdf
Okanogan,2022-06-01,41,3,0,0,44,3,0.06818181818181818,https://data.wa.gov/Transportation/Vehicle-Title-Transactions-by-Department-of-Licens/cdk6-5kdf
Okanogan,2022-07-01,37,5,0,0,42,5,0.11904761904761904,https://data.wa.gov/Transportation/Vehicle-Title-Transactions-by-Department-of-Licens/cdk6-5kdf
Okanogan,2022-08-01,49,3,0,0,52,3,0.057692307692307696,https://data.wa.gov/Transportation/Vehicle-Title-Transactions-by-Department-of-Licens/cdk6-5kdf
Okanogan,2022-09-01,34,2,0,0,36,2,0.05555555555555555,https://data.wa.gov/Transportation/Vehicle-Title-Transactions-by-Department-of-Licens/cdk6-5kdf
Okanogan,2022-10-01,52,1,1,0,54,2,0.037037037037037035,https://data.wa.gov/Transportation/Vehicle-Title-Transactions-by-Department-of-Licens/cdk6-5kdf
Okanogan,2022-11-01,48,5,1,0,54,6,0.1111111111111111,https://data.wa.gov/Transportation/Vehicle-Title-Transactions-by-Department-of-Licens/cdk6-5kdf
Okanogan,2022-12-01,33,1,0,0,34,1,0.029411764705882353,https://data.wa.gov/Transportation/Vehicle-Title-Transactions-by-Department-of-Licens/cdk6-5kdf
Okanogan,2023-01-01,40,5,0,0,45,5,0.1111111111111111,https://data.wa.gov/Transportation/Vehicle-Title-Transactions-by-Department-of-Licens/cdk6-5kdf
Okanogan,2023-02-01,41,1,1,0,43,2,0.046511627906976744,https://data.wa.gov/Transportation/Vehicle-Title-Transactions-by-Department-of-Licens/cdk6-5kdf
Okanogan,2023-03-01,33,8,1,0,42,9,0.21428571428571427,https://data.wa.gov/Transportation/Vehicle-Title-Transactions-by-Department-of-Licens/cdk6-5kdf
Okanogan,2023-04-01,40,4,1,0,45,5,0.1111111111111111,https://data.wa.gov/Transportation/Vehicle-Title-Transactions-by-Department-of-Licens/cdk6-5kdf
Okanogan,2023-05-01,60,6,4,0,70,10,0.14285714285714285,https://data.wa.gov/Transportation/Vehicle-Title-Transactions-by-Department-of-Licens/cdk6-5kdf
Okanogan,2023-06-01,52,3,0,0,55,3,0.05454545454545454,https://data.wa.gov/Transportation/Vehicle-Title-Transactions-by-Department-of-Licens/cdk6-5kdf
Okanogan,2023-07-01,52,5,0,0,57,5,0.08771929824561403,https://data.wa.gov/Transportation/Vehicle-Title-Transactions-by-Department-of-Licens/cdk6-5kdf
Okanogan,2023-08-01,47,3,0,0,50,3,0.06,https://data.wa.gov/Transportation/Vehicle-Title-Transactions-by-Department-of-Licens/cdk6-5kdf
Okanogan,2023-09-01,38,3,5,0,46,8,0.17391304347826086,https://data.wa.gov/Transportation/Vehicle-Title-Transactions-by-Department-of-Licens/cdk6-5kdf
Okanogan,2023-10-01,56,5,0,0,61,5,0.08196721311475409,https://data.wa.gov/Transportation/Vehicle-Title-Transactions-by-Department-of-Licens/cdk6-5kdf
Okanogan,2023-11-01,49,5,1,0,55,6,0.10909090909090909,https://data.wa.gov/Transportation/Vehicle-Title-Transactions-by-Department-of-Licens/cdk6-5kdf
Okanogan,2023-12-01,43,5,1,0,49,6,0.12244897959183673,https://data.wa.gov/Transportation/Vehicle-Title-Transactions-by-Department-of-Licens/cdk6-5kdf
Okanogan,2024-01-01,52,9,2,0,63,11,0.1746031746031746,https://data.wa.gov/Transportation/Vehicle-Title-Transactions-by-Department-of-Licens/cdk6-5kdf
Okanogan,2024-02-01,48,4,2,0,54,6,0.1111111111111111,https://data.wa.gov/Transportation/Vehicle-Title-Transactions-by-Department-of-Licens/cdk6-5kdf
Okanogan,2024-03-01,50,4,1,0,55,5,0.09090909090909091,https://data.wa.gov/Transportation/Vehicle-Title-Transactions-by-Department-of-Licens/cdk6-5kdf
Okanogan,2024-04-01,43,6,0,0,49,6,0.12244897959183673,https://data.wa.gov/Transportation/Vehicle-Title-Transactions-by-Department-of-Licens/cdk6-5kdf
Okanogan,2024-05-01,51,1,1,0,53,2,0.03773584905660377,https://data.wa.gov/Transportation/Vehicle-Title-Transactions-by-Department-of-Licens/cdk6-5kdf
Okanogan,2024-06-01,40,3,2,0,45,5,0.1111111111111111,https://data.wa.gov/Transportation/Vehicle-Title-Transactions-by-Department-of-Licens/cdk6-5kdf
Okanogan,2024-07-01,54,5,2,0,61,7,0.11475409836065574,https://data.wa.gov/Transportation/Vehicle-Title-Transactions-by-Department-of-Licens/cdk6-5kdf
Okanogan,2024-08-01,56,11,1,0,68,12,0.17647058823529413,https://data.wa.gov/Transportation/Vehicle-Title-Transactions-by-Department-of-Licens/cdk6-5kdf
Okanogan,2024-09-01,63,5,3,0,71,8,0.11267605633802817,https://data.wa.gov/Transportation/Vehicle-Title-Transactions-by-Department-of-Licens/cdk6-5kdf
Okanogan,2024-10-01,67,9,2,0,78,11,0.14102564102564102,https://data.wa.gov/Transportation/Vehicle-Title-Transactions-by-Department-of-Licens/cdk6-5kdf
Okanogan,2024-11-01,48,3,0,0,51,3,0.058823529411764705,https://data.wa.gov/Transportation/Vehicle-Title-Transactions-by-Department-of-Licens/cdk6-5kdf
Okanogan,2024-12-01,66,7,1,0,74,8,0.10810810810810811,https://data.wa.gov/Transportation/Vehicle-Title-Transactions-by-Department-of-Licens/cdk6-5kdf
Okanogan,2025-01-01,65,6,1,0,72,7,0.09722222222222222,https://data.wa.gov/Transportation/Vehicle-Title-Transactions-by-Department-of-Licens/cdk6-5kdf
Okanogan,2025-02-01,43,4,0,0,47,4,0.0851063829787234,https://data.wa.gov/Transportation/Vehicle-Title-Transactions-by-Department-of-Licens/cdk6-5kdf
Okanogan,2025-03-01,53,3,1,0,57,4,0.07017543859649122,https://data.wa.gov/Transportation/Vehicle-Title-Transactions-by-Department-of-Licens/cdk6-5kdf
Okanogan,2025-04-01,84,8,1,0,93,9,0.0967741935483871,https://data.wa.gov/Transportation/Vehicle-Title-Transactions-by-Department-of-Licens/cdk6-5kdf
Okanogan,2025-05-01,61,3,1,0,65,4,0.06153846153846154,https://data.wa.gov/Transportation/Vehicle-Title-Transactions-by-Department-of-Licens/cdk6-5kdf
Okanogan,2025-06-01,58,2,0,0,60,2,0.03333333333333333,https://data.wa.gov/Transportation/Vehicle-Title-Transactions-by-Department-of-Licens/cdk6-5kdf
Okanogan,2025-07-01,59,4,1,0,64,5,0.078125,https://data.wa.gov/Transportation/Vehicle-Title-Transactions-by-Department-of-Licens/cdk6-5kdf
Okanogan,2025-08-01,54,2,1,0,57,3,0.05263157894736842,https://data.wa.gov/Transportation/Vehicle-Title-Transactions-by-Department-of-Licens/cdk6-5kdf
Okanogan,2025-09-01,56,2,0,0,58,2,0.034482758620689655,https://data.wa.gov/Transportation/Vehicle-Title-Transactions-by-Department-of-Licens/cdk6-5kdf
Okanogan,2025-10-01,52,1,1,0,54,2,0.037037037037037035,https://data.wa.gov/Transportation/Vehicle-Title-Transactions-by-Department-of-Licens/cdk6-5kdf
Okanogan,2025-11-01,43,2,1,0,46,3,0.06521739130434782,https://data.wa.gov/Transportation/Vehicle-Title-Transactions-by-Department-of-Licens/cdk6-5kdf
Okanogan,2025-12-01,58,3,0,0,61,3,0.04918032786885246,https://data.wa.gov/Transportation/Vehicle-Title-Transactions-by-Department-of-Licens/cdk6-5kdf
Okanogan,2026-01-01,56,2,0,0,58,2,0.034482758620689655,https://data.wa.gov/Transportation/Vehicle-Title-Transactions-by-Department-of-Licens/cdk6-5kdf
Okanogan,2026-02-01,47,1,0,0,48,1,0.020833333333333332,https://data.wa.gov/Transportation/Vehicle-Title-Transactions-by-Department-of-Licens/cdk6-5kdf
Okanogan,2026-03-01,30,5,2,0,37,7,0.1891891891891892,https://data.wa.gov/Transportation/Vehicle-Title-Transactions-by-Department-of-Licens/cdk6-5kdf
Okanogan,2026-04-01,45,6,1,0,52,7,0.1346153846153846,https://data.wa.gov/Transportation/Vehicle-Title-Transactions-by-Department-of-Licens/cdk6-5kdf
Okanogan,2026-05-01,36,8,1,0,45,9,0.2,https://data.wa.gov/Transportation/Vehicle-Title-Transactions-by-Department-of-Licens/cdk6-5kdf
Okanogan,2026-06-01,51,7,4,0,62,11,0.1774193548387097,https://data.wa.gov/Transportation/Vehicle-Title-Transactions-by-Department-of-Licens/cdk6-5kdf
Pacific,2017-01-01,43,0,0,0,43,0,0,https://data.wa.gov/Transportation/Vehicle-Title-Transactions-by-Department-of-Licens/cdk6-5kdf
Pacific,2017-02-01,49,0,0,0,49,0,0,https://data.wa.gov/Transportation/Vehicle-Title-Transactions-by-Department-of-Licens/cdk6-5kdf
Pacific,2017-03-01,58,1,1,0,60,2,0.03333333333333333,https://data.wa.gov/Transportation/Vehicle-Title-Transactions-by-Department-of-Licens/cdk6-5kdf
Pacific,2017-04-01,44,1,0,0,45,1,0.022222222222222223,https://data.wa.gov/Transportation/Vehicle-Title-Transactions-by-Department-of-Licens/cdk6-5kdf
Pacific,2017-05-01,52,0,1,0,53,1,0.018867924528301886,https://data.wa.gov/Transportation/Vehicle-Title-Transactions-by-Department-of-Licens/cdk6-5kdf
Pacific,2017-06-01,51,0,0,0,51,0,0,https://data.wa.gov/Transportation/Vehicle-Title-Transactions-by-Department-of-Licens/cdk6-5kdf
Pacific,2017-07-01,52,0,1,0,53,1,0.018867924528301886,https://data.wa.gov/Transportation/Vehicle-Title-Transactions-by-Department-of-Licens/cdk6-5kdf
Pacific,2017-08-01,67,0,0,0,67,0,0,https://data.wa.gov/Transportation/Vehicle-Title-Transactions-by-Department-of-Licens/cdk6-5kdf
Pacific,2017-09-01,54,0,0,0,54,0,0,https://data.wa.gov/Transportation/Vehicle-Title-Transactions-by-Department-of-Licens/cdk6-5kdf
Pacific,2017-10-01,37,1,1,0,39,2,0.05128205128205128,https://data.wa.gov/Transportation/Vehicle-Title-Transactions-by-Department-of-Licens/cdk6-5kdf
Pacific,2017-11-01,39,1,1,0,41,2,0.04878048780487805,https://data.wa.gov/Transportation/Vehicle-Title-Transactions-by-Department-of-Licens/cdk6-5kdf
Pacific,2017-12-01,53,0,0,0,53,0,0,https://data.wa.gov/Transportation/Vehicle-Title-Transactions-by-Department-of-Licens/cdk6-5kdf
Pacific,2018-01-01,62,0,0,0,62,0,0,https://data.wa.gov/Transportation/Vehicle-Title-Transactions-by-Department-of-Licens/cdk6-5kdf
Pacific,2018-02-01,34,0,4,0,38,4,0.10526315789473684,https://data.wa.gov/Transportation/Vehicle-Title-Transactions-by-Department-of-Licens/cdk6-5kdf
Pacific,2018-03-01,41,0,0,0,41,0,0,https://data.wa.gov/Transportation/Vehicle-Title-Transactions-by-Department-of-Licens/cdk6-5kdf
Pacific,2018-04-01,43,0,0,0,43,0,0,https://data.wa.gov/Transportation/Vehicle-Title-Transactions-by-Department-of-Licens/cdk6-5kdf
Pacific,2018-05-01,58,1,0,0,59,1,0.01694915254237288,https://data.wa.gov/Transportation/Vehicle-Title-Transactions-by-Department-of-Licens/cdk6-5kdf
Pacific,2018-06-01,53,1,1,0,55,2,0.03636363636363636,https://data.wa.gov/Transportation/Vehicle-Title-Transactions-by-Department-of-Licens/cdk6-5kdf
Pacific,2018-07-01,43,1,1,0,45,2,0.044444444444444446,https://data.wa.gov/Transportation/Vehicle-Title-Transactions-by-Department-of-Licens/cdk6-5kdf
Pacific,2018-08-01,49,0,1,0,50,1,0.02,https://data.wa.gov/Transportation/Vehicle-Title-Transactions-by-Department-of-Licens/cdk6-5kdf
Pacific,2018-09-01,48,0,0,0,48,0,0,https://data.wa.gov/Transportation/Vehicle-Title-Transactions-by-Department-of-Licens/cdk6-5kdf
Pacific,2018-10-01,60,1,0,0,61,1,0.01639344262295082,https://data.wa.gov/Transportation/Vehicle-Title-Transactions-by-Department-of-Licens/cdk6-5kdf
Pacific,2018-11-01,29,1,0,0,30,1,0.03333333333333333,https://data.wa.gov/Transportation/Vehicle-Title-Transactions-by-Department-of-Licens/cdk6-5kdf
Pacific,2018-12-01,46,0,2,0,48,2,0.041666666666666664,https://data.wa.gov/Transportation/Vehicle-Title-Transactions-by-Department-of-Licens/cdk6-5kdf
Pacific,2019-01-01,56,1,1,0,58,2,0.034482758620689655,https://data.wa.gov/Transportation/Vehicle-Title-Transactions-by-Department-of-Licens/cdk6-5kdf
Pacific,2019-02-01,38,0,1,0,39,1,0.02564102564102564,https://data.wa.gov/Transportation/Vehicle-Title-Transactions-by-Department-of-Licens/cdk6-5kdf
Pacific,2019-03-01,38,1,0,0,39,1,0.02564102564102564,https://data.wa.gov/Transportation/Vehicle-Title-Transactions-by-Department-of-Licens/cdk6-5kdf
Pacific,2019-04-01,49,1,0,0,50,1,0.02,https://data.wa.gov/Transportation/Vehicle-Title-Transactions-by-Department-of-Licens/cdk6-5kdf
Pacific,2019-05-01,49,0,0,0,49,0,0,https://data.wa.gov/Transportation/Vehicle-Title-Transactions-by-Department-of-Licens/cdk6-5kdf
Pacific,2019-06-01,45,1,1,0,47,2,0.0425531914893617,https://data.wa.gov/Transportation/Vehicle-Title-Transactions-by-Department-of-Licens/cdk6-5kdf
Pacific,2019-07-01,56,0,1,0,57,1,0.017543859649122806,https://data.wa.gov/Transportation/Vehicle-Title-Transactions-by-Department-of-Licens/cdk6-5kdf
Pacific,2019-08-01,47,0,0,0,47,0,0,https://data.wa.gov/Transportation/Vehicle-Title-Transactions-by-Department-of-Licens/cdk6-5kdf
Pacific,2019-09-01,55,1,0,0,56,1,0.017857142857142856,https://data.wa.gov/Transportation/Vehicle-Title-Transactions-by-Department-of-Licens/cdk6-5kdf
Pacific,2019-10-01,58,3,1,0,62,4,0.06451612903225806,https://data.wa.gov/Transportation/Vehicle-Title-Transactions-by-Department-of-Licens/cdk6-5kdf
Pacific,2019-11-01,31,0,0,0,31,0,0,https://data.wa.gov/Transportation/Vehicle-Title-Transactions-by-Department-of-Licens/cdk6-5kdf
Pacific,2019-12-01,54,0,0,0,54,0,0,https://data.wa.gov/Transportation/Vehicle-Title-Transactions-by-Department-of-Licens/cdk6-5kdf
Pacific,2020-01-01,45,0,0,0,45,0,0,https://data.wa.gov/Transportation/Vehicle-Title-Transactions-by-Department-of-Licens/cdk6-5kdf
Pacific,2020-02-01,38,0,0,0,38,0,0,https://data.wa.gov/Transportation/Vehicle-Title-Transactions-by-Department-of-Licens/cdk6-5kdf
Pacific,2020-03-01,48,0,1,0,49,1,0.02040816326530612,https://data.wa.gov/Transportation/Vehicle-Title-Transactions-by-Department-of-Licens/cdk6-5kdf
Pacific,2020-04-01,35,1,0,0,36,1,0.027777777777777776,https://data.wa.gov/Transportation/Vehicle-Title-Transactions-by-Department-of-Licens/cdk6-5kdf
Pacific,2020-05-01,29,0,0,0,29,0,0,https://data.wa.gov/Transportation/Vehicle-Title-Transactions-by-Department-of-Licens/cdk6-5kdf
Pacific,2020-06-01,58,1,1,0,60,2,0.03333333333333333,https://data.wa.gov/Transportation/Vehicle-Title-Transactions-by-Department-of-Licens/cdk6-5kdf
Pacific,2020-07-01,42,0,0,0,42,0,0,https://data.wa.gov/Transportation/Vehicle-Title-Transactions-by-Department-of-Licens/cdk6-5kdf
Pacific,2020-08-01,51,0,0,0,51,0,0,https://data.wa.gov/Transportation/Vehicle-Title-Transactions-by-Department-of-Licens/cdk6-5kdf
Pacific,2020-09-01,46,1,0,0,47,1,0.02127659574468085,https://data.wa.gov/Transportation/Vehicle-Title-Transactions-by-Department-of-Licens/cdk6-5kdf
Pacific,2020-10-01,36,2,0,0,38,2,0.05263157894736842,https://data.wa.gov/Transportation/Vehicle-Title-Transactions-by-Department-of-Licens/cdk6-5kdf
Pacific,2020-11-01,47,0,1,0,48,1,0.020833333333333332,https://data.wa.gov/Transportation/Vehicle-Title-Transactions-by-Department-of-Licens/cdk6-5kdf
Pacific,2020-12-01,50,0,0,0,50,0,0,https://data.wa.gov/Transportation/Vehicle-Title-Transactions-by-Department-of-Licens/cdk6-5kdf
Pacific,2021-01-01,50,1,0,0,51,1,0.0196078431372549,https://data.wa.gov/Transportation/Vehicle-Title-Transactions-by-Department-of-Licens/cdk6-5kdf
Pacific,2021-02-01,48,1,0,0,49,1,0.02040816326530612,https://data.wa.gov/Transportation/Vehicle-Title-Transactions-by-Department-of-Licens/cdk6-5kdf
Pacific,2021-03-01,57,2,2,0,61,4,0.06557377049180328,https://data.wa.gov/Transportation/Vehicle-Title-Transactions-by-Department-of-Licens/cdk6-5kdf
Pacific,2021-04-01,66,1,1,0,68,2,0.029411764705882353,https://data.wa.gov/Transportation/Vehicle-Title-Transactions-by-Department-of-Licens/cdk6-5kdf
Pacific,2021-05-01,55,0,3,0,58,3,0.05172413793103448,https://data.wa.gov/Transportation/Vehicle-Title-Transactions-by-Department-of-Licens/cdk6-5kdf
Pacific,2021-06-01,71,1,2,0,74,3,0.04054054054054054,https://data.wa.gov/Transportation/Vehicle-Title-Transactions-by-Department-of-Licens/cdk6-5kdf
Pacific,2021-07-01,45,1,0,0,46,1,0.021739130434782608,https://data.wa.gov/Transportation/Vehicle-Title-Transactions-by-Department-of-Licens/cdk6-5kdf
Pacific,2021-08-01,51,0,1,0,52,1,0.019230769230769232,https://data.wa.gov/Transportation/Vehicle-Title-Transactions-by-Department-of-Licens/cdk6-5kdf
Pacific,2021-09-01,26,1,1,0,28,2,0.07142857142857142,https://data.wa.gov/Transportation/Vehicle-Title-Transactions-by-Department-of-Licens/cdk6-5kdf
Pacific,2021-10-01,40,0,0,0,40,0,0,https://data.wa.gov/Transportation/Vehicle-Title-Transactions-by-Department-of-Licens/cdk6-5kdf
Pacific,2021-11-01,34,0,3,0,37,3,0.08108108108108109,https://data.wa.gov/Transportation/Vehicle-Title-Transactions-by-Department-of-Licens/cdk6-5kdf
Pacific,2021-12-01,30,0,0,0,30,0,0,https://data.wa.gov/Transportation/Vehicle-Title-Transactions-by-Department-of-Licens/cdk6-5kdf
Pacific,2022-01-01,43,4,1,0,48,5,0.10416666666666667,https://data.wa.gov/Transportation/Vehicle-Title-Transactions-by-Department-of-Licens/cdk6-5kdf
Pacific,2022-02-01,32,1,2,0,35,3,0.08571428571428572,https://data.wa.gov/Transportation/Vehicle-Title-Transactions-by-Department-of-Licens/cdk6-5kdf
Pacific,2022-03-01,44,2,2,0,48,4,0.08333333333333333,https://data.wa.gov/Transportation/Vehicle-Title-Transactions-by-Department-of-Licens/cdk6-5kdf
Pacific,2022-04-01,50,0,0,0,50,0,0,https://data.wa.gov/Transportation/Vehicle-Title-Transactions-by-Department-of-Licens/cdk6-5kdf
Pacific,2022-05-01,44,0,1,0,45,1,0.022222222222222223,https://data.wa.gov/Transportation/Vehicle-Title-Transactions-by-Department-of-Licens/cdk6-5kdf
Pacific,2022-06-01,48,0,2,0,50,2,0.04,https://data.wa.gov/Transportation/Vehicle-Title-Transactions-by-Department-of-Licens/cdk6-5kdf
Pacific,2022-07-01,40,1,0,0,41,1,0.024390243902439025,https://data.wa.gov/Transportation/Vehicle-Title-Transactions-by-Department-of-Licens/cdk6-5kdf
Pacific,2022-08-01,34,4,1,0,39,5,0.1282051282051282,https://data.wa.gov/Transportation/Vehicle-Title-Transactions-by-Department-of-Licens/cdk6-5kdf
Pacific,2022-09-01,35,1,1,0,37,2,0.05405405405405406,https://data.wa.gov/Transportation/Vehicle-Title-Transactions-by-Department-of-Licens/cdk6-5kdf
Pacific,2022-10-01,32,1,0,0,33,1,0.030303030303030304,https://data.wa.gov/Transportation/Vehicle-Title-Transactions-by-Department-of-Licens/cdk6-5kdf
Pacific,2022-11-01,45,1,3,0,49,4,0.08163265306122448,https://data.wa.gov/Transportation/Vehicle-Title-Transactions-by-Department-of-Licens/cdk6-5kdf
Pacific,2022-12-01,42,3,1,0,46,4,0.08695652173913043,https://data.wa.gov/Transportation/Vehicle-Title-Transactions-by-Department-of-Licens/cdk6-5kdf
Pacific,2023-01-01,46,0,1,0,47,1,0.02127659574468085,https://data.wa.gov/Transportation/Vehicle-Title-Transactions-by-Department-of-Licens/cdk6-5kdf
Pacific,2023-02-01,28,1,1,0,30,2,0.06666666666666667,https://data.wa.gov/Transportation/Vehicle-Title-Transactions-by-Department-of-Licens/cdk6-5kdf
Pacific,2023-03-01,45,3,3,0,51,6,0.11764705882352941,https://data.wa.gov/Transportation/Vehicle-Title-Transactions-by-Department-of-Licens/cdk6-5kdf
Pacific,2023-04-01,52,4,2,0,58,6,0.10344827586206896,https://data.wa.gov/Transportation/Vehicle-Title-Transactions-by-Department-of-Licens/cdk6-5kdf
Pacific,2023-05-01,52,1,2,0,55,3,0.05454545454545454,https://data.wa.gov/Transportation/Vehicle-Title-Transactions-by-Department-of-Licens/cdk6-5kdf
Pacific,2023-06-01,40,2,0,0,42,2,0.047619047619047616,https://data.wa.gov/Transportation/Vehicle-Title-Transactions-by-Department-of-Licens/cdk6-5kdf
Pacific,2023-07-01,51,3,3,0,57,6,0.10526315789473684,https://data.wa.gov/Transportation/Vehicle-Title-Transactions-by-Department-of-Licens/cdk6-5kdf
Pacific,2023-08-01,40,3,0,0,43,3,0.06976744186046512,https://data.wa.gov/Transportation/Vehicle-Title-Transactions-by-Department-of-Licens/cdk6-5kdf
Pacific,2023-09-01,47,4,2,0,53,6,0.11320754716981132,https://data.wa.gov/Transportation/Vehicle-Title-Transactions-by-Department-of-Licens/cdk6-5kdf
Pacific,2023-10-01,54,2,3,0,59,5,0.0847457627118644,https://data.wa.gov/Transportation/Vehicle-Title-Transactions-by-Department-of-Licens/cdk6-5kdf
Pacific,2023-11-01,48,0,1,0,49,1,0.02040816326530612,https://data.wa.gov/Transportation/Vehicle-Title-Transactions-by-Department-of-Licens/cdk6-5kdf
Pacific,2023-12-01,36,4,0,0,40,4,0.1,https://data.wa.gov/Transportation/Vehicle-Title-Transactions-by-Department-of-Licens/cdk6-5kdf
Pacific,2024-01-01,73,0,2,0,75,2,0.02666666666666667,https://data.wa.gov/Transportation/Vehicle-Title-Transactions-by-Department-of-Licens/cdk6-5kdf
Pacific,2024-02-01,45,2,1,0,48,3,0.0625,https://data.wa.gov/Transportation/Vehicle-Title-Transactions-by-Department-of-Licens/cdk6-5kdf
Pacific,2024-03-01,51,4,4,0,59,8,0.13559322033898305,https://data.wa.gov/Transportation/Vehicle-Title-Transactions-by-Department-of-Licens/cdk6-5kdf
Pacific,2024-04-01,21,1,1,0,23,2,0.08695652173913043,https://data.wa.gov/Transportation/Vehicle-Title-Transactions-by-Department-of-Licens/cdk6-5kdf
Pacific,2024-05-01,55,5,1,0,61,6,0.09836065573770492,https://data.wa.gov/Transportation/Vehicle-Title-Transactions-by-Department-of-Licens/cdk6-5kdf
Pacific,2024-06-01,37,4,3,0,44,7,0.1590909090909091,https://data.wa.gov/Transportation/Vehicle-Title-Transactions-by-Department-of-Licens/cdk6-5kdf
Pacific,2024-07-01,47,2,4,0,53,6,0.11320754716981132,https://data.wa.gov/Transportation/Vehicle-Title-Transactions-by-Department-of-Licens/cdk6-5kdf
Pacific,2024-08-01,53,4,2,0,59,6,0.1016949152542373,https://data.wa.gov/Transportation/Vehicle-Title-Transactions-by-Department-of-Licens/cdk6-5kdf
Pacific,2024-09-01,52,4,1,0,57,5,0.08771929824561403,https://data.wa.gov/Transportation/Vehicle-Title-Transactions-by-Department-of-Licens/cdk6-5kdf
Pacific,2024-10-01,60,2,2,0,64,4,0.0625,https://data.wa.gov/Transportation/Vehicle-Title-Transactions-by-Department-of-Licens/cdk6-5kdf
Pacific,2024-11-01,39,3,1,0,43,4,0.09302325581395349,https://data.wa.gov/Transportation/Vehicle-Title-Transactions-by-Department-of-Licens/cdk6-5kdf
Pacific,2024-12-01,40,2,3,0,45,5,0.1111111111111111,https://data.wa.gov/Transportation/Vehicle-Title-Transactions-by-Department-of-Licens/cdk6-5kdf
Pacific,2025-01-01,64,5,3,0,72,8,0.1111111111111111,https://data.wa.gov/Transportation/Vehicle-Title-Transactions-by-Department-of-Licens/cdk6-5kdf
Pacific,2025-02-01,40,5,2,0,47,7,0.14893617021276595,https://data.wa.gov/Transportation/Vehicle-Title-Transactions-by-Department-of-Licens/cdk6-5kdf
Pacific,2025-03-01,45,4,1,0,50,5,0.1,https://data.wa.gov/Transportation/Vehicle-Title-Transactions-by-Department-of-Licens/cdk6-5kdf
Pacific,2025-04-01,42,2,1,0,45,3,0.06666666666666667,https://data.wa.gov/Transportation/Vehicle-Title-Transactions-by-Department-of-Licens/cdk6-5kdf
Pacific,2025-05-01,47,1,0,0,48,1,0.020833333333333332,https://data.wa.gov/Transportation/Vehicle-Title-Transactions-by-Department-of-Licens/cdk6-5kdf
Pacific,2025-06-01,45,6,0,0,51,6,0.11764705882352941,https://data.wa.gov/Transportation/Vehicle-Title-Transactions-by-Department-of-Licens/cdk6-5kdf
Pacific,2025-07-01,49,6,1,0,56,7,0.125,https://data.wa.gov/Transportation/Vehicle-Title-Transactions-by-Department-of-Licens/cdk6-5kdf
Pacific,2025-08-01,45,1,1,0,47,2,0.0425531914893617,https://data.wa.gov/Transportation/Vehicle-Title-Transactions-by-Department-of-Licens/cdk6-5kdf
Pacific,2025-09-01,47,3,0,0,50,3,0.06,https://data.wa.gov/Transportation/Vehicle-Title-Transactions-by-Department-of-Licens/cdk6-5kdf
Pacific,2025-10-01,35,6,0,0,41,6,0.14634146341463414,https://data.wa.gov/Transportation/Vehicle-Title-Transactions-by-Department-of-Licens/cdk6-5kdf
Pacific,2025-11-01,54,4,0,0,58,4,0.06896551724137931,https://data.wa.gov/Transportation/Vehicle-Title-Transactions-by-Department-of-Licens/cdk6-5kdf
Pacific,2025-12-01,52,1,2,0,55,3,0.05454545454545454,https://data.wa.gov/Transportation/Vehicle-Title-Transactions-by-Department-of-Licens/cdk6-5kdf
Pacific,2026-01-01,51,1,1,0,53,2,0.03773584905660377,https://data.wa.gov/Transportation/Vehicle-Title-Transactions-by-Department-of-Licens/cdk6-5kdf
Pacific,2026-02-01,32,4,0,0,36,4,0.1111111111111111,https://data.wa.gov/Transportation/Vehicle-Title-Transactions-by-Department-of-Licens/cdk6-5kdf
Pacific,2026-03-01,46,6,0,0,52,6,0.11538461538461539,https://data.wa.gov/Transportation/Vehicle-Title-Transactions-by-Department-of-Licens/cdk6-5kdf
Pacific,2026-04-01,48,6,0,0,54,6,0.1111111111111111,https://data.wa.gov/Transportation/Vehicle-Title-Transactions-by-Department-of-Licens/cdk6-5kdf
Pacific,2026-05-01,35,3,0,0,38,3,0.07894736842105263,https://data.wa.gov/Transportation/Vehicle-Title-Transactions-by-Department-of-Licens/cdk6-5kdf
Pacific,2026-06-01,55,6,1,0,62,7,0.11290322580645161,https://data.wa.gov/Transportation/Vehicle-Title-Transactions-by-Department-of-Licens/cdk6-5kdf
Pend Oreille,2017-01-01,16,0,1,0,17,1,0.058823529411764705,https://data.wa.gov/Transportation/Vehicle-Title-Transactions-by-Department-of-Licens/cdk6-5kdf
Pend Oreille,2017-02-01,18,0,0,0,18,0,0,https://data.wa.gov/Transportation/Vehicle-Title-Transactions-by-Department-of-Licens/cdk6-5kdf
Pend Oreille,2017-03-01,20,0,0,0,20,0,0,https://data.wa.gov/Transportation/Vehicle-Title-Transactions-by-Department-of-Licens/cdk6-5kdf
Pend Oreille,2017-04-01,22,0,0,0,22,0,0,https://data.wa.gov/Transportation/Vehicle-Title-Transactions-by-Department-of-Licens/cdk6-5kdf
Pend Oreille,2017-05-01,26,0,0,0,26,0,0,https://data.wa.gov/Transportation/Vehicle-Title-Transactions-by-Department-of-Licens/cdk6-5kdf
Pend Oreille,2017-06-01,21,1,0,0,22,1,0.045454545454545456,https://data.wa.gov/Transportation/Vehicle-Title-Transactions-by-Department-of-Licens/cdk6-5kdf
Pend Oreille,2017-07-01,17,0,0,0,17,0,0,https://data.wa.gov/Transportation/Vehicle-Title-Transactions-by-Department-of-Licens/cdk6-5kdf
Pend Oreille,2017-08-01,25,0,0,0,25,0,0,https://data.wa.gov/Transportation/Vehicle-Title-Transactions-by-Department-of-Licens/cdk6-5kdf
Pend Oreille,2017-09-01,27,0,0,0,27,0,0,https://data.wa.gov/Transportation/Vehicle-Title-Transactions-by-Department-of-Licens/cdk6-5kdf
Pend Oreille,2017-10-01,36,0,0,0,36,0,0,https://data.wa.gov/Transportation/Vehicle-Title-Transactions-by-Department-of-Licens/cdk6-5kdf
Pend Oreille,2017-11-01,28,0,0,0,28,0,0,https://data.wa.gov/Transportation/Vehicle-Title-Transactions-by-Department-of-Licens/cdk6-5kdf
Pend Oreille,2017-12-01,20,0,0,0,20,0,0,https://data.wa.gov/Transportation/Vehicle-Title-Transactions-by-Department-of-Licens/cdk6-5kdf
Pend Oreille,2018-01-01,23,1,0,0,24,1,0.041666666666666664,https://data.wa.gov/Transportation/Vehicle-Title-Transactions-by-Department-of-Licens/cdk6-5kdf
Pend Oreille,2018-02-01,14,0,0,0,14,0,0,https://data.wa.gov/Transportation/Vehicle-Title-Transactions-by-Department-of-Licens/cdk6-5kdf
Pend Oreille,2018-03-01,25,0,0,0,25,0,0,https://data.wa.gov/Transportation/Vehicle-Title-Transactions-by-Department-of-Licens/cdk6-5kdf
Pend Oreille,2018-04-01,31,0,1,0,32,1,0.03125,https://data.wa.gov/Transportation/Vehicle-Title-Transactions-by-Department-of-Licens/cdk6-5kdf
Pend Oreille,2018-05-01,25,0,0,0,25,0,0,https://data.wa.gov/Transportation/Vehicle-Title-Transactions-by-Department-of-Licens/cdk6-5kdf
Pend Oreille,2018-06-01,21,0,0,0,21,0,0,https://data.wa.gov/Transportation/Vehicle-Title-Transactions-by-Department-of-Licens/cdk6-5kdf
Pend Oreille,2018-07-01,22,0,0,0,22,0,0,https://data.wa.gov/Transportation/Vehicle-Title-Transactions-by-Department-of-Licens/cdk6-5kdf
Pend Oreille,2018-08-01,25,0,0,0,25,0,0,https://data.wa.gov/Transportation/Vehicle-Title-Transactions-by-Department-of-Licens/cdk6-5kdf
Pend Oreille,2018-09-01,34,0,0,0,34,0,0,https://data.wa.gov/Transportation/Vehicle-Title-Transactions-by-Department-of-Licens/cdk6-5kdf
Pend Oreille,2018-10-01,25,1,0,0,26,1,0.038461538461538464,https://data.wa.gov/Transportation/Vehicle-Title-Transactions-by-Department-of-Licens/cdk6-5kdf
Pend Oreille,2018-11-01,13,0,0,0,13,0,0,https://data.wa.gov/Transportation/Vehicle-Title-Transactions-by-Department-of-Licens/cdk6-5kdf
Pend Oreille,2018-12-01,21,0,0,0,21,0,0,https://data.wa.gov/Transportation/Vehicle-Title-Transactions-by-Department-of-Licens/cdk6-5kdf
Pend Oreille,2019-01-01,18,0,0,0,18,0,0,https://data.wa.gov/Transportation/Vehicle-Title-Transactions-by-Department-of-Licens/cdk6-5kdf
Pend Oreille,2019-02-01,15,0,0,0,15,0,0,https://data.wa.gov/Transportation/Vehicle-Title-Transactions-by-Department-of-Licens/cdk6-5kdf
Pend Oreille,2019-03-01,17,0,0,0,17,0,0,https://data.wa.gov/Transportation/Vehicle-Title-Transactions-by-Department-of-Licens/cdk6-5kdf
Pend Oreille,2019-04-01,24,0,0,0,24,0,0,https://data.wa.gov/Transportation/Vehicle-Title-Transactions-by-Department-of-Licens/cdk6-5kdf
Pend Oreille,2019-05-01,28,0,0,0,28,0,0,https://data.wa.gov/Transportation/Vehicle-Title-Transactions-by-Department-of-Licens/cdk6-5kdf
Pend Oreille,2019-06-01,15,0,0,0,15,0,0,https://data.wa.gov/Transportation/Vehicle-Title-Transactions-by-Department-of-Licens/cdk6-5kdf
Pend Oreille,2019-07-01,22,0,0,0,22,0,0,https://data.wa.gov/Transportation/Vehicle-Title-Transactions-by-Department-of-Licens/cdk6-5kdf
Pend Oreille,2019-08-01,23,1,0,0,24,1,0.041666666666666664,https://data.wa.gov/Transportation/Vehicle-Title-Transactions-by-Department-of-Licens/cdk6-5kdf
Pend Oreille,2019-09-01,21,0,0,0,21,0,0,https://data.wa.gov/Transportation/Vehicle-Title-Transactions-by-Department-of-Licens/cdk6-5kdf
Pend Oreille,2019-10-01,30,0,0,0,30,0,0,https://data.wa.gov/Transportation/Vehicle-Title-Transactions-by-Department-of-Licens/cdk6-5kdf
Pend Oreille,2019-11-01,14,0,0,0,14,0,0,https://data.wa.gov/Transportation/Vehicle-Title-Transactions-by-Department-of-Licens/cdk6-5kdf
Pend Oreille,2019-12-01,19,0,0,0,19,0,0,https://data.wa.gov/Transportation/Vehicle-Title-Transactions-by-Department-of-Licens/cdk6-5kdf
Pend Oreille,2020-01-01,22,1,0,0,23,1,0.043478260869565216,https://data.wa.gov/Transportation/Vehicle-Title-Transactions-by-Department-of-Licens/cdk6-5kdf
Pend Oreille,2020-02-01,10,0,0,0,10,0,0,https://data.wa.gov/Transportation/Vehicle-Title-Transactions-by-Department-of-Licens/cdk6-5kdf
Pend Oreille,2020-03-01,22,0,0,0,22,0,0,https://data.wa.gov/Transportation/Vehicle-Title-Transactions-by-Department-of-Licens/cdk6-5kdf
Pend Oreille,2020-04-01,11,0,0,0,11,0,0,https://data.wa.gov/Transportation/Vehicle-Title-Transactions-by-Department-of-Licens/cdk6-5kdf
Pend Oreille,2020-05-01,13,0,0,0,13,0,0,https://data.wa.gov/Transportation/Vehicle-Title-Transactions-by-Department-of-Licens/cdk6-5kdf
Pend Oreille,2020-06-01,19,0,0,0,19,0,0,https://data.wa.gov/Transportation/Vehicle-Title-Transactions-by-Department-of-Licens/cdk6-5kdf
Pend Oreille,2020-07-01,21,0,0,0,21,0,0,https://data.wa.gov/Transportation/Vehicle-Title-Transactions-by-Department-of-Licens/cdk6-5kdf
Pend Oreille,2020-08-01,17,1,0,0,18,1,0.05555555555555555,https://data.wa.gov/Transportation/Vehicle-Title-Transactions-by-Department-of-Licens/cdk6-5kdf
Pend Oreille,2020-09-01,27,0,0,0,27,0,0,https://data.wa.gov/Transportation/Vehicle-Title-Transactions-by-Department-of-Licens/cdk6-5kdf
Pend Oreille,2020-10-01,22,0,0,0,22,0,0,https://data.wa.gov/Transportation/Vehicle-Title-Transactions-by-Department-of-Licens/cdk6-5kdf
Pend Oreille,2020-11-01,14,1,0,0,15,1,0.06666666666666667,https://data.wa.gov/Transportation/Vehicle-Title-Transactions-by-Department-of-Licens/cdk6-5kdf
Pend Oreille,2020-12-01,24,2,0,0,26,2,0.07692307692307693,https://data.wa.gov/Transportation/Vehicle-Title-Transactions-by-Department-of-Licens/cdk6-5kdf
Pend Oreille,2021-01-01,15,0,0,0,15,0,0,https://data.wa.gov/Transportation/Vehicle-Title-Transactions-by-Department-of-Licens/cdk6-5kdf
Pend Oreille,2021-02-01,17,1,0,0,18,1,0.05555555555555555,https://data.wa.gov/Transportation/Vehicle-Title-Transactions-by-Department-of-Licens/cdk6-5kdf
Pend Oreille,2021-03-01,20,0,0,0,20,0,0,https://data.wa.gov/Transportation/Vehicle-Title-Transactions-by-Department-of-Licens/cdk6-5kdf
Pend Oreille,2021-04-01,28,1,0,0,29,1,0.034482758620689655,https://data.wa.gov/Transportation/Vehicle-Title-Transactions-by-Department-of-Licens/cdk6-5kdf
Pend Oreille,2021-05-01,24,0,0,0,24,0,0,https://data.wa.gov/Transportation/Vehicle-Title-Transactions-by-Department-of-Licens/cdk6-5kdf
Pend Oreille,2021-06-01,24,0,1,0,25,1,0.04,https://data.wa.gov/Transportation/Vehicle-Title-Transactions-by-Department-of-Licens/cdk6-5kdf
Pend Oreille,2021-07-01,21,1,0,0,22,1,0.045454545454545456,https://data.wa.gov/Transportation/Vehicle-Title-Transactions-by-Department-of-Licens/cdk6-5kdf
Pend Oreille,2021-08-01,11,0,0,0,11,0,0,https://data.wa.gov/Transportation/Vehicle-Title-Transactions-by-Department-of-Licens/cdk6-5kdf
Pend Oreille,2021-09-01,16,0,0,0,16,0,0,https://data.wa.gov/Transportation/Vehicle-Title-Transactions-by-Department-of-Licens/cdk6-5kdf
Pend Oreille,2021-10-01,23,1,0,0,24,1,0.041666666666666664,https://data.wa.gov/Transportation/Vehicle-Title-Transactions-by-Department-of-Licens/cdk6-5kdf
Pend Oreille,2021-11-01,11,0,0,0,11,0,0,https://data.wa.gov/Transportation/Vehicle-Title-Transactions-by-Department-of-Licens/cdk6-5kdf
Pend Oreille,2021-12-01,15,1,0,0,16,1,0.0625,https://data.wa.gov/Transportation/Vehicle-Title-Transactions-by-Department-of-Licens/cdk6-5kdf
Pend Oreille,2022-01-01,14,0,0,0,14,0,0,https://data.wa.gov/Transportation/Vehicle-Title-Transactions-by-Department-of-Licens/cdk6-5kdf
Pend Oreille,2022-02-01,25,0,0,0,25,0,0,https://data.wa.gov/Transportation/Vehicle-Title-Transactions-by-Department-of-Licens/cdk6-5kdf
Pend Oreille,2022-03-01,30,0,0,0,30,0,0,https://data.wa.gov/Transportation/Vehicle-Title-Transactions-by-Department-of-Licens/cdk6-5kdf
Pend Oreille,2022-04-01,19,0,0,0,19,0,0,https://data.wa.gov/Transportation/Vehicle-Title-Transactions-by-Department-of-Licens/cdk6-5kdf
Pend Oreille,2022-05-01,17,0,0,0,17,0,0,https://data.wa.gov/Transportation/Vehicle-Title-Transactions-by-Department-of-Licens/cdk6-5kdf
Pend Oreille,2022-06-01,20,0,0,0,20,0,0,https://data.wa.gov/Transportation/Vehicle-Title-Transactions-by-Department-of-Licens/cdk6-5kdf
Pend Oreille,2022-07-01,20,2,1,0,23,3,0.13043478260869565,https://data.wa.gov/Transportation/Vehicle-Title-Transactions-by-Department-of-Licens/cdk6-5kdf
Pend Oreille,2022-08-01,13,0,0,0,13,0,0,https://data.wa.gov/Transportation/Vehicle-Title-Transactions-by-Department-of-Licens/cdk6-5kdf
Pend Oreille,2022-09-01,22,0,0,0,22,0,0,https://data.wa.gov/Transportation/Vehicle-Title-Transactions-by-Department-of-Licens/cdk6-5kdf
Pend Oreille,2022-10-01,22,0,0,0,22,0,0,https://data.wa.gov/Transportation/Vehicle-Title-Transactions-by-Department-of-Licens/cdk6-5kdf
Pend Oreille,2022-11-01,20,0,0,0,20,0,0,https://data.wa.gov/Transportation/Vehicle-Title-Transactions-by-Department-of-Licens/cdk6-5kdf
Pend Oreille,2022-12-01,14,1,0,0,15,1,0.06666666666666667,https://data.wa.gov/Transportation/Vehicle-Title-Transactions-by-Department-of-Licens/cdk6-5kdf
Pend Oreille,2023-01-01,16,2,1,0,19,3,0.15789473684210525,https://data.wa.gov/Transportation/Vehicle-Title-Transactions-by-Department-of-Licens/cdk6-5kdf
Pend Oreille,2023-02-01,10,2,0,0,12,2,0.16666666666666666,https://data.wa.gov/Transportation/Vehicle-Title-Transactions-by-Department-of-Licens/cdk6-5kdf
Pend Oreille,2023-03-01,20,0,0,0,20,0,0,https://data.wa.gov/Transportation/Vehicle-Title-Transactions-by-Department-of-Licens/cdk6-5kdf
Pend Oreille,2023-04-01,17,3,0,0,20,3,0.15,https://data.wa.gov/Transportation/Vehicle-Title-Transactions-by-Department-of-Licens/cdk6-5kdf
Pend Oreille,2023-05-01,18,0,0,0,18,0,0,https://data.wa.gov/Transportation/Vehicle-Title-Transactions-by-Department-of-Licens/cdk6-5kdf
Pend Oreille,2023-06-01,13,0,0,0,13,0,0,https://data.wa.gov/Transportation/Vehicle-Title-Transactions-by-Department-of-Licens/cdk6-5kdf
Pend Oreille,2023-07-01,16,0,1,0,17,1,0.058823529411764705,https://data.wa.gov/Transportation/Vehicle-Title-Transactions-by-Department-of-Licens/cdk6-5kdf
Pend Oreille,2023-08-01,23,0,1,0,24,1,0.041666666666666664,https://data.wa.gov/Transportation/Vehicle-Title-Transactions-by-Department-of-Licens/cdk6-5kdf
Pend Oreille,2023-09-01,17,2,0,0,19,2,0.10526315789473684,https://data.wa.gov/Transportation/Vehicle-Title-Transactions-by-Department-of-Licens/cdk6-5kdf
Pend Oreille,2023-10-01,20,0,2,0,22,2,0.09090909090909091,https://data.wa.gov/Transportation/Vehicle-Title-Transactions-by-Department-of-Licens/cdk6-5kdf
Pend Oreille,2023-11-01,20,2,0,0,22,2,0.09090909090909091,https://data.wa.gov/Transportation/Vehicle-Title-Transactions-by-Department-of-Licens/cdk6-5kdf
Pend Oreille,2023-12-01,9,0,2,0,11,2,0.18181818181818182,https://data.wa.gov/Transportation/Vehicle-Title-Transactions-by-Department-of-Licens/cdk6-5kdf
Pend Oreille,2024-01-01,18,1,0,0,19,1,0.05263157894736842,https://data.wa.gov/Transportation/Vehicle-Title-Transactions-by-Department-of-Licens/cdk6-5kdf
Pend Oreille,2024-02-01,15,0,0,0,15,0,0,https://data.wa.gov/Transportation/Vehicle-Title-Transactions-by-Department-of-Licens/cdk6-5kdf
Pend Oreille,2024-03-01,11,0,0,0,11,0,0,https://data.wa.gov/Transportation/Vehicle-Title-Transactions-by-Department-of-Licens/cdk6-5kdf
Pend Oreille,2024-04-01,22,0,0,0,22,0,0,https://data.wa.gov/Transportation/Vehicle-Title-Transactions-by-Department-of-Licens/cdk6-5kdf
Pend Oreille,2024-05-01,21,2,0,0,23,2,0.08695652173913043,https://data.wa.gov/Transportation/Vehicle-Title-Transactions-by-Department-of-Licens/cdk6-5kdf
Pend Oreille,2024-06-01,18,1,0,0,19,1,0.05263157894736842,https://data.wa.gov/Transportation/Vehicle-Title-Transactions-by-Department-of-Licens/cdk6-5kdf
Pend Oreille,2024-07-01,14,0,1,0,15,1,0.06666666666666667,https://data.wa.gov/Transportation/Vehicle-Title-Transactions-by-Department-of-Licens/cdk6-5kdf
Pend Oreille,2024-08-01,31,2,0,0,33,2,0.06060606060606061,https://data.wa.gov/Transportation/Vehicle-Title-Transactions-by-Department-of-Licens/cdk6-5kdf
Pend Oreille,2024-09-01,29,3,0,0,32,3,0.09375,https://data.wa.gov/Transportation/Vehicle-Title-Transactions-by-Department-of-Licens/cdk6-5kdf
Pend Oreille,2024-10-01,25,5,0,0,30,5,0.16666666666666666,https://data.wa.gov/Transportation/Vehicle-Title-Transactions-by-Department-of-Licens/cdk6-5kdf
Pend Oreille,2024-11-01,17,2,0,0,19,2,0.10526315789473684,https://data.wa.gov/Transportation/Vehicle-Title-Transactions-by-Department-of-Licens/cdk6-5kdf
Pend Oreille,2024-12-01,24,1,0,0,25,1,0.04,https://data.wa.gov/Transportation/Vehicle-Title-Transactions-by-Department-of-Licens/cdk6-5kdf
Pend Oreille,2025-01-01,20,2,0,0,22,2,0.09090909090909091,https://data.wa.gov/Transportation/Vehicle-Title-Transactions-by-Department-of-Licens/cdk6-5kdf
Pend Oreille,2025-02-01,11,1,0,0,12,1,0.08333333333333333,https://data.wa.gov/Transportation/Vehicle-Title-Transactions-by-Department-of-Licens/cdk6-5kdf
Pend Oreille,2025-03-01,18,0,0,0,18,0,0,https://data.wa.gov/Transportation/Vehicle-Title-Transactions-by-Department-of-Licens/cdk6-5kdf
Pend Oreille,2025-04-01,28,2,0,0,30,2,0.06666666666666667,https://data.wa.gov/Transportation/Vehicle-Title-Transactions-by-Department-of-Licens/cdk6-5kdf
Pend Oreille,2025-05-01,24,0,0,0,24,0,0,https://data.wa.gov/Transportation/Vehicle-Title-Transactions-by-Department-of-Licens/cdk6-5kdf
Pend Oreille,2025-06-01,16,1,0,0,17,1,0.058823529411764705,https://data.wa.gov/Transportation/Vehicle-Title-Transactions-by-Department-of-Licens/cdk6-5kdf
Pend Oreille,2025-07-01,27,2,0,0,29,2,0.06896551724137931,https://data.wa.gov/Transportation/Vehicle-Title-Transactions-by-Department-of-Licens/cdk6-5kdf
Pend Oreille,2025-08-01,16,1,1,0,18,2,0.1111111111111111,https://data.wa.gov/Transportation/Vehicle-Title-Transactions-by-Department-of-Licens/cdk6-5kdf
Pend Oreille,2025-09-01,15,1,0,0,16,1,0.0625,https://data.wa.gov/Transportation/Vehicle-Title-Transactions-by-Department-of-Licens/cdk6-5kdf
Pend Oreille,2025-10-01,18,1,0,0,19,1,0.05263157894736842,https://data.wa.gov/Transportation/Vehicle-Title-Transactions-by-Department-of-Licens/cdk6-5kdf
Pend Oreille,2025-11-01,17,1,0,0,18,1,0.05555555555555555,https://data.wa.gov/Transportation/Vehicle-Title-Transactions-by-Department-of-Licens/cdk6-5kdf
Pend Oreille,2025-12-01,14,1,2,0,17,3,0.17647058823529413,https://data.wa.gov/Transportation/Vehicle-Title-Transactions-by-Department-of-Licens/cdk6-5kdf
Pend Oreille,2026-01-01,28,1,0,0,29,1,0.034482758620689655,https://data.wa.gov/Transportation/Vehicle-Title-Transactions-by-Department-of-Licens/cdk6-5kdf
Pend Oreille,2026-02-01,20,1,1,0,22,2,0.09090909090909091,https://data.wa.gov/Transportation/Vehicle-Title-Transactions-by-Department-of-Licens/cdk6-5kdf
Pend Oreille,2026-03-01,20,0,0,0,20,0,0,https://data.wa.gov/Transportation/Vehicle-Title-Transactions-by-Department-of-Licens/cdk6-5kdf
Pend Oreille,2026-04-01,28,1,1,0,30,2,0.06666666666666667,https://data.wa.gov/Transportation/Vehicle-Title-Transactions-by-Department-of-Licens/cdk6-5kdf
Pend Oreille,2026-05-01,14,0,0,0,14,0,0,https://data.wa.gov/Transportation/Vehicle-Title-Transactions-by-Department-of-Licens/cdk6-5kdf
Pend Oreille,2026-06-01,22,3,0,0,25,3,0.12,https://data.wa.gov/Transportation/Vehicle-Title-Transactions-by-Department-of-Licens/cdk6-5kdf
Pierce,2017-01-01,2910,15,27,0,2952,42,0.014227642276422764,https://data.wa.gov/Transportation/Vehicle-Title-Transactions-by-Department-of-Licens/cdk6-5kdf
Pierce,2017-02-01,2048,31,15,0,2094,46,0.021967526265520534,https://data.wa.gov/Transportation/Vehicle-Title-Transactions-by-Department-of-Licens/cdk6-5kdf
Pierce,2017-03-01,2707,9,15,0,2731,24,0.008787989747345295,https://data.wa.gov/Transportation/Vehicle-Title-Transactions-by-Department-of-Licens/cdk6-5kdf
Pierce,2017-04-01,2543,27,15,0,2585,42,0.016247582205029015,https://data.wa.gov/Transportation/Vehicle-Title-Transactions-by-Department-of-Licens/cdk6-5kdf
Pierce,2017-05-01,2516,9,15,0,2540,24,0.009448818897637795,https://data.wa.gov/Transportation/Vehicle-Title-Transactions-by-Department-of-Licens/cdk6-5kdf
Pierce,2017-06-01,2786,15,21,0,2822,36,0.012756909992912827,https://data.wa.gov/Transportation/Vehicle-Title-Transactions-by-Department-of-Licens/cdk6-5kdf
Pierce,2017-07-01,2638,22,11,0,2671,33,0.012354923249719206,https://data.wa.gov/Transportation/Vehicle-Title-Transactions-by-Department-of-Licens/cdk6-5kdf
Pierce,2017-08-01,2788,18,15,0,2821,33,0.011697979439914925,https://data.wa.gov/Transportation/Vehicle-Title-Transactions-by-Department-of-Licens/cdk6-5kdf
Pierce,2017-09-01,2651,16,18,0,2685,34,0.01266294227188082,https://data.wa.gov/Transportation/Vehicle-Title-Transactions-by-Department-of-Licens/cdk6-5kdf
Pierce,2017-10-01,2687,25,13,0,2725,38,0.013944954128440367,https://data.wa.gov/Transportation/Vehicle-Title-Transactions-by-Department-of-Licens/cdk6-5kdf
Pierce,2017-11-01,2542,12,17,0,2571,29,0.011279657720731234,https://data.wa.gov/Transportation/Vehicle-Title-Transactions-by-Department-of-Licens/cdk6-5kdf
Pierce,2017-12-01,2490,22,20,0,2532,42,0.016587677725118485,https://data.wa.gov/Transportation/Vehicle-Title-Transactions-by-Department-of-Licens/cdk6-5kdf
Pierce,2018-01-01,3084,22,31,0,3137,53,0.01689512272872171,https://data.wa.gov/Transportation/Vehicle-Title-Transactions-by-Department-of-Licens/cdk6-5kdf
Pierce,2018-02-01,2093,12,23,0,2128,35,0.01644736842105263,https://data.wa.gov/Transportation/Vehicle-Title-Transactions-by-Department-of-Licens/cdk6-5kdf
Pierce,2018-03-01,2620,22,26,0,2668,48,0.017991004497751123,https://data.wa.gov/Transportation/Vehicle-Title-Transactions-by-Department-of-Licens/cdk6-5kdf
Pierce,2018-04-01,2465,37,31,0,2533,68,0.026845637583892617,https://data.wa.gov/Transportation/Vehicle-Title-Transactions-by-Department-of-Licens/cdk6-5kdf
Pierce,2018-05-01,2533,31,37,0,2601,68,0.026143790849673203,https://data.wa.gov/Transportation/Vehicle-Title-Transactions-by-Department-of-Licens/cdk6-5kdf
Pierce,2018-06-01,2831,44,37,0,2912,81,0.027815934065934064,https://data.wa.gov/Transportation/Vehicle-Title-Transactions-by-Department-of-Licens/cdk6-5kdf
Pierce,2018-07-01,2549,25,18,0,2592,43,0.016589506172839507,https://data.wa.gov/Transportation/Vehicle-Title-Transactions-by-Department-of-Licens/cdk6-5kdf
Pierce,2018-08-01,2795,31,25,0,2851,56,0.019642230796211857,https://data.wa.gov/Transportation/Vehicle-Title-Transactions-by-Department-of-Licens/cdk6-5kdf
Pierce,2018-09-01,2493,25,22,0,2540,47,0.018503937007874015,https://data.wa.gov/Transportation/Vehicle-Title-Transactions-by-Department-of-Licens/cdk6-5kdf
Pierce,2018-10-01,2700,77,29,0,2806,106,0.037776193870277974,https://data.wa.gov/Transportation/Vehicle-Title-Transactions-by-Department-of-Licens/cdk6-5kdf
Pierce,2018-11-01,2318,60,26,0,2404,86,0.03577371048252912,https://data.wa.gov/Transportation/Vehicle-Title-Transactions-by-Department-of-Licens/cdk6-5kdf
Pierce,2018-12-01,2342,56,21,0,2419,77,0.031831335262505166,https://data.wa.gov/Transportation/Vehicle-Title-Transactions-by-Department-of-Licens/cdk6-5kdf
Pierce,2019-01-01,2869,56,33,0,2958,89,0.03008789722785666,https://data.wa.gov/Transportation/Vehicle-Title-Transactions-by-Department-of-Licens/cdk6-5kdf
Pierce,2019-02-01,1788,21,9,0,1818,30,0.0165016501650165,https://data.wa.gov/Transportation/Vehicle-Title-Transactions-by-Department-of-Licens/cdk6-5kdf
Pierce,2019-03-01,2262,21,10,0,2293,31,0.013519406890536415,https://data.wa.gov/Transportation/Vehicle-Title-Transactions-by-Department-of-Licens/cdk6-5kdf
Pierce,2019-04-01,2525,52,11,0,2588,63,0.024343122102009274,https://data.wa.gov/Transportation/Vehicle-Title-Transactions-by-Department-of-Licens/cdk6-5kdf
Pierce,2019-05-01,2442,55,22,0,2519,77,0.03056768558951965,https://data.wa.gov/Transportation/Vehicle-Title-Transactions-by-Department-of-Licens/cdk6-5kdf
Pierce,2019-06-01,2437,55,18,0,2510,73,0.02908366533864542,https://data.wa.gov/Transportation/Vehicle-Title-Transactions-by-Department-of-Licens/cdk6-5kdf
Pierce,2019-07-01,2542,62,13,0,2617,75,0.02865876958349255,https://data.wa.gov/Transportation/Vehicle-Title-Transactions-by-Department-of-Licens/cdk6-5kdf
Pierce,2019-08-01,2551,42,14,0,2607,56,0.021480629075565784,https://data.wa.gov/Transportation/Vehicle-Title-Transactions-by-Department-of-Licens/cdk6-5kdf
Pierce,2019-09-01,2432,33,9,0,2474,42,0.016976556184316895,https://data.wa.gov/Transportation/Vehicle-Title-Transactions-by-Department-of-Licens/cdk6-5kdf
Pierce,2019-10-01,2545,78,17,0,2640,95,0.03598484848484849,https://data.wa.gov/Transportation/Vehicle-Title-Transactions-by-Department-of-Licens/cdk6-5kdf
Pierce,2019-11-01,2181,22,9,0,2212,31,0.014014466546112115,https://data.wa.gov/Transportation/Vehicle-Title-Transactions-by-Department-of-Licens/cdk6-5kdf
Pierce,2019-12-01,2267,43,8,0,2318,51,0.02200172562553926,https://data.wa.gov/Transportation/Vehicle-Title-Transactions-by-Department-of-Licens/cdk6-5kdf
Pierce,2020-01-01,2834,90,16,0,2940,106,0.03605442176870748,https://data.wa.gov/Transportation/Vehicle-Title-Transactions-by-Department-of-Licens/cdk6-5kdf
Pierce,2020-02-01,1958,30,4,0,1992,34,0.01706827309236948,https://data.wa.gov/Transportation/Vehicle-Title-Transactions-by-Department-of-Licens/cdk6-5kdf
Pierce,2020-03-01,2096,54,11,0,2161,65,0.03007866728366497,https://data.wa.gov/Transportation/Vehicle-Title-Transactions-by-Department-of-Licens/cdk6-5kdf
Pierce,2020-04-01,843,41,6,0,890,47,0.052808988764044947,https://data.wa.gov/Transportation/Vehicle-Title-Transactions-by-Department-of-Licens/cdk6-5kdf
Pierce,2020-05-01,1156,11,3,0,1170,14,0.011965811965811967,https://data.wa.gov/Transportation/Vehicle-Title-Transactions-by-Department-of-Licens/cdk6-5kdf
Pierce,2020-06-01,2487,24,15,0,2526,39,0.015439429928741092,https://data.wa.gov/Transportation/Vehicle-Title-Transactions-by-Department-of-Licens/cdk6-5kdf
Pierce,2020-07-01,2473,84,10,0,2567,94,0.036618620958317104,https://data.wa.gov/Transportation/Vehicle-Title-Transactions-by-Department-of-Licens/cdk6-5kdf
Pierce,2020-08-01,2290,44,10,0,2344,54,0.02303754266211604,https://data.wa.gov/Transportation/Vehicle-Title-Transactions-by-Department-of-Licens/cdk6-5kdf
Pierce,2020-09-01,2436,48,12,0,2496,60,0.02403846153846154,https://data.wa.gov/Transportation/Vehicle-Title-Transactions-by-Department-of-Licens/cdk6-5kdf
Pierce,2020-10-01,2517,70,22,0,2609,92,0.035262552702184743,https://data.wa.gov/Transportation/Vehicle-Title-Transactions-by-Department-of-Licens/cdk6-5kdf
Pierce,2020-11-01,2016,83,17,0,2116,100,0.04725897920604915,https://data.wa.gov/Transportation/Vehicle-Title-Transactions-by-Department-of-Licens/cdk6-5kdf
Pierce,2020-12-01,2345,63,19,0,2427,82,0.03378656777915121,https://data.wa.gov/Transportation/Vehicle-Title-Transactions-by-Department-of-Licens/cdk6-5kdf
Pierce,2021-01-01,2608,112,13,0,2733,125,0.045737285034760336,https://data.wa.gov/Transportation/Vehicle-Title-Transactions-by-Department-of-Licens/cdk6-5kdf
Pierce,2021-02-01,2182,56,11,0,2249,67,0.029791018230324588,https://data.wa.gov/Transportation/Vehicle-Title-Transactions-by-Department-of-Licens/cdk6-5kdf
Pierce,2021-03-01,2461,73,24,0,2558,97,0.03792025019546521,https://data.wa.gov/Transportation/Vehicle-Title-Transactions-by-Department-of-Licens/cdk6-5kdf
Pierce,2021-04-01,2780,110,25,0,2915,135,0.04631217838765009,https://data.wa.gov/Transportation/Vehicle-Title-Transactions-by-Department-of-Licens/cdk6-5kdf
Pierce,2021-05-01,2674,93,30,0,2797,123,0.04397568823739721,https://data.wa.gov/Transportation/Vehicle-Title-Transactions-by-Department-of-Licens/cdk6-5kdf
Pierce,2021-06-01,2817,81,41,0,2939,122,0.04151071793126914,https://data.wa.gov/Transportation/Vehicle-Title-Transactions-by-Department-of-Licens/cdk6-5kdf
Pierce,2021-07-01,2294,156,26,1,2477,183,0.07387969317723052,https://data.wa.gov/Transportation/Vehicle-Title-Transactions-by-Department-of-Licens/cdk6-5kdf
Pierce,2021-08-01,2222,102,16,0,2340,118,0.05042735042735043,https://data.wa.gov/Transportation/Vehicle-Title-Transactions-by-Department-of-Licens/cdk6-5kdf
Pierce,2021-09-01,2131,107,23,0,2261,130,0.05749668288367979,https://data.wa.gov/Transportation/Vehicle-Title-Transactions-by-Department-of-Licens/cdk6-5kdf
Pierce,2021-10-01,1757,123,23,0,1903,146,0.0767209668943773,https://data.wa.gov/Transportation/Vehicle-Title-Transactions-by-Department-of-Licens/cdk6-5kdf
Pierce,2021-11-01,1665,111,28,0,1804,139,0.0770509977827051,https://data.wa.gov/Transportation/Vehicle-Title-Transactions-by-Department-of-Licens/cdk6-5kdf
Pierce,2021-12-01,1880,122,19,0,2021,141,0.06976744186046512,https://data.wa.gov/Transportation/Vehicle-Title-Transactions-by-Department-of-Licens/cdk6-5kdf
Pierce,2022-01-01,2109,128,17,0,2254,145,0.06433007985803017,https://data.wa.gov/Transportation/Vehicle-Title-Transactions-by-Department-of-Licens/cdk6-5kdf
Pierce,2022-02-01,2011,102,22,0,2135,124,0.05807962529274005,https://data.wa.gov/Transportation/Vehicle-Title-Transactions-by-Department-of-Licens/cdk6-5kdf
Pierce,2022-03-01,1967,109,40,0,2116,149,0.07041587901701324,https://data.wa.gov/Transportation/Vehicle-Title-Transactions-by-Department-of-Licens/cdk6-5kdf
Pierce,2022-04-01,2016,150,17,0,2183,167,0.07650022904260192,https://data.wa.gov/Transportation/Vehicle-Title-Transactions-by-Department-of-Licens/cdk6-5kdf
Pierce,2022-05-01,1983,103,28,0,2114,131,0.0619678334910123,https://data.wa.gov/Transportation/Vehicle-Title-Transactions-by-Department-of-Licens/cdk6-5kdf
Pierce,2022-06-01,2069,111,28,0,2208,139,0.06295289855072464,https://data.wa.gov/Transportation/Vehicle-Title-Transactions-by-Department-of-Licens/cdk6-5kdf
Pierce,2022-07-01,1768,168,18,0,1954,186,0.09518935516888434,https://data.wa.gov/Transportation/Vehicle-Title-Transactions-by-Department-of-Licens/cdk6-5kdf
Pierce,2022-08-01,2053,178,34,0,2265,212,0.09359823399558499,https://data.wa.gov/Transportation/Vehicle-Title-Transactions-by-Department-of-Licens/cdk6-5kdf
Pierce,2022-09-01,1897,118,32,0,2047,150,0.07327796775769418,https://data.wa.gov/Transportation/Vehicle-Title-Transactions-by-Department-of-Licens/cdk6-5kdf
Pierce,2022-10-01,1949,233,21,0,2203,254,0.11529732183386292,https://data.wa.gov/Transportation/Vehicle-Title-Transactions-by-Department-of-Licens/cdk6-5kdf
Pierce,2022-11-01,1747,227,37,0,2011,264,0.13127797115862755,https://data.wa.gov/Transportation/Vehicle-Title-Transactions-by-Department-of-Licens/cdk6-5kdf
Pierce,2022-12-01,1876,202,44,0,2122,246,0.11592836946277098,https://data.wa.gov/Transportation/Vehicle-Title-Transactions-by-Department-of-Licens/cdk6-5kdf
Pierce,2023-01-01,2077,218,51,0,2346,269,0.11466325660699062,https://data.wa.gov/Transportation/Vehicle-Title-Transactions-by-Department-of-Licens/cdk6-5kdf
Pierce,2023-02-01,1823,174,39,0,2036,213,0.10461689587426326,https://data.wa.gov/Transportation/Vehicle-Title-Transactions-by-Department-of-Licens/cdk6-5kdf
Pierce,2023-03-01,2234,258,44,0,2536,302,0.11908517350157728,https://data.wa.gov/Transportation/Vehicle-Title-Transactions-by-Department-of-Licens/cdk6-5kdf
Pierce,2023-04-01,2004,304,47,0,2355,351,0.14904458598726114,https://data.wa.gov/Transportation/Vehicle-Title-Transactions-by-Department-of-Licens/cdk6-5kdf
Pierce,2023-05-01,2200,295,50,0,2545,345,0.13555992141453832,https://data.wa.gov/Transportation/Vehicle-Title-Transactions-by-Department-of-Licens/cdk6-5kdf
Pierce,2023-06-01,2074,234,68,0,2376,302,0.1271043771043771,https://data.wa.gov/Transportation/Vehicle-Title-Transactions-by-Department-of-Licens/cdk6-5kdf
Pierce,2023-07-01,1950,254,56,0,2260,310,0.13716814159292035,https://data.wa.gov/Transportation/Vehicle-Title-Transactions-by-Department-of-Licens/cdk6-5kdf
Pierce,2023-08-01,2187,416,58,0,2661,474,0.17812852311161217,https://data.wa.gov/Transportation/Vehicle-Title-Transactions-by-Department-of-Licens/cdk6-5kdf
Pierce,2023-09-01,1974,282,53,0,2309,335,0.14508445214378518,https://data.wa.gov/Transportation/Vehicle-Title-Transactions-by-Department-of-Licens/cdk6-5kdf
Pierce,2023-10-01,2049,330,73,0,2452,403,0.16435562805872758,https://data.wa.gov/Transportation/Vehicle-Title-Transactions-by-Department-of-Licens/cdk6-5kdf
Pierce,2023-11-01,1954,256,63,0,2273,319,0.14034315882094148,https://data.wa.gov/Transportation/Vehicle-Title-Transactions-by-Department-of-Licens/cdk6-5kdf
Pierce,2023-12-01,1979,301,61,0,2341,362,0.1546347714651858,https://data.wa.gov/Transportation/Vehicle-Title-Transactions-by-Department-of-Licens/cdk6-5kdf
Pierce,2024-01-01,2304,340,66,0,2710,406,0.14981549815498155,https://data.wa.gov/Transportation/Vehicle-Title-Transactions-by-Department-of-Licens/cdk6-5kdf
Pierce,2024-02-01,1793,273,54,0,2120,327,0.15424528301886792,https://data.wa.gov/Transportation/Vehicle-Title-Transactions-by-Department-of-Licens/cdk6-5kdf
Pierce,2024-03-01,1784,206,55,0,2045,261,0.1276283618581907,https://data.wa.gov/Transportation/Vehicle-Title-Transactions-by-Department-of-Licens/cdk6-5kdf
Pierce,2024-04-01,1639,238,47,0,1924,285,0.14812889812889812,https://data.wa.gov/Transportation/Vehicle-Title-Transactions-by-Department-of-Licens/cdk6-5kdf
Pierce,2024-05-01,2258,241,57,0,2556,298,0.11658841940532082,https://data.wa.gov/Transportation/Vehicle-Title-Transactions-by-Department-of-Licens/cdk6-5kdf
Pierce,2024-06-01,1827,295,65,0,2187,360,0.1646090534979424,https://data.wa.gov/Transportation/Vehicle-Title-Transactions-by-Department-of-Licens/cdk6-5kdf
Pierce,2024-07-01,2303,466,97,0,2866,563,0.1964410327983252,https://data.wa.gov/Transportation/Vehicle-Title-Transactions-by-Department-of-Licens/cdk6-5kdf
Pierce,2024-08-01,1986,456,87,0,2529,543,0.2147093712930012,https://data.wa.gov/Transportation/Vehicle-Title-Transactions-by-Department-of-Licens/cdk6-5kdf
Pierce,2024-09-01,1689,485,48,0,2222,533,0.23987398739873989,https://data.wa.gov/Transportation/Vehicle-Title-Transactions-by-Department-of-Licens/cdk6-5kdf
Pierce,2024-10-01,1986,518,89,0,2593,607,0.23409178557655225,https://data.wa.gov/Transportation/Vehicle-Title-Transactions-by-Department-of-Licens/cdk6-5kdf
Pierce,2024-11-01,1590,365,53,0,2008,418,0.20816733067729085,https://data.wa.gov/Transportation/Vehicle-Title-Transactions-by-Department-of-Licens/cdk6-5kdf
Pierce,2024-12-01,1940,394,96,0,2430,490,0.20164609053497942,https://data.wa.gov/Transportation/Vehicle-Title-Transactions-by-Department-of-Licens/cdk6-5kdf
Pierce,2025-01-01,2339,473,97,0,2909,570,0.1959436232382262,https://data.wa.gov/Transportation/Vehicle-Title-Transactions-by-Department-of-Licens/cdk6-5kdf
Pierce,2025-02-01,1600,265,56,0,1921,321,0.16710046850598648,https://data.wa.gov/Transportation/Vehicle-Title-Transactions-by-Department-of-Licens/cdk6-5kdf
Pierce,2025-03-01,1824,310,113,0,2247,423,0.1882510013351135,https://data.wa.gov/Transportation/Vehicle-Title-Transactions-by-Department-of-Licens/cdk6-5kdf
Pierce,2025-04-01,2232,376,86,0,2694,462,0.1714922048997773,https://data.wa.gov/Transportation/Vehicle-Title-Transactions-by-Department-of-Licens/cdk6-5kdf
Pierce,2025-05-01,1890,285,60,0,2235,345,0.15436241610738255,https://data.wa.gov/Transportation/Vehicle-Title-Transactions-by-Department-of-Licens/cdk6-5kdf
Pierce,2025-06-01,1982,277,77,0,2336,354,0.15154109589041095,https://data.wa.gov/Transportation/Vehicle-Title-Transactions-by-Department-of-Licens/cdk6-5kdf
Pierce,2025-07-01,1976,406,74,0,2456,480,0.19543973941368079,https://data.wa.gov/Transportation/Vehicle-Title-Transactions-by-Department-of-Licens/cdk6-5kdf
Pierce,2025-08-01,1734,371,60,0,2165,431,0.19907621247113164,https://data.wa.gov/Transportation/Vehicle-Title-Transactions-by-Department-of-Licens/cdk6-5kdf
Pierce,2025-09-01,1851,357,89,0,2297,446,0.19416630387461906,https://data.wa.gov/Transportation/Vehicle-Title-Transactions-by-Department-of-Licens/cdk6-5kdf
Pierce,2025-10-01,1868,445,51,0,2364,496,0.2098138747884941,https://data.wa.gov/Transportation/Vehicle-Title-Transactions-by-Department-of-Licens/cdk6-5kdf
Pierce,2025-11-01,1463,192,25,0,1680,217,0.12916666666666668,https://data.wa.gov/Transportation/Vehicle-Title-Transactions-by-Department-of-Licens/cdk6-5kdf
Pierce,2025-12-01,1966,147,46,0,2159,193,0.08939323761000463,https://data.wa.gov/Transportation/Vehicle-Title-Transactions-by-Department-of-Licens/cdk6-5kdf
Pierce,2026-01-01,2101,228,55,0,2384,283,0.11870805369127517,https://data.wa.gov/Transportation/Vehicle-Title-Transactions-by-Department-of-Licens/cdk6-5kdf
Pierce,2026-02-01,1596,146,28,0,1770,174,0.09830508474576272,https://data.wa.gov/Transportation/Vehicle-Title-Transactions-by-Department-of-Licens/cdk6-5kdf
Pierce,2026-03-01,1830,242,37,0,2109,279,0.13229018492176386,https://data.wa.gov/Transportation/Vehicle-Title-Transactions-by-Department-of-Licens/cdk6-5kdf
Pierce,2026-04-01,1738,338,45,0,2121,383,0.18057520037718058,https://data.wa.gov/Transportation/Vehicle-Title-Transactions-by-Department-of-Licens/cdk6-5kdf
Pierce,2026-05-01,1839,296,59,0,2194,355,0.1618049225159526,https://data.wa.gov/Transportation/Vehicle-Title-Transactions-by-Department-of-Licens/cdk6-5kdf
Pierce,2026-06-01,1819,256,57,0,2132,313,0.14681050656660413,https://data.wa.gov/Transportation/Vehicle-Title-Transactions-by-Department-of-Licens/cdk6-5kdf
San Juan,2017-01-01,41,1,1,0,43,2,0.046511627906976744,https://data.wa.gov/Transportation/Vehicle-Title-Transactions-by-Department-of-Licens/cdk6-5kdf
San Juan,2017-02-01,29,2,1,0,32,3,0.09375,https://data.wa.gov/Transportation/Vehicle-Title-Transactions-by-Department-of-Licens/cdk6-5kdf
San Juan,2017-03-01,35,1,1,0,37,2,0.05405405405405406,https://data.wa.gov/Transportation/Vehicle-Title-Transactions-by-Department-of-Licens/cdk6-5kdf
San Juan,2017-04-01,46,3,1,0,50,4,0.08,https://data.wa.gov/Transportation/Vehicle-Title-Transactions-by-Department-of-Licens/cdk6-5kdf
San Juan,2017-05-01,35,4,1,0,40,5,0.125,https://data.wa.gov/Transportation/Vehicle-Title-Transactions-by-Department-of-Licens/cdk6-5kdf
San Juan,2017-06-01,46,1,0,0,47,1,0.02127659574468085,https://data.wa.gov/Transportation/Vehicle-Title-Transactions-by-Department-of-Licens/cdk6-5kdf
San Juan,2017-07-01,40,3,0,0,43,3,0.06976744186046512,https://data.wa.gov/Transportation/Vehicle-Title-Transactions-by-Department-of-Licens/cdk6-5kdf
San Juan,2017-08-01,41,0,0,0,41,0,0,https://data.wa.gov/Transportation/Vehicle-Title-Transactions-by-Department-of-Licens/cdk6-5kdf
San Juan,2017-09-01,39,3,3,0,45,6,0.13333333333333333,https://data.wa.gov/Transportation/Vehicle-Title-Transactions-by-Department-of-Licens/cdk6-5kdf
San Juan,2017-10-01,48,4,1,0,53,5,0.09433962264150944,https://data.wa.gov/Transportation/Vehicle-Title-Transactions-by-Department-of-Licens/cdk6-5kdf
San Juan,2017-11-01,50,1,1,0,52,2,0.038461538461538464,https://data.wa.gov/Transportation/Vehicle-Title-Transactions-by-Department-of-Licens/cdk6-5kdf
San Juan,2017-12-01,48,3,1,0,52,4,0.07692307692307693,https://data.wa.gov/Transportation/Vehicle-Title-Transactions-by-Department-of-Licens/cdk6-5kdf
San Juan,2018-01-01,51,3,1,0,55,4,0.07272727272727272,https://data.wa.gov/Transportation/Vehicle-Title-Transactions-by-Department-of-Licens/cdk6-5kdf
San Juan,2018-02-01,30,0,1,0,31,1,0.03225806451612903,https://data.wa.gov/Transportation/Vehicle-Title-Transactions-by-Department-of-Licens/cdk6-5kdf
San Juan,2018-03-01,39,0,2,0,41,2,0.04878048780487805,https://data.wa.gov/Transportation/Vehicle-Title-Transactions-by-Department-of-Licens/cdk6-5kdf
San Juan,2018-04-01,37,2,0,0,39,2,0.05128205128205128,https://data.wa.gov/Transportation/Vehicle-Title-Transactions-by-Department-of-Licens/cdk6-5kdf
San Juan,2018-05-01,43,0,1,0,44,1,0.022727272727272728,https://data.wa.gov/Transportation/Vehicle-Title-Transactions-by-Department-of-Licens/cdk6-5kdf
San Juan,2018-06-01,27,0,4,0,31,4,0.12903225806451613,https://data.wa.gov/Transportation/Vehicle-Title-Transactions-by-Department-of-Licens/cdk6-5kdf
San Juan,2018-07-01,34,1,0,0,35,1,0.02857142857142857,https://data.wa.gov/Transportation/Vehicle-Title-Transactions-by-Department-of-Licens/cdk6-5kdf
San Juan,2018-08-01,44,0,1,0,45,1,0.022222222222222223,https://data.wa.gov/Transportation/Vehicle-Title-Transactions-by-Department-of-Licens/cdk6-5kdf
San Juan,2018-09-01,32,5,1,0,38,6,0.15789473684210525,https://data.wa.gov/Transportation/Vehicle-Title-Transactions-by-Department-of-Licens/cdk6-5kdf
San Juan,2018-10-01,35,7,1,0,43,8,0.18604651162790697,https://data.wa.gov/Transportation/Vehicle-Title-Transactions-by-Department-of-Licens/cdk6-5kdf
San Juan,2018-11-01,28,4,0,0,32,4,0.125,https://data.wa.gov/Transportation/Vehicle-Title-Transactions-by-Department-of-Licens/cdk6-5kdf
San Juan,2018-12-01,31,7,2,0,40,9,0.225,https://data.wa.gov/Transportation/Vehicle-Title-Transactions-by-Department-of-Licens/cdk6-5kdf
San Juan,2019-01-01,37,4,0,0,41,4,0.0975609756097561,https://data.wa.gov/Transportation/Vehicle-Title-Transactions-by-Department-of-Licens/cdk6-5kdf
San Juan,2019-02-01,25,2,0,0,27,2,0.07407407407407407,https://data.wa.gov/Transportation/Vehicle-Title-Transactions-by-Department-of-Licens/cdk6-5kdf
San Juan,2019-03-01,28,0,0,0,28,0,0,https://data.wa.gov/Transportation/Vehicle-Title-Transactions-by-Department-of-Licens/cdk6-5kdf
San Juan,2019-04-01,43,3,1,0,47,4,0.0851063829787234,https://data.wa.gov/Transportation/Vehicle-Title-Transactions-by-Department-of-Licens/cdk6-5kdf
San Juan,2019-05-01,32,1,0,0,33,1,0.030303030303030304,https://data.wa.gov/Transportation/Vehicle-Title-Transactions-by-Department-of-Licens/cdk6-5kdf
San Juan,2019-06-01,30,2,1,0,33,3,0.09090909090909091,https://data.wa.gov/Transportation/Vehicle-Title-Transactions-by-Department-of-Licens/cdk6-5kdf
San Juan,2019-07-01,24,6,0,0,30,6,0.2,https://data.wa.gov/Transportation/Vehicle-Title-Transactions-by-Department-of-Licens/cdk6-5kdf
San Juan,2019-08-01,40,5,1,0,46,6,0.13043478260869565,https://data.wa.gov/Transportation/Vehicle-Title-Transactions-by-Department-of-Licens/cdk6-5kdf
San Juan,2019-09-01,40,2,2,0,44,4,0.09090909090909091,https://data.wa.gov/Transportation/Vehicle-Title-Transactions-by-Department-of-Licens/cdk6-5kdf
San Juan,2019-10-01,31,5,2,0,38,7,0.18421052631578946,https://data.wa.gov/Transportation/Vehicle-Title-Transactions-by-Department-of-Licens/cdk6-5kdf
San Juan,2019-11-01,22,3,1,0,26,4,0.15384615384615385,https://data.wa.gov/Transportation/Vehicle-Title-Transactions-by-Department-of-Licens/cdk6-5kdf
San Juan,2019-12-01,43,6,0,0,49,6,0.12244897959183673,https://data.wa.gov/Transportation/Vehicle-Title-Transactions-by-Department-of-Licens/cdk6-5kdf
San Juan,2020-01-01,40,7,1,0,48,8,0.16666666666666666,https://data.wa.gov/Transportation/Vehicle-Title-Transactions-by-Department-of-Licens/cdk6-5kdf
San Juan,2020-02-01,18,1,0,0,19,1,0.05263157894736842,https://data.wa.gov/Transportation/Vehicle-Title-Transactions-by-Department-of-Licens/cdk6-5kdf
San Juan,2020-03-01,37,5,0,0,42,5,0.11904761904761904,https://data.wa.gov/Transportation/Vehicle-Title-Transactions-by-Department-of-Licens/cdk6-5kdf
San Juan,2020-04-01,8,2,0,0,10,2,0.2,https://data.wa.gov/Transportation/Vehicle-Title-Transactions-by-Department-of-Licens/cdk6-5kdf
San Juan,2020-05-01,15,0,1,0,16,1,0.0625,https://data.wa.gov/Transportation/Vehicle-Title-Transactions-by-Department-of-Licens/cdk6-5kdf
San Juan,2020-06-01,21,1,1,0,23,2,0.08695652173913043,https://data.wa.gov/Transportation/Vehicle-Title-Transactions-by-Department-of-Licens/cdk6-5kdf
San Juan,2020-07-01,38,6,1,0,45,7,0.15555555555555556,https://data.wa.gov/Transportation/Vehicle-Title-Transactions-by-Department-of-Licens/cdk6-5kdf
San Juan,2020-08-01,28,4,4,0,36,8,0.2222222222222222,https://data.wa.gov/Transportation/Vehicle-Title-Transactions-by-Department-of-Licens/cdk6-5kdf
San Juan,2020-09-01,30,1,1,0,32,2,0.0625,https://data.wa.gov/Transportation/Vehicle-Title-Transactions-by-Department-of-Licens/cdk6-5kdf
San Juan,2020-10-01,38,0,1,0,39,1,0.02564102564102564,https://data.wa.gov/Transportation/Vehicle-Title-Transactions-by-Department-of-Licens/cdk6-5kdf
San Juan,2020-11-01,36,7,0,0,43,7,0.16279069767441862,https://data.wa.gov/Transportation/Vehicle-Title-Transactions-by-Department-of-Licens/cdk6-5kdf
San Juan,2020-12-01,44,4,2,0,50,6,0.12,https://data.wa.gov/Transportation/Vehicle-Title-Transactions-by-Department-of-Licens/cdk6-5kdf
San Juan,2021-01-01,37,3,1,0,41,4,0.0975609756097561,https://data.wa.gov/Transportation/Vehicle-Title-Transactions-by-Department-of-Licens/cdk6-5kdf
San Juan,2021-02-01,34,4,2,0,40,6,0.15,https://data.wa.gov/Transportation/Vehicle-Title-Transactions-by-Department-of-Licens/cdk6-5kdf
San Juan,2021-03-01,41,4,0,0,45,4,0.08888888888888889,https://data.wa.gov/Transportation/Vehicle-Title-Transactions-by-Department-of-Licens/cdk6-5kdf
San Juan,2021-04-01,49,2,2,0,53,4,0.07547169811320754,https://data.wa.gov/Transportation/Vehicle-Title-Transactions-by-Department-of-Licens/cdk6-5kdf
San Juan,2021-05-01,37,7,1,0,45,8,0.17777777777777778,https://data.wa.gov/Transportation/Vehicle-Title-Transactions-by-Department-of-Licens/cdk6-5kdf
San Juan,2021-06-01,44,4,1,0,49,5,0.10204081632653061,https://data.wa.gov/Transportation/Vehicle-Title-Transactions-by-Department-of-Licens/cdk6-5kdf
San Juan,2021-07-01,25,6,0,0,31,6,0.1935483870967742,https://data.wa.gov/Transportation/Vehicle-Title-Transactions-by-Department-of-Licens/cdk6-5kdf
San Juan,2021-08-01,29,5,1,0,35,6,0.17142857142857143,https://data.wa.gov/Transportation/Vehicle-Title-Transactions-by-Department-of-Licens/cdk6-5kdf
San Juan,2021-09-01,31,2,0,0,33,2,0.06060606060606061,https://data.wa.gov/Transportation/Vehicle-Title-Transactions-by-Department-of-Licens/cdk6-5kdf
San Juan,2021-10-01,32,1,1,0,34,2,0.058823529411764705,https://data.wa.gov/Transportation/Vehicle-Title-Transactions-by-Department-of-Licens/cdk6-5kdf
San Juan,2021-11-01,31,2,1,0,34,3,0.08823529411764706,https://data.wa.gov/Transportation/Vehicle-Title-Transactions-by-Department-of-Licens/cdk6-5kdf
San Juan,2021-12-01,31,3,0,0,34,3,0.08823529411764706,https://data.wa.gov/Transportation/Vehicle-Title-Transactions-by-Department-of-Licens/cdk6-5kdf
San Juan,2022-01-01,35,3,2,0,40,5,0.125,https://data.wa.gov/Transportation/Vehicle-Title-Transactions-by-Department-of-Licens/cdk6-5kdf
San Juan,2022-02-01,31,4,1,0,36,5,0.1388888888888889,https://data.wa.gov/Transportation/Vehicle-Title-Transactions-by-Department-of-Licens/cdk6-5kdf
San Juan,2022-03-01,18,3,0,0,21,3,0.14285714285714285,https://data.wa.gov/Transportation/Vehicle-Title-Transactions-by-Department-of-Licens/cdk6-5kdf
San Juan,2022-04-01,24,3,1,0,28,4,0.14285714285714285,https://data.wa.gov/Transportation/Vehicle-Title-Transactions-by-Department-of-Licens/cdk6-5kdf
San Juan,2022-05-01,24,2,1,0,27,3,0.1111111111111111,https://data.wa.gov/Transportation/Vehicle-Title-Transactions-by-Department-of-Licens/cdk6-5kdf
San Juan,2022-06-01,40,10,3,0,53,13,0.24528301886792453,https://data.wa.gov/Transportation/Vehicle-Title-Transactions-by-Department-of-Licens/cdk6-5kdf
San Juan,2022-07-01,28,11,2,0,41,13,0.3170731707317073,https://data.wa.gov/Transportation/Vehicle-Title-Transactions-by-Department-of-Licens/cdk6-5kdf
San Juan,2022-08-01,32,10,1,0,43,11,0.2558139534883721,https://data.wa.gov/Transportation/Vehicle-Title-Transactions-by-Department-of-Licens/cdk6-5kdf
San Juan,2022-09-01,29,7,1,0,37,8,0.21621621621621623,https://data.wa.gov/Transportation/Vehicle-Title-Transactions-by-Department-of-Licens/cdk6-5kdf
San Juan,2022-10-01,27,14,2,0,43,16,0.37209302325581395,https://data.wa.gov/Transportation/Vehicle-Title-Transactions-by-Department-of-Licens/cdk6-5kdf
San Juan,2022-11-01,21,10,2,0,33,12,0.36363636363636365,https://data.wa.gov/Transportation/Vehicle-Title-Transactions-by-Department-of-Licens/cdk6-5kdf
San Juan,2022-12-01,28,10,2,0,40,12,0.3,https://data.wa.gov/Transportation/Vehicle-Title-Transactions-by-Department-of-Licens/cdk6-5kdf
San Juan,2023-01-01,39,7,2,0,48,9,0.1875,https://data.wa.gov/Transportation/Vehicle-Title-Transactions-by-Department-of-Licens/cdk6-5kdf
San Juan,2023-02-01,22,8,1,0,31,9,0.2903225806451613,https://data.wa.gov/Transportation/Vehicle-Title-Transactions-by-Department-of-Licens/cdk6-5kdf
San Juan,2023-03-01,24,7,2,0,33,9,0.2727272727272727,https://data.wa.gov/Transportation/Vehicle-Title-Transactions-by-Department-of-Licens/cdk6-5kdf
San Juan,2023-04-01,29,9,1,0,39,10,0.2564102564102564,https://data.wa.gov/Transportation/Vehicle-Title-Transactions-by-Department-of-Licens/cdk6-5kdf
San Juan,2023-05-01,25,6,2,0,33,8,0.24242424242424243,https://data.wa.gov/Transportation/Vehicle-Title-Transactions-by-Department-of-Licens/cdk6-5kdf
San Juan,2023-06-01,20,6,2,0,28,8,0.2857142857142857,https://data.wa.gov/Transportation/Vehicle-Title-Transactions-by-Department-of-Licens/cdk6-5kdf
San Juan,2023-07-01,24,13,1,0,38,14,0.3684210526315789,https://data.wa.gov/Transportation/Vehicle-Title-Transactions-by-Department-of-Licens/cdk6-5kdf
San Juan,2023-08-01,30,9,0,0,39,9,0.23076923076923078,https://data.wa.gov/Transportation/Vehicle-Title-Transactions-by-Department-of-Licens/cdk6-5kdf
San Juan,2023-09-01,32,15,4,0,51,19,0.37254901960784315,https://data.wa.gov/Transportation/Vehicle-Title-Transactions-by-Department-of-Licens/cdk6-5kdf
San Juan,2023-10-01,31,4,3,0,38,7,0.18421052631578946,https://data.wa.gov/Transportation/Vehicle-Title-Transactions-by-Department-of-Licens/cdk6-5kdf
San Juan,2023-11-01,18,17,2,0,37,19,0.5135135135135135,https://data.wa.gov/Transportation/Vehicle-Title-Transactions-by-Department-of-Licens/cdk6-5kdf
San Juan,2023-12-01,28,10,3,0,41,13,0.3170731707317073,https://data.wa.gov/Transportation/Vehicle-Title-Transactions-by-Department-of-Licens/cdk6-5kdf
San Juan,2024-01-01,36,11,3,0,50,14,0.28,https://data.wa.gov/Transportation/Vehicle-Title-Transactions-by-Department-of-Licens/cdk6-5kdf
San Juan,2024-02-01,23,7,3,0,33,10,0.30303030303030304,https://data.wa.gov/Transportation/Vehicle-Title-Transactions-by-Department-of-Licens/cdk6-5kdf
San Juan,2024-03-01,31,7,1,0,39,8,0.20512820512820512,https://data.wa.gov/Transportation/Vehicle-Title-Transactions-by-Department-of-Licens/cdk6-5kdf
San Juan,2024-04-01,18,6,2,0,26,8,0.3076923076923077,https://data.wa.gov/Transportation/Vehicle-Title-Transactions-by-Department-of-Licens/cdk6-5kdf
San Juan,2024-05-01,26,9,2,0,37,11,0.2972972972972973,https://data.wa.gov/Transportation/Vehicle-Title-Transactions-by-Department-of-Licens/cdk6-5kdf
San Juan,2024-06-01,24,3,2,0,29,5,0.1724137931034483,https://data.wa.gov/Transportation/Vehicle-Title-Transactions-by-Department-of-Licens/cdk6-5kdf
San Juan,2024-07-01,33,13,4,0,50,17,0.34,https://data.wa.gov/Transportation/Vehicle-Title-Transactions-by-Department-of-Licens/cdk6-5kdf
San Juan,2024-08-01,26,14,8,0,48,22,0.4583333333333333,https://data.wa.gov/Transportation/Vehicle-Title-Transactions-by-Department-of-Licens/cdk6-5kdf
San Juan,2024-09-01,24,10,1,0,35,11,0.3142857142857143,https://data.wa.gov/Transportation/Vehicle-Title-Transactions-by-Department-of-Licens/cdk6-5kdf
San Juan,2024-10-01,26,12,3,0,41,15,0.36585365853658536,https://data.wa.gov/Transportation/Vehicle-Title-Transactions-by-Department-of-Licens/cdk6-5kdf
San Juan,2024-11-01,29,8,3,0,40,11,0.275,https://data.wa.gov/Transportation/Vehicle-Title-Transactions-by-Department-of-Licens/cdk6-5kdf
San Juan,2024-12-01,37,12,10,0,59,22,0.3728813559322034,https://data.wa.gov/Transportation/Vehicle-Title-Transactions-by-Department-of-Licens/cdk6-5kdf
San Juan,2025-01-01,37,11,6,0,54,17,0.3148148148148148,https://data.wa.gov/Transportation/Vehicle-Title-Transactions-by-Department-of-Licens/cdk6-5kdf
San Juan,2025-02-01,27,6,1,0,34,7,0.20588235294117646,https://data.wa.gov/Transportation/Vehicle-Title-Transactions-by-Department-of-Licens/cdk6-5kdf
San Juan,2025-03-01,35,10,1,0,46,11,0.2391304347826087,https://data.wa.gov/Transportation/Vehicle-Title-Transactions-by-Department-of-Licens/cdk6-5kdf
San Juan,2025-04-01,28,17,4,0,49,21,0.42857142857142855,https://data.wa.gov/Transportation/Vehicle-Title-Transactions-by-Department-of-Licens/cdk6-5kdf
San Juan,2025-05-01,24,10,4,0,38,14,0.3684210526315789,https://data.wa.gov/Transportation/Vehicle-Title-Transactions-by-Department-of-Licens/cdk6-5kdf
San Juan,2025-06-01,17,8,4,0,29,12,0.41379310344827586,https://data.wa.gov/Transportation/Vehicle-Title-Transactions-by-Department-of-Licens/cdk6-5kdf
San Juan,2025-07-01,22,12,0,0,34,12,0.35294117647058826,https://data.wa.gov/Transportation/Vehicle-Title-Transactions-by-Department-of-Licens/cdk6-5kdf
San Juan,2025-08-01,28,7,4,0,39,11,0.28205128205128205,https://data.wa.gov/Transportation/Vehicle-Title-Transactions-by-Department-of-Licens/cdk6-5kdf
San Juan,2025-09-01,25,9,1,0,35,10,0.2857142857142857,https://data.wa.gov/Transportation/Vehicle-Title-Transactions-by-Department-of-Licens/cdk6-5kdf
San Juan,2025-10-01,26,9,3,0,38,12,0.3157894736842105,https://data.wa.gov/Transportation/Vehicle-Title-Transactions-by-Department-of-Licens/cdk6-5kdf
San Juan,2025-11-01,20,8,1,0,29,9,0.3103448275862069,https://data.wa.gov/Transportation/Vehicle-Title-Transactions-by-Department-of-Licens/cdk6-5kdf
San Juan,2025-12-01,46,4,2,0,52,6,0.11538461538461539,https://data.wa.gov/Transportation/Vehicle-Title-Transactions-by-Department-of-Licens/cdk6-5kdf
San Juan,2026-01-01,34,10,3,0,47,13,0.2765957446808511,https://data.wa.gov/Transportation/Vehicle-Title-Transactions-by-Department-of-Licens/cdk6-5kdf
San Juan,2026-02-01,27,7,0,0,34,7,0.20588235294117646,https://data.wa.gov/Transportation/Vehicle-Title-Transactions-by-Department-of-Licens/cdk6-5kdf
San Juan,2026-03-01,19,6,0,0,25,6,0.24,https://data.wa.gov/Transportation/Vehicle-Title-Transactions-by-Department-of-Licens/cdk6-5kdf
San Juan,2026-04-01,21,7,2,0,30,9,0.3,https://data.wa.gov/Transportation/Vehicle-Title-Transactions-by-Department-of-Licens/cdk6-5kdf
San Juan,2026-05-01,22,9,2,0,33,11,0.3333333333333333,https://data.wa.gov/Transportation/Vehicle-Title-Transactions-by-Department-of-Licens/cdk6-5kdf
San Juan,2026-06-01,23,9,1,0,33,10,0.30303030303030304,https://data.wa.gov/Transportation/Vehicle-Title-Transactions-by-Department-of-Licens/cdk6-5kdf
Skagit,2017-01-01,386,3,3,0,392,6,0.015306122448979591,https://data.wa.gov/Transportation/Vehicle-Title-Transactions-by-Department-of-Licens/cdk6-5kdf
Skagit,2017-02-01,255,2,4,0,261,6,0.022988505747126436,https://data.wa.gov/Transportation/Vehicle-Title-Transactions-by-Department-of-Licens/cdk6-5kdf
Skagit,2017-03-01,340,3,4,0,347,7,0.020172910662824207,https://data.wa.gov/Transportation/Vehicle-Title-Transactions-by-Department-of-Licens/cdk6-5kdf
Skagit,2017-04-01,291,4,2,0,297,6,0.020202020202020204,https://data.wa.gov/Transportation/Vehicle-Title-Transactions-by-Department-of-Licens/cdk6-5kdf
Skagit,2017-05-01,293,2,2,0,297,4,0.013468013468013467,https://data.wa.gov/Transportation/Vehicle-Title-Transactions-by-Department-of-Licens/cdk6-5kdf
Skagit,2017-06-01,323,4,2,0,329,6,0.0182370820668693,https://data.wa.gov/Transportation/Vehicle-Title-Transactions-by-Department-of-Licens/cdk6-5kdf
Skagit,2017-07-01,319,4,0,0,323,4,0.01238390092879257,https://data.wa.gov/Transportation/Vehicle-Title-Transactions-by-Department-of-Licens/cdk6-5kdf
Skagit,2017-08-01,345,1,4,0,350,5,0.014285714285714285,https://data.wa.gov/Transportation/Vehicle-Title-Transactions-by-Department-of-Licens/cdk6-5kdf
Skagit,2017-09-01,293,1,2,0,296,3,0.010135135135135136,https://data.wa.gov/Transportation/Vehicle-Title-Transactions-by-Department-of-Licens/cdk6-5kdf
Skagit,2017-10-01,313,1,4,0,318,5,0.015723270440251572,https://data.wa.gov/Transportation/Vehicle-Title-Transactions-by-Department-of-Licens/cdk6-5kdf
Skagit,2017-11-01,299,5,3,0,307,8,0.026058631921824105,https://data.wa.gov/Transportation/Vehicle-Title-Transactions-by-Department-of-Licens/cdk6-5kdf
Skagit,2017-12-01,346,4,3,0,353,7,0.019830028328611898,https://data.wa.gov/Transportation/Vehicle-Title-Transactions-by-Department-of-Licens/cdk6-5kdf
Skagit,2018-01-01,391,2,3,0,396,5,0.012626262626262626,https://data.wa.gov/Transportation/Vehicle-Title-Transactions-by-Department-of-Licens/cdk6-5kdf
Skagit,2018-02-01,236,2,3,0,241,5,0.02074688796680498,https://data.wa.gov/Transportation/Vehicle-Title-Transactions-by-Department-of-Licens/cdk6-5kdf
Skagit,2018-03-01,319,2,6,0,327,8,0.024464831804281346,https://data.wa.gov/Transportation/Vehicle-Title-Transactions-by-Department-of-Licens/cdk6-5kdf
Skagit,2018-04-01,283,8,2,0,293,10,0.034129692832764506,https://data.wa.gov/Transportation/Vehicle-Title-Transactions-by-Department-of-Licens/cdk6-5kdf
Skagit,2018-05-01,352,12,4,0,368,16,0.043478260869565216,https://data.wa.gov/Transportation/Vehicle-Title-Transactions-by-Department-of-Licens/cdk6-5kdf
Skagit,2018-06-01,300,6,2,0,308,8,0.025974025974025976,https://data.wa.gov/Transportation/Vehicle-Title-Transactions-by-Department-of-Licens/cdk6-5kdf
Skagit,2018-07-01,318,6,5,0,329,11,0.03343465045592705,https://data.wa.gov/Transportation/Vehicle-Title-Transactions-by-Department-of-Licens/cdk6-5kdf
Skagit,2018-08-01,332,3,2,0,337,5,0.01483679525222552,https://data.wa.gov/Transportation/Vehicle-Title-Transactions-by-Department-of-Licens/cdk6-5kdf
Skagit,2018-09-01,324,4,3,0,331,7,0.021148036253776436,https://data.wa.gov/Transportation/Vehicle-Title-Transactions-by-Department-of-Licens/cdk6-5kdf
Skagit,2018-10-01,297,10,5,0,312,15,0.04807692307692308,https://data.wa.gov/Transportation/Vehicle-Title-Transactions-by-Department-of-Licens/cdk6-5kdf
Skagit,2018-11-01,317,7,3,0,327,10,0.03058103975535168,https://data.wa.gov/Transportation/Vehicle-Title-Transactions-by-Department-of-Licens/cdk6-5kdf
Skagit,2018-12-01,279,9,4,0,292,13,0.04452054794520548,https://data.wa.gov/Transportation/Vehicle-Title-Transactions-by-Department-of-Licens/cdk6-5kdf
Skagit,2019-01-01,355,10,2,0,367,12,0.0326975476839237,https://data.wa.gov/Transportation/Vehicle-Title-Transactions-by-Department-of-Licens/cdk6-5kdf
Skagit,2019-02-01,210,8,2,0,220,10,0.045454545454545456,https://data.wa.gov/Transportation/Vehicle-Title-Transactions-by-Department-of-Licens/cdk6-5kdf
Skagit,2019-03-01,302,3,1,0,306,4,0.013071895424836602,https://data.wa.gov/Transportation/Vehicle-Title-Transactions-by-Department-of-Licens/cdk6-5kdf
Skagit,2019-04-01,284,11,2,0,297,13,0.04377104377104377,https://data.wa.gov/Transportation/Vehicle-Title-Transactions-by-Department-of-Licens/cdk6-5kdf
Skagit,2019-05-01,309,3,2,0,314,5,0.01592356687898089,https://data.wa.gov/Transportation/Vehicle-Title-Transactions-by-Department-of-Licens/cdk6-5kdf
Skagit,2019-06-01,366,7,1,0,374,8,0.0213903743315508,https://data.wa.gov/Transportation/Vehicle-Title-Transactions-by-Department-of-Licens/cdk6-5kdf
Skagit,2019-07-01,314,4,3,0,321,7,0.021806853582554516,https://data.wa.gov/Transportation/Vehicle-Title-Transactions-by-Department-of-Licens/cdk6-5kdf
Skagit,2019-08-01,312,3,0,0,315,3,0.009523809523809525,https://data.wa.gov/Transportation/Vehicle-Title-Transactions-by-Department-of-Licens/cdk6-5kdf
Skagit,2019-09-01,330,6,1,0,337,7,0.020771513353115726,https://data.wa.gov/Transportation/Vehicle-Title-Transactions-by-Department-of-Licens/cdk6-5kdf
Skagit,2019-10-01,268,13,1,0,282,14,0.04964539007092199,https://data.wa.gov/Transportation/Vehicle-Title-Transactions-by-Department-of-Licens/cdk6-5kdf
Skagit,2019-11-01,264,7,0,0,271,7,0.025830258302583026,https://data.wa.gov/Transportation/Vehicle-Title-Transactions-by-Department-of-Licens/cdk6-5kdf
Skagit,2019-12-01,320,7,0,0,327,7,0.021406727828746176,https://data.wa.gov/Transportation/Vehicle-Title-Transactions-by-Department-of-Licens/cdk6-5kdf
Skagit,2020-01-01,298,11,0,0,309,11,0.03559870550161812,https://data.wa.gov/Transportation/Vehicle-Title-Transactions-by-Department-of-Licens/cdk6-5kdf
Skagit,2020-02-01,240,4,1,0,245,5,0.02040816326530612,https://data.wa.gov/Transportation/Vehicle-Title-Transactions-by-Department-of-Licens/cdk6-5kdf
Skagit,2020-03-01,262,11,1,0,274,12,0.043795620437956206,https://data.wa.gov/Transportation/Vehicle-Title-Transactions-by-Department-of-Licens/cdk6-5kdf
Skagit,2020-04-01,77,5,0,0,82,5,0.06097560975609756,https://data.wa.gov/Transportation/Vehicle-Title-Transactions-by-Department-of-Licens/cdk6-5kdf
Skagit,2020-05-01,136,1,1,0,138,2,0.014492753623188406,https://data.wa.gov/Transportation/Vehicle-Title-Transactions-by-Department-of-Licens/cdk6-5kdf
Skagit,2020-06-01,308,5,1,0,314,6,0.01910828025477707,https://data.wa.gov/Transportation/Vehicle-Title-Transactions-by-Department-of-Licens/cdk6-5kdf
Skagit,2020-07-01,328,12,0,0,340,12,0.03529411764705882,https://data.wa.gov/Transportation/Vehicle-Title-Transactions-by-Department-of-Licens/cdk6-5kdf
Skagit,2020-08-01,266,5,0,0,271,5,0.01845018450184502,https://data.wa.gov/Transportation/Vehicle-Title-Transactions-by-Department-of-Licens/cdk6-5kdf
Skagit,2020-09-01,345,9,3,0,357,12,0.03361344537815126,https://data.wa.gov/Transportation/Vehicle-Title-Transactions-by-Department-of-Licens/cdk6-5kdf
Skagit,2020-10-01,300,6,1,0,307,7,0.02280130293159609,https://data.wa.gov/Transportation/Vehicle-Title-Transactions-by-Department-of-Licens/cdk6-5kdf
Skagit,2020-11-01,239,13,2,0,254,15,0.05905511811023622,https://data.wa.gov/Transportation/Vehicle-Title-Transactions-by-Department-of-Licens/cdk6-5kdf
Skagit,2020-12-01,290,10,3,0,303,13,0.0429042904290429,https://data.wa.gov/Transportation/Vehicle-Title-Transactions-by-Department-of-Licens/cdk6-5kdf
Skagit,2021-01-01,337,15,2,0,354,17,0.0480225988700565,https://data.wa.gov/Transportation/Vehicle-Title-Transactions-by-Department-of-Licens/cdk6-5kdf
Skagit,2021-02-01,240,10,4,0,254,14,0.05511811023622047,https://data.wa.gov/Transportation/Vehicle-Title-Transactions-by-Department-of-Licens/cdk6-5kdf
Skagit,2021-03-01,327,9,6,0,342,15,0.043859649122807015,https://data.wa.gov/Transportation/Vehicle-Title-Transactions-by-Department-of-Licens/cdk6-5kdf
Skagit,2021-04-01,387,21,5,0,413,26,0.06295399515738499,https://data.wa.gov/Transportation/Vehicle-Title-Transactions-by-Department-of-Licens/cdk6-5kdf
Skagit,2021-05-01,317,16,0,0,333,16,0.04804804804804805,https://data.wa.gov/Transportation/Vehicle-Title-Transactions-by-Department-of-Licens/cdk6-5kdf
Skagit,2021-06-01,322,15,6,0,343,21,0.061224489795918366,https://data.wa.gov/Transportation/Vehicle-Title-Transactions-by-Department-of-Licens/cdk6-5kdf
Skagit,2021-07-01,313,18,6,0,337,24,0.0712166172106825,https://data.wa.gov/Transportation/Vehicle-Title-Transactions-by-Department-of-Licens/cdk6-5kdf
Skagit,2021-08-01,264,13,1,0,278,14,0.050359712230215826,https://data.wa.gov/Transportation/Vehicle-Title-Transactions-by-Department-of-Licens/cdk6-5kdf
Skagit,2021-09-01,258,14,3,0,275,17,0.06181818181818182,https://data.wa.gov/Transportation/Vehicle-Title-Transactions-by-Department-of-Licens/cdk6-5kdf
Skagit,2021-10-01,181,11,2,0,194,13,0.06701030927835051,https://data.wa.gov/Transportation/Vehicle-Title-Transactions-by-Department-of-Licens/cdk6-5kdf
Skagit,2021-11-01,197,15,4,0,216,19,0.08796296296296297,https://data.wa.gov/Transportation/Vehicle-Title-Transactions-by-Department-of-Licens/cdk6-5kdf
Skagit,2021-12-01,215,22,3,0,240,25,0.10416666666666667,https://data.wa.gov/Transportation/Vehicle-Title-Transactions-by-Department-of-Licens/cdk6-5kdf
Skagit,2022-01-01,233,11,2,0,246,13,0.052845528455284556,https://data.wa.gov/Transportation/Vehicle-Title-Transactions-by-Department-of-Licens/cdk6-5kdf
Skagit,2022-02-01,228,14,2,0,244,16,0.06557377049180328,https://data.wa.gov/Transportation/Vehicle-Title-Transactions-by-Department-of-Licens/cdk6-5kdf
Skagit,2022-03-01,286,14,7,0,307,21,0.06840390879478828,https://data.wa.gov/Transportation/Vehicle-Title-Transactions-by-Department-of-Licens/cdk6-5kdf
Skagit,2022-04-01,227,21,3,0,251,24,0.09561752988047809,https://data.wa.gov/Transportation/Vehicle-Title-Transactions-by-Department-of-Licens/cdk6-5kdf
Skagit,2022-05-01,209,15,2,0,226,17,0.0752212389380531,https://data.wa.gov/Transportation/Vehicle-Title-Transactions-by-Department-of-Licens/cdk6-5kdf
Skagit,2022-06-01,250,16,4,0,270,20,0.07407407407407407,https://data.wa.gov/Transportation/Vehicle-Title-Transactions-by-Department-of-Licens/cdk6-5kdf
Skagit,2022-07-01,188,32,5,0,225,37,0.16444444444444445,https://data.wa.gov/Transportation/Vehicle-Title-Transactions-by-Department-of-Licens/cdk6-5kdf
Skagit,2022-08-01,218,27,6,0,251,33,0.13147410358565736,https://data.wa.gov/Transportation/Vehicle-Title-Transactions-by-Department-of-Licens/cdk6-5kdf
Skagit,2022-09-01,215,14,1,0,230,15,0.06521739130434782,https://data.wa.gov/Transportation/Vehicle-Title-Transactions-by-Department-of-Licens/cdk6-5kdf
Skagit,2022-10-01,220,23,0,0,243,23,0.09465020576131687,https://data.wa.gov/Transportation/Vehicle-Title-Transactions-by-Department-of-Licens/cdk6-5kdf
Skagit,2022-11-01,191,25,2,0,218,27,0.12385321100917432,https://data.wa.gov/Transportation/Vehicle-Title-Transactions-by-Department-of-Licens/cdk6-5kdf
Skagit,2022-12-01,206,17,3,0,226,20,0.08849557522123894,https://data.wa.gov/Transportation/Vehicle-Title-Transactions-by-Department-of-Licens/cdk6-5kdf
Skagit,2023-01-01,215,28,8,0,251,36,0.14342629482071714,https://data.wa.gov/Transportation/Vehicle-Title-Transactions-by-Department-of-Licens/cdk6-5kdf
Skagit,2023-02-01,196,26,6,0,228,32,0.14035087719298245,https://data.wa.gov/Transportation/Vehicle-Title-Transactions-by-Department-of-Licens/cdk6-5kdf
Skagit,2023-03-01,238,39,5,0,282,44,0.15602836879432624,https://data.wa.gov/Transportation/Vehicle-Title-Transactions-by-Department-of-Licens/cdk6-5kdf
Skagit,2023-04-01,208,23,6,0,237,29,0.12236286919831224,https://data.wa.gov/Transportation/Vehicle-Title-Transactions-by-Department-of-Licens/cdk6-5kdf
Skagit,2023-05-01,246,20,9,0,275,29,0.10545454545454545,https://data.wa.gov/Transportation/Vehicle-Title-Transactions-by-Department-of-Licens/cdk6-5kdf
Skagit,2023-06-01,223,25,7,0,255,32,0.12549019607843137,https://data.wa.gov/Transportation/Vehicle-Title-Transactions-by-Department-of-Licens/cdk6-5kdf
Skagit,2023-07-01,236,36,5,0,277,41,0.148014440433213,https://data.wa.gov/Transportation/Vehicle-Title-Transactions-by-Department-of-Licens/cdk6-5kdf
Skagit,2023-08-01,249,45,10,0,304,55,0.18092105263157895,https://data.wa.gov/Transportation/Vehicle-Title-Transactions-by-Department-of-Licens/cdk6-5kdf
Skagit,2023-09-01,234,42,8,0,284,50,0.176056338028169,https://data.wa.gov/Transportation/Vehicle-Title-Transactions-by-Department-of-Licens/cdk6-5kdf
Skagit,2023-10-01,250,37,7,0,294,44,0.14965986394557823,https://data.wa.gov/Transportation/Vehicle-Title-Transactions-by-Department-of-Licens/cdk6-5kdf
Skagit,2023-11-01,245,28,12,0,285,40,0.14035087719298245,https://data.wa.gov/Transportation/Vehicle-Title-Transactions-by-Department-of-Licens/cdk6-5kdf
Skagit,2023-12-01,199,33,7,0,239,40,0.16736401673640167,https://data.wa.gov/Transportation/Vehicle-Title-Transactions-by-Department-of-Licens/cdk6-5kdf
Skagit,2024-01-01,269,32,10,0,311,42,0.13504823151125403,https://data.wa.gov/Transportation/Vehicle-Title-Transactions-by-Department-of-Licens/cdk6-5kdf
Skagit,2024-02-01,190,25,10,0,225,35,0.15555555555555556,https://data.wa.gov/Transportation/Vehicle-Title-Transactions-by-Department-of-Licens/cdk6-5kdf
Skagit,2024-03-01,251,24,11,0,286,35,0.12237762237762238,https://data.wa.gov/Transportation/Vehicle-Title-Transactions-by-Department-of-Licens/cdk6-5kdf
Skagit,2024-04-01,209,20,12,0,241,32,0.13278008298755187,https://data.wa.gov/Transportation/Vehicle-Title-Transactions-by-Department-of-Licens/cdk6-5kdf
Skagit,2024-05-01,286,30,6,0,322,36,0.11180124223602485,https://data.wa.gov/Transportation/Vehicle-Title-Transactions-by-Department-of-Licens/cdk6-5kdf
Skagit,2024-06-01,220,21,8,0,249,29,0.11646586345381527,https://data.wa.gov/Transportation/Vehicle-Title-Transactions-by-Department-of-Licens/cdk6-5kdf
Skagit,2024-07-01,278,38,14,0,330,52,0.15757575757575756,https://data.wa.gov/Transportation/Vehicle-Title-Transactions-by-Department-of-Licens/cdk6-5kdf
Skagit,2024-08-01,236,37,8,0,281,45,0.1601423487544484,https://data.wa.gov/Transportation/Vehicle-Title-Transactions-by-Department-of-Licens/cdk6-5kdf
Skagit,2024-09-01,226,52,9,0,287,61,0.21254355400696864,https://data.wa.gov/Transportation/Vehicle-Title-Transactions-by-Department-of-Licens/cdk6-5kdf
Skagit,2024-10-01,254,44,15,0,313,59,0.18849840255591055,https://data.wa.gov/Transportation/Vehicle-Title-Transactions-by-Department-of-Licens/cdk6-5kdf
Skagit,2024-11-01,212,30,10,0,252,40,0.15873015873015872,https://data.wa.gov/Transportation/Vehicle-Title-Transactions-by-Department-of-Licens/cdk6-5kdf
Skagit,2024-12-01,266,37,13,0,316,50,0.15822784810126583,https://data.wa.gov/Transportation/Vehicle-Title-Transactions-by-Department-of-Licens/cdk6-5kdf
Skagit,2025-01-01,298,47,16,0,361,63,0.1745152354570637,https://data.wa.gov/Transportation/Vehicle-Title-Transactions-by-Department-of-Licens/cdk6-5kdf
Skagit,2025-02-01,208,32,8,0,248,40,0.16129032258064516,https://data.wa.gov/Transportation/Vehicle-Title-Transactions-by-Department-of-Licens/cdk6-5kdf
Skagit,2025-03-01,276,18,9,0,303,27,0.0891089108910891,https://data.wa.gov/Transportation/Vehicle-Title-Transactions-by-Department-of-Licens/cdk6-5kdf
Skagit,2025-04-01,294,41,7,0,342,48,0.14035087719298245,https://data.wa.gov/Transportation/Vehicle-Title-Transactions-by-Department-of-Licens/cdk6-5kdf
Skagit,2025-05-01,258,33,9,0,300,42,0.14,https://data.wa.gov/Transportation/Vehicle-Title-Transactions-by-Department-of-Licens/cdk6-5kdf
Skagit,2025-06-01,250,32,8,0,290,40,0.13793103448275862,https://data.wa.gov/Transportation/Vehicle-Title-Transactions-by-Department-of-Licens/cdk6-5kdf
Skagit,2025-07-01,247,31,10,0,288,41,0.1423611111111111,https://data.wa.gov/Transportation/Vehicle-Title-Transactions-by-Department-of-Licens/cdk6-5kdf
Skagit,2025-08-01,278,40,7,0,325,47,0.14461538461538462,https://data.wa.gov/Transportation/Vehicle-Title-Transactions-by-Department-of-Licens/cdk6-5kdf
Skagit,2025-09-01,213,34,4,0,251,38,0.15139442231075698,https://data.wa.gov/Transportation/Vehicle-Title-Transactions-by-Department-of-Licens/cdk6-5kdf
Skagit,2025-10-01,233,35,6,0,274,41,0.14963503649635038,https://data.wa.gov/Transportation/Vehicle-Title-Transactions-by-Department-of-Licens/cdk6-5kdf
Skagit,2025-11-01,174,11,2,0,187,13,0.06951871657754011,https://data.wa.gov/Transportation/Vehicle-Title-Transactions-by-Department-of-Licens/cdk6-5kdf
Skagit,2025-12-01,240,12,6,0,258,18,0.06976744186046512,https://data.wa.gov/Transportation/Vehicle-Title-Transactions-by-Department-of-Licens/cdk6-5kdf
Skagit,2026-01-01,264,20,5,0,289,25,0.08650519031141868,https://data.wa.gov/Transportation/Vehicle-Title-Transactions-by-Department-of-Licens/cdk6-5kdf
Skagit,2026-02-01,214,13,1,0,228,14,0.06140350877192982,https://data.wa.gov/Transportation/Vehicle-Title-Transactions-by-Department-of-Licens/cdk6-5kdf
Skagit,2026-03-01,208,20,3,0,231,23,0.09956709956709957,https://data.wa.gov/Transportation/Vehicle-Title-Transactions-by-Department-of-Licens/cdk6-5kdf
Skagit,2026-04-01,263,24,8,0,295,32,0.10847457627118644,https://data.wa.gov/Transportation/Vehicle-Title-Transactions-by-Department-of-Licens/cdk6-5kdf
Skagit,2026-05-01,189,32,2,0,223,34,0.15246636771300448,https://data.wa.gov/Transportation/Vehicle-Title-Transactions-by-Department-of-Licens/cdk6-5kdf
Skagit,2026-06-01,261,24,6,0,291,30,0.10309278350515463,https://data.wa.gov/Transportation/Vehicle-Title-Transactions-by-Department-of-Licens/cdk6-5kdf
Skamania,2017-01-01,26,1,0,0,27,1,0.037037037037037035,https://data.wa.gov/Transportation/Vehicle-Title-Transactions-by-Department-of-Licens/cdk6-5kdf
Skamania,2017-02-01,20,0,0,0,20,0,0,https://data.wa.gov/Transportation/Vehicle-Title-Transactions-by-Department-of-Licens/cdk6-5kdf
Skamania,2017-03-01,36,1,0,0,37,1,0.02702702702702703,https://data.wa.gov/Transportation/Vehicle-Title-Transactions-by-Department-of-Licens/cdk6-5kdf
Skamania,2017-04-01,28,1,0,0,29,1,0.034482758620689655,https://data.wa.gov/Transportation/Vehicle-Title-Transactions-by-Department-of-Licens/cdk6-5kdf
Skamania,2017-05-01,29,0,0,0,29,0,0,https://data.wa.gov/Transportation/Vehicle-Title-Transactions-by-Department-of-Licens/cdk6-5kdf
Skamania,2017-06-01,37,0,0,0,37,0,0,https://data.wa.gov/Transportation/Vehicle-Title-Transactions-by-Department-of-Licens/cdk6-5kdf
Skamania,2017-07-01,22,0,0,0,22,0,0,https://data.wa.gov/Transportation/Vehicle-Title-Transactions-by-Department-of-Licens/cdk6-5kdf
Skamania,2017-08-01,29,0,0,0,29,0,0,https://data.wa.gov/Transportation/Vehicle-Title-Transactions-by-Department-of-Licens/cdk6-5kdf
Skamania,2017-09-01,26,0,0,0,26,0,0,https://data.wa.gov/Transportation/Vehicle-Title-Transactions-by-Department-of-Licens/cdk6-5kdf
Skamania,2017-10-01,37,0,0,0,37,0,0,https://data.wa.gov/Transportation/Vehicle-Title-Transactions-by-Department-of-Licens/cdk6-5kdf
Skamania,2017-11-01,33,0,0,0,33,0,0,https://data.wa.gov/Transportation/Vehicle-Title-Transactions-by-Department-of-Licens/cdk6-5kdf
Skamania,2017-12-01,32,0,0,0,32,0,0,https://data.wa.gov/Transportation/Vehicle-Title-Transactions-by-Department-of-Licens/cdk6-5kdf
Skamania,2018-01-01,28,0,1,0,29,1,0.034482758620689655,https://data.wa.gov/Transportation/Vehicle-Title-Transactions-by-Department-of-Licens/cdk6-5kdf
Skamania,2018-02-01,32,0,0,0,32,0,0,https://data.wa.gov/Transportation/Vehicle-Title-Transactions-by-Department-of-Licens/cdk6-5kdf
Skamania,2018-03-01,29,0,0,0,29,0,0,https://data.wa.gov/Transportation/Vehicle-Title-Transactions-by-Department-of-Licens/cdk6-5kdf
Skamania,2018-04-01,31,0,0,0,31,0,0,https://data.wa.gov/Transportation/Vehicle-Title-Transactions-by-Department-of-Licens/cdk6-5kdf
Skamania,2018-05-01,18,0,1,0,19,1,0.05263157894736842,https://data.wa.gov/Transportation/Vehicle-Title-Transactions-by-Department-of-Licens/cdk6-5kdf
Skamania,2018-06-01,19,0,0,0,19,0,0,https://data.wa.gov/Transportation/Vehicle-Title-Transactions-by-Department-of-Licens/cdk6-5kdf
Skamania,2018-07-01,23,1,0,0,24,1,0.041666666666666664,https://data.wa.gov/Transportation/Vehicle-Title-Transactions-by-Department-of-Licens/cdk6-5kdf
Skamania,2018-08-01,26,1,1,0,28,2,0.07142857142857142,https://data.wa.gov/Transportation/Vehicle-Title-Transactions-by-Department-of-Licens/cdk6-5kdf
Skamania,2018-09-01,20,1,0,0,21,1,0.047619047619047616,https://data.wa.gov/Transportation/Vehicle-Title-Transactions-by-Department-of-Licens/cdk6-5kdf
Skamania,2018-10-01,16,2,1,0,19,3,0.15789473684210525,https://data.wa.gov/Transportation/Vehicle-Title-Transactions-by-Department-of-Licens/cdk6-5kdf
Skamania,2018-11-01,19,0,2,0,21,2,0.09523809523809523,https://data.wa.gov/Transportation/Vehicle-Title-Transactions-by-Department-of-Licens/cdk6-5kdf
Skamania,2018-12-01,19,0,0,0,19,0,0,https://data.wa.gov/Transportation/Vehicle-Title-Transactions-by-Department-of-Licens/cdk6-5kdf
Skamania,2019-01-01,17,3,1,0,21,4,0.19047619047619047,https://data.wa.gov/Transportation/Vehicle-Title-Transactions-by-Department-of-Licens/cdk6-5kdf
Skamania,2019-02-01,19,2,0,0,21,2,0.09523809523809523,https://data.wa.gov/Transportation/Vehicle-Title-Transactions-by-Department-of-Licens/cdk6-5kdf
Skamania,2019-03-01,19,1,0,0,20,1,0.05,https://data.wa.gov/Transportation/Vehicle-Title-Transactions-by-Department-of-Licens/cdk6-5kdf
Skamania,2019-04-01,21,0,0,0,21,0,0,https://data.wa.gov/Transportation/Vehicle-Title-Transactions-by-Department-of-Licens/cdk6-5kdf
Skamania,2019-05-01,18,2,1,0,21,3,0.14285714285714285,https://data.wa.gov/Transportation/Vehicle-Title-Transactions-by-Department-of-Licens/cdk6-5kdf
Skamania,2019-06-01,36,0,1,0,37,1,0.02702702702702703,https://data.wa.gov/Transportation/Vehicle-Title-Transactions-by-Department-of-Licens/cdk6-5kdf
Skamania,2019-07-01,18,2,0,0,20,2,0.1,https://data.wa.gov/Transportation/Vehicle-Title-Transactions-by-Department-of-Licens/cdk6-5kdf
Skamania,2019-08-01,22,0,0,0,22,0,0,https://data.wa.gov/Transportation/Vehicle-Title-Transactions-by-Department-of-Licens/cdk6-5kdf
Skamania,2019-09-01,32,0,0,0,32,0,0,https://data.wa.gov/Transportation/Vehicle-Title-Transactions-by-Department-of-Licens/cdk6-5kdf
Skamania,2019-10-01,29,0,1,0,30,1,0.03333333333333333,https://data.wa.gov/Transportation/Vehicle-Title-Transactions-by-Department-of-Licens/cdk6-5kdf
Skamania,2019-11-01,20,1,0,0,21,1,0.047619047619047616,https://data.wa.gov/Transportation/Vehicle-Title-Transactions-by-Department-of-Licens/cdk6-5kdf
Skamania,2019-12-01,32,1,0,0,33,1,0.030303030303030304,https://data.wa.gov/Transportation/Vehicle-Title-Transactions-by-Department-of-Licens/cdk6-5kdf
Skamania,2020-01-01,38,2,0,0,40,2,0.05,https://data.wa.gov/Transportation/Vehicle-Title-Transactions-by-Department-of-Licens/cdk6-5kdf
Skamania,2020-02-01,18,0,0,0,18,0,0,https://data.wa.gov/Transportation/Vehicle-Title-Transactions-by-Department-of-Licens/cdk6-5kdf
Skamania,2020-03-01,18,2,0,0,20,2,0.1,https://data.wa.gov/Transportation/Vehicle-Title-Transactions-by-Department-of-Licens/cdk6-5kdf
Skamania,2020-04-01,8,0,0,0,8,0,0,https://data.wa.gov/Transportation/Vehicle-Title-Transactions-by-Department-of-Licens/cdk6-5kdf
Skamania,2020-05-01,13,0,0,0,13,0,0,https://data.wa.gov/Transportation/Vehicle-Title-Transactions-by-Department-of-Licens/cdk6-5kdf
Skamania,2020-06-01,22,0,1,0,23,1,0.043478260869565216,https://data.wa.gov/Transportation/Vehicle-Title-Transactions-by-Department-of-Licens/cdk6-5kdf
Skamania,2020-07-01,29,0,0,0,29,0,0,https://data.wa.gov/Transportation/Vehicle-Title-Transactions-by-Department-of-Licens/cdk6-5kdf
Skamania,2020-08-01,24,0,0,0,24,0,0,https://data.wa.gov/Transportation/Vehicle-Title-Transactions-by-Department-of-Licens/cdk6-5kdf
Skamania,2020-09-01,22,0,0,0,22,0,0,https://data.wa.gov/Transportation/Vehicle-Title-Transactions-by-Department-of-Licens/cdk6-5kdf
Skamania,2020-10-01,28,0,0,0,28,0,0,https://data.wa.gov/Transportation/Vehicle-Title-Transactions-by-Department-of-Licens/cdk6-5kdf
Skamania,2020-11-01,17,0,0,0,17,0,0,https://data.wa.gov/Transportation/Vehicle-Title-Transactions-by-Department-of-Licens/cdk6-5kdf
Skamania,2020-12-01,31,0,0,0,31,0,0,https://data.wa.gov/Transportation/Vehicle-Title-Transactions-by-Department-of-Licens/cdk6-5kdf
Skamania,2021-01-01,24,0,0,0,24,0,0,https://data.wa.gov/Transportation/Vehicle-Title-Transactions-by-Department-of-Licens/cdk6-5kdf
Skamania,2021-02-01,16,2,1,0,19,3,0.15789473684210525,https://data.wa.gov/Transportation/Vehicle-Title-Transactions-by-Department-of-Licens/cdk6-5kdf
Skamania,2021-03-01,28,1,0,0,29,1,0.034482758620689655,https://data.wa.gov/Transportation/Vehicle-Title-Transactions-by-Department-of-Licens/cdk6-5kdf
Skamania,2021-04-01,34,2,1,0,37,3,0.08108108108108109,https://data.wa.gov/Transportation/Vehicle-Title-Transactions-by-Department-of-Licens/cdk6-5kdf
Skamania,2021-05-01,24,1,0,0,25,1,0.04,https://data.wa.gov/Transportation/Vehicle-Title-Transactions-by-Department-of-Licens/cdk6-5kdf
Skamania,2021-06-01,31,1,2,0,34,3,0.08823529411764706,https://data.wa.gov/Transportation/Vehicle-Title-Transactions-by-Department-of-Licens/cdk6-5kdf
Skamania,2021-07-01,20,6,1,0,27,7,0.25925925925925924,https://data.wa.gov/Transportation/Vehicle-Title-Transactions-by-Department-of-Licens/cdk6-5kdf
Skamania,2021-08-01,24,0,2,0,26,2,0.07692307692307693,https://data.wa.gov/Transportation/Vehicle-Title-Transactions-by-Department-of-Licens/cdk6-5kdf
Skamania,2021-09-01,22,0,1,0,23,1,0.043478260869565216,https://data.wa.gov/Transportation/Vehicle-Title-Transactions-by-Department-of-Licens/cdk6-5kdf
Skamania,2021-10-01,11,4,1,0,16,5,0.3125,https://data.wa.gov/Transportation/Vehicle-Title-Transactions-by-Department-of-Licens/cdk6-5kdf
Skamania,2021-11-01,19,1,1,0,21,2,0.09523809523809523,https://data.wa.gov/Transportation/Vehicle-Title-Transactions-by-Department-of-Licens/cdk6-5kdf
Skamania,2021-12-01,22,3,2,0,27,5,0.18518518518518517,https://data.wa.gov/Transportation/Vehicle-Title-Transactions-by-Department-of-Licens/cdk6-5kdf
Skamania,2022-01-01,24,2,0,0,26,2,0.07692307692307693,https://data.wa.gov/Transportation/Vehicle-Title-Transactions-by-Department-of-Licens/cdk6-5kdf
Skamania,2022-02-01,28,1,1,0,30,2,0.06666666666666667,https://data.wa.gov/Transportation/Vehicle-Title-Transactions-by-Department-of-Licens/cdk6-5kdf
Skamania,2022-03-01,24,2,0,0,26,2,0.07692307692307693,https://data.wa.gov/Transportation/Vehicle-Title-Transactions-by-Department-of-Licens/cdk6-5kdf
Skamania,2022-04-01,20,1,0,0,21,1,0.047619047619047616,https://data.wa.gov/Transportation/Vehicle-Title-Transactions-by-Department-of-Licens/cdk6-5kdf
Skamania,2022-05-01,22,1,0,0,23,1,0.043478260869565216,https://data.wa.gov/Transportation/Vehicle-Title-Transactions-by-Department-of-Licens/cdk6-5kdf
Skamania,2022-06-01,21,4,1,0,26,5,0.19230769230769232,https://data.wa.gov/Transportation/Vehicle-Title-Transactions-by-Department-of-Licens/cdk6-5kdf
Skamania,2022-07-01,12,3,1,0,16,4,0.25,https://data.wa.gov/Transportation/Vehicle-Title-Transactions-by-Department-of-Licens/cdk6-5kdf
Skamania,2022-08-01,27,2,0,0,29,2,0.06896551724137931,https://data.wa.gov/Transportation/Vehicle-Title-Transactions-by-Department-of-Licens/cdk6-5kdf
Skamania,2022-09-01,26,1,0,0,27,1,0.037037037037037035,https://data.wa.gov/Transportation/Vehicle-Title-Transactions-by-Department-of-Licens/cdk6-5kdf
Skamania,2022-10-01,23,2,0,0,25,2,0.08,https://data.wa.gov/Transportation/Vehicle-Title-Transactions-by-Department-of-Licens/cdk6-5kdf
Skamania,2022-11-01,19,3,0,0,22,3,0.13636363636363635,https://data.wa.gov/Transportation/Vehicle-Title-Transactions-by-Department-of-Licens/cdk6-5kdf
Skamania,2022-12-01,16,1,0,0,17,1,0.058823529411764705,https://data.wa.gov/Transportation/Vehicle-Title-Transactions-by-Department-of-Licens/cdk6-5kdf
Skamania,2023-01-01,28,5,0,0,33,5,0.15151515151515152,https://data.wa.gov/Transportation/Vehicle-Title-Transactions-by-Department-of-Licens/cdk6-5kdf
Skamania,2023-02-01,20,1,0,0,21,1,0.047619047619047616,https://data.wa.gov/Transportation/Vehicle-Title-Transactions-by-Department-of-Licens/cdk6-5kdf
Skamania,2023-03-01,25,1,1,0,27,2,0.07407407407407407,https://data.wa.gov/Transportation/Vehicle-Title-Transactions-by-Department-of-Licens/cdk6-5kdf
Skamania,2023-04-01,16,5,0,0,21,5,0.23809523809523808,https://data.wa.gov/Transportation/Vehicle-Title-Transactions-by-Department-of-Licens/cdk6-5kdf
Skamania,2023-05-01,24,1,4,0,29,5,0.1724137931034483,https://data.wa.gov/Transportation/Vehicle-Title-Transactions-by-Department-of-Licens/cdk6-5kdf
Skamania,2023-06-01,20,2,4,0,26,6,0.23076923076923078,https://data.wa.gov/Transportation/Vehicle-Title-Transactions-by-Department-of-Licens/cdk6-5kdf
Skamania,2023-07-01,25,4,1,0,30,5,0.16666666666666666,https://data.wa.gov/Transportation/Vehicle-Title-Transactions-by-Department-of-Licens/cdk6-5kdf
Skamania,2023-08-01,24,3,0,0,27,3,0.1111111111111111,https://data.wa.gov/Transportation/Vehicle-Title-Transactions-by-Department-of-Licens/cdk6-5kdf
Skamania,2023-09-01,22,2,0,0,24,2,0.08333333333333333,https://data.wa.gov/Transportation/Vehicle-Title-Transactions-by-Department-of-Licens/cdk6-5kdf
Skamania,2023-10-01,23,6,1,0,30,7,0.23333333333333334,https://data.wa.gov/Transportation/Vehicle-Title-Transactions-by-Department-of-Licens/cdk6-5kdf
Skamania,2023-11-01,22,5,1,0,28,6,0.21428571428571427,https://data.wa.gov/Transportation/Vehicle-Title-Transactions-by-Department-of-Licens/cdk6-5kdf
Skamania,2023-12-01,25,6,1,0,32,7,0.21875,https://data.wa.gov/Transportation/Vehicle-Title-Transactions-by-Department-of-Licens/cdk6-5kdf
Skamania,2024-01-01,19,1,3,0,23,4,0.17391304347826086,https://data.wa.gov/Transportation/Vehicle-Title-Transactions-by-Department-of-Licens/cdk6-5kdf
Skamania,2024-02-01,16,1,1,0,18,2,0.1111111111111111,https://data.wa.gov/Transportation/Vehicle-Title-Transactions-by-Department-of-Licens/cdk6-5kdf
Skamania,2024-03-01,29,4,0,0,33,4,0.12121212121212122,https://data.wa.gov/Transportation/Vehicle-Title-Transactions-by-Department-of-Licens/cdk6-5kdf
Skamania,2024-04-01,15,2,0,0,17,2,0.11764705882352941,https://data.wa.gov/Transportation/Vehicle-Title-Transactions-by-Department-of-Licens/cdk6-5kdf
Skamania,2024-05-01,20,3,1,0,24,4,0.16666666666666666,https://data.wa.gov/Transportation/Vehicle-Title-Transactions-by-Department-of-Licens/cdk6-5kdf
Skamania,2024-06-01,20,5,1,0,26,6,0.23076923076923078,https://data.wa.gov/Transportation/Vehicle-Title-Transactions-by-Department-of-Licens/cdk6-5kdf
Skamania,2024-07-01,19,5,1,0,25,6,0.24,https://data.wa.gov/Transportation/Vehicle-Title-Transactions-by-Department-of-Licens/cdk6-5kdf
Skamania,2024-08-01,21,2,1,0,24,3,0.125,https://data.wa.gov/Transportation/Vehicle-Title-Transactions-by-Department-of-Licens/cdk6-5kdf
Skamania,2024-09-01,21,2,2,0,25,4,0.16,https://data.wa.gov/Transportation/Vehicle-Title-Transactions-by-Department-of-Licens/cdk6-5kdf
Skamania,2024-10-01,25,4,0,0,29,4,0.13793103448275862,https://data.wa.gov/Transportation/Vehicle-Title-Transactions-by-Department-of-Licens/cdk6-5kdf
Skamania,2024-11-01,21,2,0,0,23,2,0.08695652173913043,https://data.wa.gov/Transportation/Vehicle-Title-Transactions-by-Department-of-Licens/cdk6-5kdf
Skamania,2024-12-01,24,2,1,0,27,3,0.1111111111111111,https://data.wa.gov/Transportation/Vehicle-Title-Transactions-by-Department-of-Licens/cdk6-5kdf
Skamania,2025-01-01,21,2,3,0,26,5,0.19230769230769232,https://data.wa.gov/Transportation/Vehicle-Title-Transactions-by-Department-of-Licens/cdk6-5kdf
Skamania,2025-02-01,17,4,1,0,22,5,0.22727272727272727,https://data.wa.gov/Transportation/Vehicle-Title-Transactions-by-Department-of-Licens/cdk6-5kdf
Skamania,2025-03-01,35,3,0,0,38,3,0.07894736842105263,https://data.wa.gov/Transportation/Vehicle-Title-Transactions-by-Department-of-Licens/cdk6-5kdf
Skamania,2025-04-01,31,3,2,0,36,5,0.1388888888888889,https://data.wa.gov/Transportation/Vehicle-Title-Transactions-by-Department-of-Licens/cdk6-5kdf
Skamania,2025-05-01,21,2,1,0,24,3,0.125,https://data.wa.gov/Transportation/Vehicle-Title-Transactions-by-Department-of-Licens/cdk6-5kdf
Skamania,2025-06-01,17,4,1,0,22,5,0.22727272727272727,https://data.wa.gov/Transportation/Vehicle-Title-Transactions-by-Department-of-Licens/cdk6-5kdf
Skamania,2025-07-01,26,5,0,0,31,5,0.16129032258064516,https://data.wa.gov/Transportation/Vehicle-Title-Transactions-by-Department-of-Licens/cdk6-5kdf
Skamania,2025-08-01,28,7,0,0,35,7,0.2,https://data.wa.gov/Transportation/Vehicle-Title-Transactions-by-Department-of-Licens/cdk6-5kdf
Skamania,2025-09-01,17,4,2,0,23,6,0.2608695652173913,https://data.wa.gov/Transportation/Vehicle-Title-Transactions-by-Department-of-Licens/cdk6-5kdf
Skamania,2025-10-01,27,7,0,0,34,7,0.20588235294117646,https://data.wa.gov/Transportation/Vehicle-Title-Transactions-by-Department-of-Licens/cdk6-5kdf
Skamania,2025-11-01,17,0,0,0,17,0,0,https://data.wa.gov/Transportation/Vehicle-Title-Transactions-by-Department-of-Licens/cdk6-5kdf
Skamania,2025-12-01,26,1,1,0,28,2,0.07142857142857142,https://data.wa.gov/Transportation/Vehicle-Title-Transactions-by-Department-of-Licens/cdk6-5kdf
Skamania,2026-01-01,20,2,0,0,22,2,0.09090909090909091,https://data.wa.gov/Transportation/Vehicle-Title-Transactions-by-Department-of-Licens/cdk6-5kdf
Skamania,2026-02-01,12,0,0,0,12,0,0,https://data.wa.gov/Transportation/Vehicle-Title-Transactions-by-Department-of-Licens/cdk6-5kdf
Skamania,2026-03-01,24,2,0,0,26,2,0.07692307692307693,https://data.wa.gov/Transportation/Vehicle-Title-Transactions-by-Department-of-Licens/cdk6-5kdf
Skamania,2026-04-01,30,7,0,0,37,7,0.1891891891891892,https://data.wa.gov/Transportation/Vehicle-Title-Transactions-by-Department-of-Licens/cdk6-5kdf
Skamania,2026-05-01,16,8,0,0,24,8,0.3333333333333333,https://data.wa.gov/Transportation/Vehicle-Title-Transactions-by-Department-of-Licens/cdk6-5kdf
Skamania,2026-06-01,22,3,0,0,25,3,0.12,https://data.wa.gov/Transportation/Vehicle-Title-Transactions-by-Department-of-Licens/cdk6-5kdf
Snohomish,2017-01-01,2833,47,25,0,2905,72,0.024784853700516352,https://data.wa.gov/Transportation/Vehicle-Title-Transactions-by-Department-of-Licens/cdk6-5kdf
Snohomish,2017-02-01,1831,35,20,0,1886,55,0.02916224814422057,https://data.wa.gov/Transportation/Vehicle-Title-Transactions-by-Department-of-Licens/cdk6-5kdf
Snohomish,2017-03-01,2466,42,20,0,2528,62,0.0245253164556962,https://data.wa.gov/Transportation/Vehicle-Title-Transactions-by-Department-of-Licens/cdk6-5kdf
Snohomish,2017-04-01,2240,44,12,0,2296,56,0.024390243902439025,https://data.wa.gov/Transportation/Vehicle-Title-Transactions-by-Department-of-Licens/cdk6-5kdf
Snohomish,2017-05-01,2460,42,14,0,2516,56,0.022257551669316374,https://data.wa.gov/Transportation/Vehicle-Title-Transactions-by-Department-of-Licens/cdk6-5kdf
Snohomish,2017-06-01,2621,46,38,0,2705,84,0.031053604436229204,https://data.wa.gov/Transportation/Vehicle-Title-Transactions-by-Department-of-Licens/cdk6-5kdf
Snohomish,2017-07-01,2378,41,15,0,2434,56,0.023007395234182416,https://data.wa.gov/Transportation/Vehicle-Title-Transactions-by-Department-of-Licens/cdk6-5kdf
Snohomish,2017-08-01,2618,33,17,0,2668,50,0.018740629685157422,https://data.wa.gov/Transportation/Vehicle-Title-Transactions-by-Department-of-Licens/cdk6-5kdf
Snohomish,2017-09-01,2576,71,23,0,2670,94,0.03520599250936329,https://data.wa.gov/Transportation/Vehicle-Title-Transactions-by-Department-of-Licens/cdk6-5kdf
Snohomish,2017-10-01,2577,42,26,0,2645,68,0.02570888468809074,https://data.wa.gov/Transportation/Vehicle-Title-Transactions-by-Department-of-Licens/cdk6-5kdf
Snohomish,2017-11-01,2239,36,19,0,2294,55,0.023975588491717523,https://data.wa.gov/Transportation/Vehicle-Title-Transactions-by-Department-of-Licens/cdk6-5kdf
Snohomish,2017-12-01,2473,33,30,0,2536,63,0.024842271293375396,https://data.wa.gov/Transportation/Vehicle-Title-Transactions-by-Department-of-Licens/cdk6-5kdf
Snohomish,2018-01-01,2804,47,36,0,2887,83,0.028749567024593,https://data.wa.gov/Transportation/Vehicle-Title-Transactions-by-Department-of-Licens/cdk6-5kdf
Snohomish,2018-02-01,1846,17,21,0,1884,38,0.020169851380042462,https://data.wa.gov/Transportation/Vehicle-Title-Transactions-by-Department-of-Licens/cdk6-5kdf
Snohomish,2018-03-01,2255,43,30,0,2328,73,0.0313573883161512,https://data.wa.gov/Transportation/Vehicle-Title-Transactions-by-Department-of-Licens/cdk6-5kdf
Snohomish,2018-04-01,2214,60,21,0,2295,81,0.03529411764705882,https://data.wa.gov/Transportation/Vehicle-Title-Transactions-by-Department-of-Licens/cdk6-5kdf
Snohomish,2018-05-01,2521,100,27,0,2648,127,0.047960725075528704,https://data.wa.gov/Transportation/Vehicle-Title-Transactions-by-Department-of-Licens/cdk6-5kdf
Snohomish,2018-06-01,2657,79,30,0,2766,109,0.03940708604483008,https://data.wa.gov/Transportation/Vehicle-Title-Transactions-by-Department-of-Licens/cdk6-5kdf
Snohomish,2018-07-01,2340,57,27,0,2424,84,0.034653465346534656,https://data.wa.gov/Transportation/Vehicle-Title-Transactions-by-Department-of-Licens/cdk6-5kdf
Snohomish,2018-08-01,2509,58,23,0,2590,81,0.03127413127413128,https://data.wa.gov/Transportation/Vehicle-Title-Transactions-by-Department-of-Licens/cdk6-5kdf
Snohomish,2018-09-01,2428,61,25,0,2514,86,0.03420843277645187,https://data.wa.gov/Transportation/Vehicle-Title-Transactions-by-Department-of-Licens/cdk6-5kdf
Snohomish,2018-10-01,2562,121,32,0,2715,153,0.056353591160221,https://data.wa.gov/Transportation/Vehicle-Title-Transactions-by-Department-of-Licens/cdk6-5kdf
Snohomish,2018-11-01,2072,133,27,0,2232,160,0.07168458781362007,https://data.wa.gov/Transportation/Vehicle-Title-Transactions-by-Department-of-Licens/cdk6-5kdf
Snohomish,2018-12-01,2210,123,25,0,2358,148,0.06276505513146735,https://data.wa.gov/Transportation/Vehicle-Title-Transactions-by-Department-of-Licens/cdk6-5kdf
Snohomish,2019-01-01,2897,169,36,0,3102,205,0.06608639587362991,https://data.wa.gov/Transportation/Vehicle-Title-Transactions-by-Department-of-Licens/cdk6-5kdf
Snohomish,2019-02-01,1658,88,9,0,1755,97,0.05527065527065527,https://data.wa.gov/Transportation/Vehicle-Title-Transactions-by-Department-of-Licens/cdk6-5kdf
Snohomish,2019-03-01,1983,54,16,0,2053,70,0.034096444227959086,https://data.wa.gov/Transportation/Vehicle-Title-Transactions-by-Department-of-Licens/cdk6-5kdf
Snohomish,2019-04-01,2206,100,14,0,2320,114,0.04913793103448276,https://data.wa.gov/Transportation/Vehicle-Title-Transactions-by-Department-of-Licens/cdk6-5kdf
Snohomish,2019-05-01,2187,62,21,0,2270,83,0.03656387665198238,https://data.wa.gov/Transportation/Vehicle-Title-Transactions-by-Department-of-Licens/cdk6-5kdf
Snohomish,2019-06-01,2405,116,13,0,2534,129,0.05090765588003157,https://data.wa.gov/Transportation/Vehicle-Title-Transactions-by-Department-of-Licens/cdk6-5kdf
Snohomish,2019-07-01,2306,99,10,0,2415,109,0.045134575569358175,https://data.wa.gov/Transportation/Vehicle-Title-Transactions-by-Department-of-Licens/cdk6-5kdf
Snohomish,2019-08-01,2185,85,13,0,2283,98,0.04292597459483136,https://data.wa.gov/Transportation/Vehicle-Title-Transactions-by-Department-of-Licens/cdk6-5kdf
Snohomish,2019-09-01,2413,95,12,0,2520,107,0.04246031746031746,https://data.wa.gov/Transportation/Vehicle-Title-Transactions-by-Department-of-Licens/cdk6-5kdf
Snohomish,2019-10-01,2321,157,11,0,2489,168,0.06749698674166332,https://data.wa.gov/Transportation/Vehicle-Title-Transactions-by-Department-of-Licens/cdk6-5kdf
Snohomish,2019-11-01,1919,37,18,0,1974,55,0.027862208713272545,https://data.wa.gov/Transportation/Vehicle-Title-Transactions-by-Department-of-Licens/cdk6-5kdf
Snohomish,2019-12-01,2223,94,11,0,2328,105,0.045103092783505154,https://data.wa.gov/Transportation/Vehicle-Title-Transactions-by-Department-of-Licens/cdk6-5kdf
Snohomish,2020-01-01,2521,217,11,0,2749,228,0.08293925063659513,https://data.wa.gov/Transportation/Vehicle-Title-Transactions-by-Department-of-Licens/cdk6-5kdf
Snohomish,2020-02-01,1726,40,14,0,1780,54,0.030337078651685393,https://data.wa.gov/Transportation/Vehicle-Title-Transactions-by-Department-of-Licens/cdk6-5kdf
Snohomish,2020-03-01,1980,80,9,0,2069,89,0.0430159497341711,https://data.wa.gov/Transportation/Vehicle-Title-Transactions-by-Department-of-Licens/cdk6-5kdf
Snohomish,2020-04-01,734,55,2,0,791,57,0.07206068268015171,https://data.wa.gov/Transportation/Vehicle-Title-Transactions-by-Department-of-Licens/cdk6-5kdf
Snohomish,2020-05-01,884,17,5,0,906,22,0.024282560706401765,https://data.wa.gov/Transportation/Vehicle-Title-Transactions-by-Department-of-Licens/cdk6-5kdf
Snohomish,2020-06-01,2017,41,8,0,2066,49,0.02371732817037754,https://data.wa.gov/Transportation/Vehicle-Title-Transactions-by-Department-of-Licens/cdk6-5kdf
Snohomish,2020-07-01,2165,151,6,0,2322,157,0.06761412575366063,https://data.wa.gov/Transportation/Vehicle-Title-Transactions-by-Department-of-Licens/cdk6-5kdf
Snohomish,2020-08-01,1927,59,12,0,1998,71,0.03553553553553553,https://data.wa.gov/Transportation/Vehicle-Title-Transactions-by-Department-of-Licens/cdk6-5kdf
Snohomish,2020-09-01,2296,58,17,0,2371,75,0.03163222269084774,https://data.wa.gov/Transportation/Vehicle-Title-Transactions-by-Department-of-Licens/cdk6-5kdf
Snohomish,2020-10-01,2028,119,17,0,2164,136,0.06284658040665435,https://data.wa.gov/Transportation/Vehicle-Title-Transactions-by-Department-of-Licens/cdk6-5kdf
Snohomish,2020-11-01,1775,143,11,0,1929,154,0.07983411093831,https://data.wa.gov/Transportation/Vehicle-Title-Transactions-by-Department-of-Licens/cdk6-5kdf
Snohomish,2020-12-01,2276,95,22,0,2393,117,0.048892603426661095,https://data.wa.gov/Transportation/Vehicle-Title-Transactions-by-Department-of-Licens/cdk6-5kdf
Snohomish,2021-01-01,2173,158,23,0,2354,181,0.07689039932030586,https://data.wa.gov/Transportation/Vehicle-Title-Transactions-by-Department-of-Licens/cdk6-5kdf
Snohomish,2021-02-01,1828,92,15,0,1935,107,0.05529715762273902,https://data.wa.gov/Transportation/Vehicle-Title-Transactions-by-Department-of-Licens/cdk6-5kdf
Snohomish,2021-03-01,2137,115,18,0,2270,133,0.05859030837004405,https://data.wa.gov/Transportation/Vehicle-Title-Transactions-by-Department-of-Licens/cdk6-5kdf
Snohomish,2021-04-01,2479,204,33,0,2716,237,0.08726067746686303,https://data.wa.gov/Transportation/Vehicle-Title-Transactions-by-Department-of-Licens/cdk6-5kdf
Snohomish,2021-05-01,2459,157,34,0,2650,191,0.07207547169811321,https://data.wa.gov/Transportation/Vehicle-Title-Transactions-by-Department-of-Licens/cdk6-5kdf
Snohomish,2021-06-01,2402,131,30,0,2563,161,0.06281701131486539,https://data.wa.gov/Transportation/Vehicle-Title-Transactions-by-Department-of-Licens/cdk6-5kdf
Snohomish,2021-07-01,2049,231,31,0,2311,262,0.11337083513630462,https://data.wa.gov/Transportation/Vehicle-Title-Transactions-by-Department-of-Licens/cdk6-5kdf
Snohomish,2021-08-01,2138,188,19,0,2345,207,0.088272921108742,https://data.wa.gov/Transportation/Vehicle-Title-Transactions-by-Department-of-Licens/cdk6-5kdf
Snohomish,2021-09-01,1904,159,14,0,2077,173,0.08329321136254213,https://data.wa.gov/Transportation/Vehicle-Title-Transactions-by-Department-of-Licens/cdk6-5kdf
Snohomish,2021-10-01,1658,210,25,0,1893,235,0.12414157422081352,https://data.wa.gov/Transportation/Vehicle-Title-Transactions-by-Department-of-Licens/cdk6-5kdf
Snohomish,2021-11-01,1492,198,32,0,1722,230,0.13356562137049943,https://data.wa.gov/Transportation/Vehicle-Title-Transactions-by-Department-of-Licens/cdk6-5kdf
Snohomish,2021-12-01,1697,223,27,0,1947,250,0.12840267077555212,https://data.wa.gov/Transportation/Vehicle-Title-Transactions-by-Department-of-Licens/cdk6-5kdf
Snohomish,2022-01-01,1949,181,28,0,2158,209,0.096848934198331793,https://data.wa.gov/Transportation/Vehicle-Title-Transactions-by-Department-of-Licens/cdk6-5kdf
Snohomish,2022-02-01,1753,233,28,0,2014,261,0.12959285004965243,https://data.wa.gov/Transportation/Vehicle-Title-Transactions-by-Department-of-Licens/cdk6-5kdf
Snohomish,2022-03-01,2055,192,39,0,2286,231,0.1010498687664042,https://data.wa.gov/Transportation/Vehicle-Title-Transactions-by-Department-of-Licens/cdk6-5kdf
Snohomish,2022-04-01,1815,280,36,0,2131,316,0.14828718911309244,https://data.wa.gov/Transportation/Vehicle-Title-Transactions-by-Department-of-Licens/cdk6-5kdf
Snohomish,2022-05-01,1698,154,48,0,1900,202,0.10631578947368421,https://data.wa.gov/Transportation/Vehicle-Title-Transactions-by-Department-of-Licens/cdk6-5kdf
Snohomish,2022-06-01,1824,222,44,0,2090,266,0.12727272727272726,https://data.wa.gov/Transportation/Vehicle-Title-Transactions-by-Department-of-Licens/cdk6-5kdf
Snohomish,2022-07-01,1892,302,19,0,2213,321,0.14505196565747855,https://data.wa.gov/Transportation/Vehicle-Title-Transactions-by-Department-of-Licens/cdk6-5kdf
Snohomish,2022-08-01,1828,289,25,0,2142,314,0.1465919701213819,https://data.wa.gov/Transportation/Vehicle-Title-Transactions-by-Department-of-Licens/cdk6-5kdf
Snohomish,2022-09-01,1870,183,22,0,2075,205,0.09879518072289156,https://data.wa.gov/Transportation/Vehicle-Title-Transactions-by-Department-of-Licens/cdk6-5kdf
Snohomish,2022-10-01,1804,390,43,0,2237,433,0.1935628073312472,https://data.wa.gov/Transportation/Vehicle-Title-Transactions-by-Department-of-Licens/cdk6-5kdf
Snohomish,2022-11-01,1604,449,40,0,2093,489,0.2336359292881032,https://data.wa.gov/Transportation/Vehicle-Title-Transactions-by-Department-of-Licens/cdk6-5kdf
Snohomish,2022-12-01,1877,361,39,0,2277,400,0.1756697408871322,https://data.wa.gov/Transportation/Vehicle-Title-Transactions-by-Department-of-Licens/cdk6-5kdf
Snohomish,2023-01-01,1954,409,43,0,2406,452,0.18786367414796343,https://data.wa.gov/Transportation/Vehicle-Title-Transactions-by-Department-of-Licens/cdk6-5kdf
Snohomish,2023-02-01,1612,325,41,0,1978,366,0.18503538928210314,https://data.wa.gov/Transportation/Vehicle-Title-Transactions-by-Department-of-Licens/cdk6-5kdf
Snohomish,2023-03-01,2067,428,59,0,2554,487,0.19068128425998435,https://data.wa.gov/Transportation/Vehicle-Title-Transactions-by-Department-of-Licens/cdk6-5kdf
Snohomish,2023-04-01,1792,415,41,0,2248,456,0.20284697508896798,https://data.wa.gov/Transportation/Vehicle-Title-Transactions-by-Department-of-Licens/cdk6-5kdf
Snohomish,2023-05-01,1916,521,52,0,2489,573,0.2302129369224588,https://data.wa.gov/Transportation/Vehicle-Title-Transactions-by-Department-of-Licens/cdk6-5kdf
Snohomish,2023-06-01,1995,474,64,0,2533,538,0.21239636794315042,https://data.wa.gov/Transportation/Vehicle-Title-Transactions-by-Department-of-Licens/cdk6-5kdf
Snohomish,2023-07-01,1800,555,71,0,2426,626,0.258037922506183,https://data.wa.gov/Transportation/Vehicle-Title-Transactions-by-Department-of-Licens/cdk6-5kdf
Snohomish,2023-08-01,2070,752,69,0,2891,821,0.2839847803528191,https://data.wa.gov/Transportation/Vehicle-Title-Transactions-by-Department-of-Licens/cdk6-5kdf
Snohomish,2023-09-01,1784,459,76,0,2319,535,0.23070288917636914,https://data.wa.gov/Transportation/Vehicle-Title-Transactions-by-Department-of-Licens/cdk6-5kdf
Snohomish,2023-10-01,1879,597,68,0,2544,665,0.2613993710691824,https://data.wa.gov/Transportation/Vehicle-Title-Transactions-by-Department-of-Licens/cdk6-5kdf
Snohomish,2023-11-01,1788,434,97,0,2319,531,0.22897800776196636,https://data.wa.gov/Transportation/Vehicle-Title-Transactions-by-Department-of-Licens/cdk6-5kdf
Snohomish,2023-12-01,1785,538,64,0,2387,602,0.25219941348973607,https://data.wa.gov/Transportation/Vehicle-Title-Transactions-by-Department-of-Licens/cdk6-5kdf
Snohomish,2024-01-01,2015,617,80,0,2712,697,0.25700589970501475,https://data.wa.gov/Transportation/Vehicle-Title-Transactions-by-Department-of-Licens/cdk6-5kdf
Snohomish,2024-02-01,1650,469,76,0,2195,545,0.24829157175398633,https://data.wa.gov/Transportation/Vehicle-Title-Transactions-by-Department-of-Licens/cdk6-5kdf
Snohomish,2024-03-01,1621,329,57,0,2007,386,0.19232685600398605,https://data.wa.gov/Transportation/Vehicle-Title-Transactions-by-Department-of-Licens/cdk6-5kdf
Snohomish,2024-04-01,1429,360,58,0,1847,418,0.22631293990254467,https://data.wa.gov/Transportation/Vehicle-Title-Transactions-by-Department-of-Licens/cdk6-5kdf
Snohomish,2024-05-01,2118,420,62,0,2600,482,0.1853846153846154,https://data.wa.gov/Transportation/Vehicle-Title-Transactions-by-Department-of-Licens/cdk6-5kdf
Snohomish,2024-06-01,1633,413,75,0,2121,488,0.23008015087223008,https://data.wa.gov/Transportation/Vehicle-Title-Transactions-by-Department-of-Licens/cdk6-5kdf
Snohomish,2024-07-01,2150,722,103,0,2975,825,0.2773109243697479,https://data.wa.gov/Transportation/Vehicle-Title-Transactions-by-Department-of-Licens/cdk6-5kdf
Snohomish,2024-08-01,1828,662,66,0,2556,728,0.28482003129890454,https://data.wa.gov/Transportation/Vehicle-Title-Transactions-by-Department-of-Licens/cdk6-5kdf
Snohomish,2024-09-01,1598,705,65,0,2368,770,0.3251689189189189,https://data.wa.gov/Transportation/Vehicle-Title-Transactions-by-Department-of-Licens/cdk6-5kdf
Snohomish,2024-10-01,1975,608,68,0,2651,676,0.25499811391927574,https://data.wa.gov/Transportation/Vehicle-Title-Transactions-by-Department-of-Licens/cdk6-5kdf
Snohomish,2024-11-01,1576,438,63,0,2077,501,0.24121328839672604,https://data.wa.gov/Transportation/Vehicle-Title-Transactions-by-Department-of-Licens/cdk6-5kdf
Snohomish,2024-12-01,1886,537,89,0,2512,626,0.24920382165605096,https://data.wa.gov/Transportation/Vehicle-Title-Transactions-by-Department-of-Licens/cdk6-5kdf
Snohomish,2025-01-01,2217,761,99,0,3077,860,0.27949301267468313,https://data.wa.gov/Transportation/Vehicle-Title-Transactions-by-Department-of-Licens/cdk6-5kdf
Snohomish,2025-02-01,1534,408,70,0,2012,478,0.23757455268389663,https://data.wa.gov/Transportation/Vehicle-Title-Transactions-by-Department-of-Licens/cdk6-5kdf
Snohomish,2025-03-01,1785,454,62,1,2302,517,0.22458731537793222,https://data.wa.gov/Transportation/Vehicle-Title-Transactions-by-Department-of-Licens/cdk6-5kdf
Snohomish,2025-04-01,1961,532,79,0,2572,611,0.2375583203732504,https://data.wa.gov/Transportation/Vehicle-Title-Transactions-by-Department-of-Licens/cdk6-5kdf
Snohomish,2025-05-01,1936,374,57,0,2367,431,0.18208702999577525,https://data.wa.gov/Transportation/Vehicle-Title-Transactions-by-Department-of-Licens/cdk6-5kdf
Snohomish,2025-06-01,1778,427,45,0,2250,472,0.20977777777777779,https://data.wa.gov/Transportation/Vehicle-Title-Transactions-by-Department-of-Licens/cdk6-5kdf
Snohomish,2025-07-01,1899,596,61,0,2556,657,0.25704225352112675,https://data.wa.gov/Transportation/Vehicle-Title-Transactions-by-Department-of-Licens/cdk6-5kdf
Snohomish,2025-08-01,1569,548,90,0,2207,638,0.2890801993656547,https://data.wa.gov/Transportation/Vehicle-Title-Transactions-by-Department-of-Licens/cdk6-5kdf
Snohomish,2025-09-01,1637,485,87,0,2209,572,0.2589406971480308,https://data.wa.gov/Transportation/Vehicle-Title-Transactions-by-Department-of-Licens/cdk6-5kdf
Snohomish,2025-10-01,1706,691,63,0,2460,754,0.3065040650406504,https://data.wa.gov/Transportation/Vehicle-Title-Transactions-by-Department-of-Licens/cdk6-5kdf
Snohomish,2025-11-01,1359,335,24,0,1718,359,0.2089639115250291,https://data.wa.gov/Transportation/Vehicle-Title-Transactions-by-Department-of-Licens/cdk6-5kdf
Snohomish,2025-12-01,1824,206,39,0,2069,245,0.11841469308844853,https://data.wa.gov/Transportation/Vehicle-Title-Transactions-by-Department-of-Licens/cdk6-5kdf
Snohomish,2026-01-01,1879,421,39,0,2339,460,0.19666524155622062,https://data.wa.gov/Transportation/Vehicle-Title-Transactions-by-Department-of-Licens/cdk6-5kdf
Snohomish,2026-02-01,1443,254,17,0,1714,271,0.15810968494749125,https://data.wa.gov/Transportation/Vehicle-Title-Transactions-by-Department-of-Licens/cdk6-5kdf
Snohomish,2026-03-01,1536,337,39,0,1912,376,0.19665271966527198,https://data.wa.gov/Transportation/Vehicle-Title-Transactions-by-Department-of-Licens/cdk6-5kdf
Snohomish,2026-04-01,1755,441,38,0,2234,479,0.2144136078782453,https://data.wa.gov/Transportation/Vehicle-Title-Transactions-by-Department-of-Licens/cdk6-5kdf
Snohomish,2026-05-01,1505,441,57,0,2003,498,0.24862705941088367,https://data.wa.gov/Transportation/Vehicle-Title-Transactions-by-Department-of-Licens/cdk6-5kdf
Snohomish,2026-06-01,1805,402,57,0,2264,459,0.20273851590106007,https://data.wa.gov/Transportation/Vehicle-Title-Transactions-by-Department-of-Licens/cdk6-5kdf
Spokane,2017-01-01,1378,1,4,0,1383,5,0.0036153289949385392,https://data.wa.gov/Transportation/Vehicle-Title-Transactions-by-Department-of-Licens/cdk6-5kdf
Spokane,2017-02-01,1183,6,1,0,1190,7,0.0058823529411764705,https://data.wa.gov/Transportation/Vehicle-Title-Transactions-by-Department-of-Licens/cdk6-5kdf
Spokane,2017-03-01,1513,2,3,0,1518,5,0.0032938076416337285,https://data.wa.gov/Transportation/Vehicle-Title-Transactions-by-Department-of-Licens/cdk6-5kdf
Spokane,2017-04-01,1512,3,5,0,1520,8,0.005263157894736842,https://data.wa.gov/Transportation/Vehicle-Title-Transactions-by-Department-of-Licens/cdk6-5kdf
Spokane,2017-05-01,1705,3,2,0,1710,5,0.0029239766081871343,https://data.wa.gov/Transportation/Vehicle-Title-Transactions-by-Department-of-Licens/cdk6-5kdf
Spokane,2017-06-01,1729,4,5,0,1738,9,0.005178365937859608,https://data.wa.gov/Transportation/Vehicle-Title-Transactions-by-Department-of-Licens/cdk6-5kdf
Spokane,2017-07-01,1280,8,2,0,1290,10,0.007751937984496124,https://data.wa.gov/Transportation/Vehicle-Title-Transactions-by-Department-of-Licens/cdk6-5kdf
Spokane,2017-08-01,1449,8,5,0,1462,13,0.008891928864569083,https://data.wa.gov/Transportation/Vehicle-Title-Transactions-by-Department-of-Licens/cdk6-5kdf
Spokane,2017-09-01,1426,3,2,0,1431,5,0.0034940600978336828,https://data.wa.gov/Transportation/Vehicle-Title-Transactions-by-Department-of-Licens/cdk6-5kdf
Spokane,2017-10-01,1300,7,10,0,1317,17,0.012908124525436599,https://data.wa.gov/Transportation/Vehicle-Title-Transactions-by-Department-of-Licens/cdk6-5kdf
Spokane,2017-11-01,1315,3,2,0,1320,5,0.003787878787878788,https://data.wa.gov/Transportation/Vehicle-Title-Transactions-by-Department-of-Licens/cdk6-5kdf
Spokane,2017-12-01,1407,4,3,0,1414,7,0.0049504950495049506,https://data.wa.gov/Transportation/Vehicle-Title-Transactions-by-Department-of-Licens/cdk6-5kdf
Spokane,2018-01-01,1453,6,6,0,1465,12,0.008191126279863481,https://data.wa.gov/Transportation/Vehicle-Title-Transactions-by-Department-of-Licens/cdk6-5kdf
Spokane,2018-02-01,1167,1,1,0,1169,2,0.001710863986313088,https://data.wa.gov/Transportation/Vehicle-Title-Transactions-by-Department-of-Licens/cdk6-5kdf
Spokane,2018-03-01,1547,2,4,0,1553,6,0.0038634900193174502,https://data.wa.gov/Transportation/Vehicle-Title-Transactions-by-Department-of-Licens/cdk6-5kdf
Spokane,2018-04-01,1429,8,9,0,1446,17,0.011756569847856155,https://data.wa.gov/Transportation/Vehicle-Title-Transactions-by-Department-of-Licens/cdk6-5kdf
Spokane,2018-05-01,1621,4,8,0,1633,12,0.007348438456827924,https://data.wa.gov/Transportation/Vehicle-Title-Transactions-by-Department-of-Licens/cdk6-5kdf
Spokane,2018-06-01,1647,15,12,0,1674,27,0.016129032258064516,https://data.wa.gov/Transportation/Vehicle-Title-Transactions-by-Department-of-Licens/cdk6-5kdf
Spokane,2018-07-01,1279,7,2,0,1288,9,0.006987577639751553,https://data.wa.gov/Transportation/Vehicle-Title-Transactions-by-Department-of-Licens/cdk6-5kdf
Spokane,2018-08-01,1323,7,6,0,1336,13,0.009730538922155689,https://data.wa.gov/Transportation/Vehicle-Title-Transactions-by-Department-of-Licens/cdk6-5kdf
Spokane,2018-09-01,1187,4,10,0,1201,14,0.011656952539550375,https://data.wa.gov/Transportation/Vehicle-Title-Transactions-by-Department-of-Licens/cdk6-5kdf
Spokane,2018-10-01,1346,19,6,0,1371,25,0.01823486506199854,https://data.wa.gov/Transportation/Vehicle-Title-Transactions-by-Department-of-Licens/cdk6-5kdf
Spokane,2018-11-01,1207,26,5,0,1238,31,0.025040387722132473,https://data.wa.gov/Transportation/Vehicle-Title-Transactions-by-Department-of-Licens/cdk6-5kdf
Spokane,2018-12-01,1209,26,10,0,1245,36,0.02891566265060241,https://data.wa.gov/Transportation/Vehicle-Title-Transactions-by-Department-of-Licens/cdk6-5kdf
Spokane,2019-01-01,1482,28,5,0,1515,33,0.02178217821782178,https://data.wa.gov/Transportation/Vehicle-Title-Transactions-by-Department-of-Licens/cdk6-5kdf
Spokane,2019-02-01,1009,4,1,0,1014,5,0.004930966469428008,https://data.wa.gov/Transportation/Vehicle-Title-Transactions-by-Department-of-Licens/cdk6-5kdf
Spokane,2019-03-01,1442,6,2,0,1450,8,0.005517241379310344,https://data.wa.gov/Transportation/Vehicle-Title-Transactions-by-Department-of-Licens/cdk6-5kdf
Spokane,2019-04-01,2117,15,7,0,2139,22,0.010285179990649837,https://data.wa.gov/Transportation/Vehicle-Title-Transactions-by-Department-of-Licens/cdk6-5kdf
Spokane,2019-05-01,2076,10,4,0,2090,14,0.0066985645933014355,https://data.wa.gov/Transportation/Vehicle-Title-Transactions-by-Department-of-Licens/cdk6-5kdf
Spokane,2019-06-01,1684,12,3,0,1699,15,0.008828722778104767,https://data.wa.gov/Transportation/Vehicle-Title-Transactions-by-Department-of-Licens/cdk6-5kdf
Spokane,2019-07-01,1343,12,4,0,1359,16,0.01177336276674025,https://data.wa.gov/Transportation/Vehicle-Title-Transactions-by-Department-of-Licens/cdk6-5kdf
Spokane,2019-08-01,1173,13,4,0,1190,17,0.014285714285714285,https://data.wa.gov/Transportation/Vehicle-Title-Transactions-by-Department-of-Licens/cdk6-5kdf
Spokane,2019-09-01,1179,16,4,0,1199,20,0.016680567139282735,https://data.wa.gov/Transportation/Vehicle-Title-Transactions-by-Department-of-Licens/cdk6-5kdf
Spokane,2019-10-01,1233,21,5,0,1259,26,0.020651310563939634,https://data.wa.gov/Transportation/Vehicle-Title-Transactions-by-Department-of-Licens/cdk6-5kdf
Spokane,2019-11-01,961,10,2,0,973,12,0.012332990750256937,https://data.wa.gov/Transportation/Vehicle-Title-Transactions-by-Department-of-Licens/cdk6-5kdf
Spokane,2019-12-01,1165,9,4,0,1178,13,0.011035653650254669,https://data.wa.gov/Transportation/Vehicle-Title-Transactions-by-Department-of-Licens/cdk6-5kdf
Spokane,2020-01-01,1251,36,2,0,1289,38,0.02948021722265322,https://data.wa.gov/Transportation/Vehicle-Title-Transactions-by-Department-of-Licens/cdk6-5kdf
Spokane,2020-02-01,1117,9,0,0,1126,9,0.007992895204262877,https://data.wa.gov/Transportation/Vehicle-Title-Transactions-by-Department-of-Licens/cdk6-5kdf
Spokane,2020-03-01,1337,7,3,0,1347,10,0.007423904974016332,https://data.wa.gov/Transportation/Vehicle-Title-Transactions-by-Department-of-Licens/cdk6-5kdf
Spokane,2020-04-01,543,12,2,0,557,14,0.025134649910233394,https://data.wa.gov/Transportation/Vehicle-Title-Transactions-by-Department-of-Licens/cdk6-5kdf
Spokane,2020-05-01,646,3,4,0,653,7,0.010719754977029096,https://data.wa.gov/Transportation/Vehicle-Title-Transactions-by-Department-of-Licens/cdk6-5kdf
Spokane,2020-06-01,978,8,3,0,989,11,0.011122345803842264,https://data.wa.gov/Transportation/Vehicle-Title-Transactions-by-Department-of-Licens/cdk6-5kdf
Spokane,2020-07-01,1063,20,3,0,1086,23,0.02117863720073665,https://data.wa.gov/Transportation/Vehicle-Title-Transactions-by-Department-of-Licens/cdk6-5kdf
Spokane,2020-08-01,1121,14,2,0,1137,16,0.014072119613016711,https://data.wa.gov/Transportation/Vehicle-Title-Transactions-by-Department-of-Licens/cdk6-5kdf
Spokane,2020-09-01,1189,11,2,0,1202,13,0.010815307820299502,https://data.wa.gov/Transportation/Vehicle-Title-Transactions-by-Department-of-Licens/cdk6-5kdf
Spokane,2020-10-01,1350,22,7,0,1379,29,0.02102973168963017,https://data.wa.gov/Transportation/Vehicle-Title-Transactions-by-Department-of-Licens/cdk6-5kdf
Spokane,2020-11-01,1085,33,9,0,1127,42,0.037267080745341616,https://data.wa.gov/Transportation/Vehicle-Title-Transactions-by-Department-of-Licens/cdk6-5kdf
Spokane,2020-12-01,1379,19,5,0,1403,24,0.017106200997861726,https://data.wa.gov/Transportation/Vehicle-Title-Transactions-by-Department-of-Licens/cdk6-5kdf
Spokane,2021-01-01,1190,24,1,0,1215,25,0.0205761316872428,https://data.wa.gov/Transportation/Vehicle-Title-Transactions-by-Department-of-Licens/cdk6-5kdf
Spokane,2021-02-01,1206,13,8,0,1227,21,0.017114914425427872,https://data.wa.gov/Transportation/Vehicle-Title-Transactions-by-Department-of-Licens/cdk6-5kdf
Spokane,2021-03-01,1439,15,8,0,1462,23,0.01573187414500684,https://data.wa.gov/Transportation/Vehicle-Title-Transactions-by-Department-of-Licens/cdk6-5kdf
Spokane,2021-04-01,1543,37,11,0,1591,48,0.03016970458830924,https://data.wa.gov/Transportation/Vehicle-Title-Transactions-by-Department-of-Licens/cdk6-5kdf
Spokane,2021-05-01,1310,25,11,0,1346,36,0.02674591381872214,https://data.wa.gov/Transportation/Vehicle-Title-Transactions-by-Department-of-Licens/cdk6-5kdf
Spokane,2021-06-01,1438,27,16,0,1481,43,0.02903443619176232,https://data.wa.gov/Transportation/Vehicle-Title-Transactions-by-Department-of-Licens/cdk6-5kdf
Spokane,2021-07-01,994,44,8,0,1046,52,0.0497131931166348,https://data.wa.gov/Transportation/Vehicle-Title-Transactions-by-Department-of-Licens/cdk6-5kdf
Spokane,2021-08-01,1000,34,16,0,1050,50,0.047619047619047616,https://data.wa.gov/Transportation/Vehicle-Title-Transactions-by-Department-of-Licens/cdk6-5kdf
Spokane,2021-09-01,1088,23,8,1,1120,32,0.02857142857142857,https://data.wa.gov/Transportation/Vehicle-Title-Transactions-by-Department-of-Licens/cdk6-5kdf
Spokane,2021-10-01,1162,30,21,1,1214,52,0.042833607907743,https://data.wa.gov/Transportation/Vehicle-Title-Transactions-by-Department-of-Licens/cdk6-5kdf
Spokane,2021-11-01,780,38,15,0,833,53,0.06362545018007203,https://data.wa.gov/Transportation/Vehicle-Title-Transactions-by-Department-of-Licens/cdk6-5kdf
Spokane,2021-12-01,986,55,9,0,1050,64,0.06095238095238095,https://data.wa.gov/Transportation/Vehicle-Title-Transactions-by-Department-of-Licens/cdk6-5kdf
Spokane,2022-01-01,800,32,7,0,839,39,0.04648390941597139,https://data.wa.gov/Transportation/Vehicle-Title-Transactions-by-Department-of-Licens/cdk6-5kdf
Spokane,2022-02-01,865,36,11,0,912,47,0.051535087719298246,https://data.wa.gov/Transportation/Vehicle-Title-Transactions-by-Department-of-Licens/cdk6-5kdf
Spokane,2022-03-01,1197,46,10,0,1253,56,0.0446927374301676,https://data.wa.gov/Transportation/Vehicle-Title-Transactions-by-Department-of-Licens/cdk6-5kdf
Spokane,2022-04-01,1057,50,12,0,1119,62,0.05540661304736372,https://data.wa.gov/Transportation/Vehicle-Title-Transactions-by-Department-of-Licens/cdk6-5kdf
Spokane,2022-05-01,962,20,16,0,998,36,0.036072144288577156,https://data.wa.gov/Transportation/Vehicle-Title-Transactions-by-Department-of-Licens/cdk6-5kdf
Spokane,2022-06-01,1085,48,19,0,1152,67,0.058159722222222224,https://data.wa.gov/Transportation/Vehicle-Title-Transactions-by-Department-of-Licens/cdk6-5kdf
Spokane,2022-07-01,899,71,9,0,979,80,0.08171603677221655,https://data.wa.gov/Transportation/Vehicle-Title-Transactions-by-Department-of-Licens/cdk6-5kdf
Spokane,2022-08-01,1056,62,18,0,1136,80,0.07042253521126761,https://data.wa.gov/Transportation/Vehicle-Title-Transactions-by-Department-of-Licens/cdk6-5kdf
Spokane,2022-09-01,1028,36,4,0,1068,40,0.03745318352059925,https://data.wa.gov/Transportation/Vehicle-Title-Transactions-by-Department-of-Licens/cdk6-5kdf
Spokane,2022-10-01,1079,62,15,0,1156,77,0.06660899653979238,https://data.wa.gov/Transportation/Vehicle-Title-Transactions-by-Department-of-Licens/cdk6-5kdf
Spokane,2022-11-01,950,73,9,0,1032,82,0.07945736434108527,https://data.wa.gov/Transportation/Vehicle-Title-Transactions-by-Department-of-Licens/cdk6-5kdf
Spokane,2022-12-01,1236,50,13,0,1299,63,0.04849884526558892,https://data.wa.gov/Transportation/Vehicle-Title-Transactions-by-Department-of-Licens/cdk6-5kdf
Spokane,2023-01-01,1092,48,17,0,1157,65,0.056179775280898875,https://data.wa.gov/Transportation/Vehicle-Title-Transactions-by-Department-of-Licens/cdk6-5kdf
Spokane,2023-02-01,958,38,28,0,1024,66,0.064453125,https://data.wa.gov/Transportation/Vehicle-Title-Transactions-by-Department-of-Licens/cdk6-5kdf
Spokane,2023-03-01,1377,59,20,0,1456,79,0.05425824175824176,https://data.wa.gov/Transportation/Vehicle-Title-Transactions-by-Department-of-Licens/cdk6-5kdf
Spokane,2023-04-01,1191,53,19,0,1263,72,0.057007125890736345,https://data.wa.gov/Transportation/Vehicle-Title-Transactions-by-Department-of-Licens/cdk6-5kdf
Spokane,2023-05-01,1155,62,28,0,1245,90,0.07228915662650602,https://data.wa.gov/Transportation/Vehicle-Title-Transactions-by-Department-of-Licens/cdk6-5kdf
Spokane,2023-06-01,1271,78,26,0,1375,104,0.07563636363636364,https://data.wa.gov/Transportation/Vehicle-Title-Transactions-by-Department-of-Licens/cdk6-5kdf
Spokane,2023-07-01,1232,59,20,0,1311,79,0.060259344012204424,https://data.wa.gov/Transportation/Vehicle-Title-Transactions-by-Department-of-Licens/cdk6-5kdf
Spokane,2023-08-01,1227,98,47,0,1372,145,0.10568513119533528,https://data.wa.gov/Transportation/Vehicle-Title-Transactions-by-Department-of-Licens/cdk6-5kdf
Spokane,2023-09-01,1022,84,44,0,1150,128,0.11130434782608696,https://data.wa.gov/Transportation/Vehicle-Title-Transactions-by-Department-of-Licens/cdk6-5kdf
Spokane,2023-10-01,997,103,41,0,1141,144,0.12620508326029797,https://data.wa.gov/Transportation/Vehicle-Title-Transactions-by-Department-of-Licens/cdk6-5kdf
Spokane,2023-11-01,1043,89,36,0,1168,125,0.10702054794520548,https://data.wa.gov/Transportation/Vehicle-Title-Transactions-by-Department-of-Licens/cdk6-5kdf
Spokane,2023-12-01,1063,76,56,0,1195,132,0.11046025104602511,https://data.wa.gov/Transportation/Vehicle-Title-Transactions-by-Department-of-Licens/cdk6-5kdf
Spokane,2024-01-01,1071,98,41,0,1210,139,0.11487603305785124,https://data.wa.gov/Transportation/Vehicle-Title-Transactions-by-Department-of-Licens/cdk6-5kdf
Spokane,2024-02-01,1026,80,28,0,1134,108,0.09523809523809523,https://data.wa.gov/Transportation/Vehicle-Title-Transactions-by-Department-of-Licens/cdk6-5kdf
Spokane,2024-03-01,1128,52,44,0,1224,96,0.0784313725490196,https://data.wa.gov/Transportation/Vehicle-Title-Transactions-by-Department-of-Licens/cdk6-5kdf
Spokane,2024-04-01,1314,89,38,0,1441,127,0.08813324080499653,https://data.wa.gov/Transportation/Vehicle-Title-Transactions-by-Department-of-Licens/cdk6-5kdf
Spokane,2024-05-01,1404,87,29,0,1520,116,0.07631578947368421,https://data.wa.gov/Transportation/Vehicle-Title-Transactions-by-Department-of-Licens/cdk6-5kdf
Spokane,2024-06-01,1160,69,31,0,1260,100,0.07936507936507936,https://data.wa.gov/Transportation/Vehicle-Title-Transactions-by-Department-of-Licens/cdk6-5kdf
Spokane,2024-07-01,1206,139,38,0,1383,177,0.1279826464208243,https://data.wa.gov/Transportation/Vehicle-Title-Transactions-by-Department-of-Licens/cdk6-5kdf
Spokane,2024-08-01,979,145,31,0,1155,176,0.1523809523809524,https://data.wa.gov/Transportation/Vehicle-Title-Transactions-by-Department-of-Licens/cdk6-5kdf
Spokane,2024-09-01,1058,183,28,0,1269,211,0.16627265563435775,https://data.wa.gov/Transportation/Vehicle-Title-Transactions-by-Department-of-Licens/cdk6-5kdf
Spokane,2024-10-01,968,242,39,0,1249,281,0.22497998398718974,https://data.wa.gov/Transportation/Vehicle-Title-Transactions-by-Department-of-Licens/cdk6-5kdf
Spokane,2024-11-01,963,125,19,0,1107,144,0.13008130081300814,https://data.wa.gov/Transportation/Vehicle-Title-Transactions-by-Department-of-Licens/cdk6-5kdf
Spokane,2024-12-01,984,117,33,0,1134,150,0.13227513227513227,https://data.wa.gov/Transportation/Vehicle-Title-Transactions-by-Department-of-Licens/cdk6-5kdf
Spokane,2025-01-01,1327,129,48,0,1504,177,0.11768617021276596,https://data.wa.gov/Transportation/Vehicle-Title-Transactions-by-Department-of-Licens/cdk6-5kdf
Spokane,2025-02-01,926,68,25,0,1019,93,0.09126594700686948,https://data.wa.gov/Transportation/Vehicle-Title-Transactions-by-Department-of-Licens/cdk6-5kdf
Spokane,2025-03-01,1188,90,28,0,1306,118,0.0903522205206738,https://data.wa.gov/Transportation/Vehicle-Title-Transactions-by-Department-of-Licens/cdk6-5kdf
Spokane,2025-04-01,1447,110,34,0,1591,144,0.09050911376492772,https://data.wa.gov/Transportation/Vehicle-Title-Transactions-by-Department-of-Licens/cdk6-5kdf
Spokane,2025-05-01,1205,96,25,0,1326,121,0.09125188536953242,https://data.wa.gov/Transportation/Vehicle-Title-Transactions-by-Department-of-Licens/cdk6-5kdf
Spokane,2025-06-01,1177,87,31,0,1295,118,0.09111969111969112,https://data.wa.gov/Transportation/Vehicle-Title-Transactions-by-Department-of-Licens/cdk6-5kdf
Spokane,2025-07-01,1257,84,20,0,1361,104,0.07641440117560618,https://data.wa.gov/Transportation/Vehicle-Title-Transactions-by-Department-of-Licens/cdk6-5kdf
Spokane,2025-08-01,961,133,24,0,1118,157,0.1404293381037567,https://data.wa.gov/Transportation/Vehicle-Title-Transactions-by-Department-of-Licens/cdk6-5kdf
Spokane,2025-09-01,1026,106,28,0,1160,134,0.11551724137931034,https://data.wa.gov/Transportation/Vehicle-Title-Transactions-by-Department-of-Licens/cdk6-5kdf
Spokane,2025-10-01,1110,118,24,0,1252,142,0.1134185303514377,https://data.wa.gov/Transportation/Vehicle-Title-Transactions-by-Department-of-Licens/cdk6-5kdf
Spokane,2025-11-01,873,47,9,0,929,56,0.060279870828848225,https://data.wa.gov/Transportation/Vehicle-Title-Transactions-by-Department-of-Licens/cdk6-5kdf
Spokane,2025-12-01,1023,45,10,0,1078,55,0.05102040816326531,https://data.wa.gov/Transportation/Vehicle-Title-Transactions-by-Department-of-Licens/cdk6-5kdf
Spokane,2026-01-01,961,62,12,0,1035,74,0.07149758454106281,https://data.wa.gov/Transportation/Vehicle-Title-Transactions-by-Department-of-Licens/cdk6-5kdf
Spokane,2026-02-01,905,44,12,0,961,56,0.05827263267429761,https://data.wa.gov/Transportation/Vehicle-Title-Transactions-by-Department-of-Licens/cdk6-5kdf
Spokane,2026-03-01,1182,65,15,0,1262,80,0.06339144215530904,https://data.wa.gov/Transportation/Vehicle-Title-Transactions-by-Department-of-Licens/cdk6-5kdf
Spokane,2026-04-01,1502,85,10,0,1597,95,0.059486537257357544,https://data.wa.gov/Transportation/Vehicle-Title-Transactions-by-Department-of-Licens/cdk6-5kdf
Spokane,2026-05-01,1501,98,23,0,1622,121,0.07459926017262639,https://data.wa.gov/Transportation/Vehicle-Title-Transactions-by-Department-of-Licens/cdk6-5kdf
Spokane,2026-06-01,1655,93,21,0,1769,114,0.0644431882419446,https://data.wa.gov/Transportation/Vehicle-Title-Transactions-by-Department-of-Licens/cdk6-5kdf
Stevens,2017-01-01,62,0,1,0,63,1,0.015873015873015872,https://data.wa.gov/Transportation/Vehicle-Title-Transactions-by-Department-of-Licens/cdk6-5kdf
Stevens,2017-02-01,62,0,0,0,62,0,0,https://data.wa.gov/Transportation/Vehicle-Title-Transactions-by-Department-of-Licens/cdk6-5kdf
Stevens,2017-03-01,96,0,0,0,96,0,0,https://data.wa.gov/Transportation/Vehicle-Title-Transactions-by-Department-of-Licens/cdk6-5kdf
Stevens,2017-04-01,59,1,1,0,61,2,0.03278688524590164,https://data.wa.gov/Transportation/Vehicle-Title-Transactions-by-Department-of-Licens/cdk6-5kdf
Stevens,2017-05-01,85,0,0,0,85,0,0,https://data.wa.gov/Transportation/Vehicle-Title-Transactions-by-Department-of-Licens/cdk6-5kdf
Stevens,2017-06-01,93,0,0,0,93,0,0,https://data.wa.gov/Transportation/Vehicle-Title-Transactions-by-Department-of-Licens/cdk6-5kdf
Stevens,2017-07-01,78,0,0,0,78,0,0,https://data.wa.gov/Transportation/Vehicle-Title-Transactions-by-Department-of-Licens/cdk6-5kdf
Stevens,2017-08-01,117,0,0,0,117,0,0,https://data.wa.gov/Transportation/Vehicle-Title-Transactions-by-Department-of-Licens/cdk6-5kdf
Stevens,2017-09-01,91,0,0,0,91,0,0,https://data.wa.gov/Transportation/Vehicle-Title-Transactions-by-Department-of-Licens/cdk6-5kdf
Stevens,2017-10-01,86,0,0,0,86,0,0,https://data.wa.gov/Transportation/Vehicle-Title-Transactions-by-Department-of-Licens/cdk6-5kdf
Stevens,2017-11-01,83,0,0,0,83,0,0,https://data.wa.gov/Transportation/Vehicle-Title-Transactions-by-Department-of-Licens/cdk6-5kdf
Stevens,2017-12-01,77,0,0,0,77,0,0,https://data.wa.gov/Transportation/Vehicle-Title-Transactions-by-Department-of-Licens/cdk6-5kdf
Stevens,2018-01-01,81,0,1,0,82,1,0.012195121951219513,https://data.wa.gov/Transportation/Vehicle-Title-Transactions-by-Department-of-Licens/cdk6-5kdf
Stevens,2018-02-01,50,0,0,0,50,0,0,https://data.wa.gov/Transportation/Vehicle-Title-Transactions-by-Department-of-Licens/cdk6-5kdf
Stevens,2018-03-01,79,0,0,0,79,0,0,https://data.wa.gov/Transportation/Vehicle-Title-Transactions-by-Department-of-Licens/cdk6-5kdf
Stevens,2018-04-01,74,0,0,0,74,0,0,https://data.wa.gov/Transportation/Vehicle-Title-Transactions-by-Department-of-Licens/cdk6-5kdf
Stevens,2018-05-01,77,1,0,0,78,1,0.01282051282051282,https://data.wa.gov/Transportation/Vehicle-Title-Transactions-by-Department-of-Licens/cdk6-5kdf
Stevens,2018-06-01,79,0,0,0,79,0,0,https://data.wa.gov/Transportation/Vehicle-Title-Transactions-by-Department-of-Licens/cdk6-5kdf
Stevens,2018-07-01,83,0,0,0,83,0,0,https://data.wa.gov/Transportation/Vehicle-Title-Transactions-by-Department-of-Licens/cdk6-5kdf
Stevens,2018-08-01,88,2,0,0,90,2,0.022222222222222223,https://data.wa.gov/Transportation/Vehicle-Title-Transactions-by-Department-of-Licens/cdk6-5kdf
Stevens,2018-09-01,93,1,1,0,95,2,0.021052631578947368,https://data.wa.gov/Transportation/Vehicle-Title-Transactions-by-Department-of-Licens/cdk6-5kdf
Stevens,2018-10-01,88,0,0,0,88,0,0,https://data.wa.gov/Transportation/Vehicle-Title-Transactions-by-Department-of-Licens/cdk6-5kdf
Stevens,2018-11-01,58,1,0,0,59,1,0.01694915254237288,https://data.wa.gov/Transportation/Vehicle-Title-Transactions-by-Department-of-Licens/cdk6-5kdf
Stevens,2018-12-01,84,0,0,0,84,0,0,https://data.wa.gov/Transportation/Vehicle-Title-Transactions-by-Department-of-Licens/cdk6-5kdf
Stevens,2019-01-01,89,1,1,0,91,2,0.02197802197802198,https://data.wa.gov/Transportation/Vehicle-Title-Transactions-by-Department-of-Licens/cdk6-5kdf
Stevens,2019-02-01,62,0,0,0,62,0,0,https://data.wa.gov/Transportation/Vehicle-Title-Transactions-by-Department-of-Licens/cdk6-5kdf
Stevens,2019-03-01,68,0,0,0,68,0,0,https://data.wa.gov/Transportation/Vehicle-Title-Transactions-by-Department-of-Licens/cdk6-5kdf
Stevens,2019-04-01,103,1,0,0,104,1,0.009615384615384616,https://data.wa.gov/Transportation/Vehicle-Title-Transactions-by-Department-of-Licens/cdk6-5kdf
Stevens,2019-05-01,88,1,1,0,90,2,0.022222222222222223,https://data.wa.gov/Transportation/Vehicle-Title-Transactions-by-Department-of-Licens/cdk6-5kdf
Stevens,2019-06-01,71,0,1,0,72,1,0.013888888888888888,https://data.wa.gov/Transportation/Vehicle-Title-Transactions-by-Department-of-Licens/cdk6-5kdf
Stevens,2019-07-01,68,1,0,0,69,1,0.014492753623188406,https://data.wa.gov/Transportation/Vehicle-Title-Transactions-by-Department-of-Licens/cdk6-5kdf
Stevens,2019-08-01,69,1,0,0,70,1,0.014285714285714285,https://data.wa.gov/Transportation/Vehicle-Title-Transactions-by-Department-of-Licens/cdk6-5kdf
Stevens,2019-09-01,93,4,0,0,97,4,0.041237113402061855,https://data.wa.gov/Transportation/Vehicle-Title-Transactions-by-Department-of-Licens/cdk6-5kdf
Stevens,2019-10-01,89,2,1,0,92,3,0.03260869565217391,https://data.wa.gov/Transportation/Vehicle-Title-Transactions-by-Department-of-Licens/cdk6-5kdf
Stevens,2019-11-01,65,0,0,0,65,0,0,https://data.wa.gov/Transportation/Vehicle-Title-Transactions-by-Department-of-Licens/cdk6-5kdf
Stevens,2019-12-01,79,0,1,0,80,1,0.0125,https://data.wa.gov/Transportation/Vehicle-Title-Transactions-by-Department-of-Licens/cdk6-5kdf
Stevens,2020-01-01,89,1,0,0,90,1,0.011111111111111112,https://data.wa.gov/Transportation/Vehicle-Title-Transactions-by-Department-of-Licens/cdk6-5kdf
Stevens,2020-02-01,65,0,0,0,65,0,0,https://data.wa.gov/Transportation/Vehicle-Title-Transactions-by-Department-of-Licens/cdk6-5kdf
Stevens,2020-03-01,60,0,0,0,60,0,0,https://data.wa.gov/Transportation/Vehicle-Title-Transactions-by-Department-of-Licens/cdk6-5kdf
Stevens,2020-04-01,37,0,0,0,37,0,0,https://data.wa.gov/Transportation/Vehicle-Title-Transactions-by-Department-of-Licens/cdk6-5kdf
Stevens,2020-05-01,44,0,0,0,44,0,0,https://data.wa.gov/Transportation/Vehicle-Title-Transactions-by-Department-of-Licens/cdk6-5kdf
Stevens,2020-06-01,73,0,0,0,73,0,0,https://data.wa.gov/Transportation/Vehicle-Title-Transactions-by-Department-of-Licens/cdk6-5kdf
Stevens,2020-07-01,79,1,0,0,80,1,0.0125,https://data.wa.gov/Transportation/Vehicle-Title-Transactions-by-Department-of-Licens/cdk6-5kdf
Stevens,2020-08-01,57,0,0,0,57,0,0,https://data.wa.gov/Transportation/Vehicle-Title-Transactions-by-Department-of-Licens/cdk6-5kdf
Stevens,2020-09-01,89,0,0,0,89,0,0,https://data.wa.gov/Transportation/Vehicle-Title-Transactions-by-Department-of-Licens/cdk6-5kdf
Stevens,2020-10-01,101,2,0,0,103,2,0.019417475728155338,https://data.wa.gov/Transportation/Vehicle-Title-Transactions-by-Department-of-Licens/cdk6-5kdf
Stevens,2020-11-01,45,1,0,0,46,1,0.021739130434782608,https://data.wa.gov/Transportation/Vehicle-Title-Transactions-by-Department-of-Licens/cdk6-5kdf
Stevens,2020-12-01,86,1,0,0,87,1,0.011494252873563218,https://data.wa.gov/Transportation/Vehicle-Title-Transactions-by-Department-of-Licens/cdk6-5kdf
Stevens,2021-01-01,79,1,1,0,81,2,0.024691358024691357,https://data.wa.gov/Transportation/Vehicle-Title-Transactions-by-Department-of-Licens/cdk6-5kdf
Stevens,2021-02-01,78,1,0,0,79,1,0.012658227848101266,https://data.wa.gov/Transportation/Vehicle-Title-Transactions-by-Department-of-Licens/cdk6-5kdf
Stevens,2021-03-01,86,0,0,0,86,0,0,https://data.wa.gov/Transportation/Vehicle-Title-Transactions-by-Department-of-Licens/cdk6-5kdf
Stevens,2021-04-01,95,1,0,0,96,1,0.010416666666666666,https://data.wa.gov/Transportation/Vehicle-Title-Transactions-by-Department-of-Licens/cdk6-5kdf
Stevens,2021-05-01,79,2,2,0,83,4,0.04819277108433735,https://data.wa.gov/Transportation/Vehicle-Title-Transactions-by-Department-of-Licens/cdk6-5kdf
Stevens,2021-06-01,79,3,0,0,82,3,0.036585365853658534,https://data.wa.gov/Transportation/Vehicle-Title-Transactions-by-Department-of-Licens/cdk6-5kdf
Stevens,2021-07-01,76,2,0,0,78,2,0.02564102564102564,https://data.wa.gov/Transportation/Vehicle-Title-Transactions-by-Department-of-Licens/cdk6-5kdf
Stevens,2021-08-01,66,2,1,0,69,3,0.043478260869565216,https://data.wa.gov/Transportation/Vehicle-Title-Transactions-by-Department-of-Licens/cdk6-5kdf
Stevens,2021-09-01,69,1,0,0,70,1,0.014285714285714285,https://data.wa.gov/Transportation/Vehicle-Title-Transactions-by-Department-of-Licens/cdk6-5kdf
Stevens,2021-10-01,68,1,0,0,69,1,0.014492753623188406,https://data.wa.gov/Transportation/Vehicle-Title-Transactions-by-Department-of-Licens/cdk6-5kdf
Stevens,2021-11-01,53,2,0,0,55,2,0.03636363636363636,https://data.wa.gov/Transportation/Vehicle-Title-Transactions-by-Department-of-Licens/cdk6-5kdf
Stevens,2021-12-01,79,1,1,0,81,2,0.024691358024691357,https://data.wa.gov/Transportation/Vehicle-Title-Transactions-by-Department-of-Licens/cdk6-5kdf
Stevens,2022-01-01,56,1,0,0,57,1,0.017543859649122806,https://data.wa.gov/Transportation/Vehicle-Title-Transactions-by-Department-of-Licens/cdk6-5kdf
Stevens,2022-02-01,53,0,0,0,53,0,0,https://data.wa.gov/Transportation/Vehicle-Title-Transactions-by-Department-of-Licens/cdk6-5kdf
Stevens,2022-03-01,71,2,1,0,74,3,0.04054054054054054,https://data.wa.gov/Transportation/Vehicle-Title-Transactions-by-Department-of-Licens/cdk6-5kdf
Stevens,2022-04-01,64,1,0,0,65,1,0.015384615384615385,https://data.wa.gov/Transportation/Vehicle-Title-Transactions-by-Department-of-Licens/cdk6-5kdf
Stevens,2022-05-01,63,3,1,0,67,4,0.05970149253731343,https://data.wa.gov/Transportation/Vehicle-Title-Transactions-by-Department-of-Licens/cdk6-5kdf
Stevens,2022-06-01,58,0,0,0,58,0,0,https://data.wa.gov/Transportation/Vehicle-Title-Transactions-by-Department-of-Licens/cdk6-5kdf
Stevens,2022-07-01,66,2,1,0,69,3,0.043478260869565216,https://data.wa.gov/Transportation/Vehicle-Title-Transactions-by-Department-of-Licens/cdk6-5kdf
Stevens,2022-08-01,87,5,1,0,93,6,0.06451612903225806,https://data.wa.gov/Transportation/Vehicle-Title-Transactions-by-Department-of-Licens/cdk6-5kdf
Stevens,2022-09-01,79,4,0,0,83,4,0.04819277108433735,https://data.wa.gov/Transportation/Vehicle-Title-Transactions-by-Department-of-Licens/cdk6-5kdf
Stevens,2022-10-01,73,2,0,0,75,2,0.02666666666666667,https://data.wa.gov/Transportation/Vehicle-Title-Transactions-by-Department-of-Licens/cdk6-5kdf
Stevens,2022-11-01,84,4,0,0,88,4,0.045454545454545456,https://data.wa.gov/Transportation/Vehicle-Title-Transactions-by-Department-of-Licens/cdk6-5kdf
Stevens,2022-12-01,63,2,0,0,65,2,0.03076923076923077,https://data.wa.gov/Transportation/Vehicle-Title-Transactions-by-Department-of-Licens/cdk6-5kdf
Stevens,2023-01-01,86,5,0,0,91,5,0.054945054945054944,https://data.wa.gov/Transportation/Vehicle-Title-Transactions-by-Department-of-Licens/cdk6-5kdf
Stevens,2023-02-01,53,2,0,0,55,2,0.03636363636363636,https://data.wa.gov/Transportation/Vehicle-Title-Transactions-by-Department-of-Licens/cdk6-5kdf
Stevens,2023-03-01,79,2,2,0,83,4,0.04819277108433735,https://data.wa.gov/Transportation/Vehicle-Title-Transactions-by-Department-of-Licens/cdk6-5kdf
Stevens,2023-04-01,75,5,2,0,82,7,0.08536585365853659,https://data.wa.gov/Transportation/Vehicle-Title-Transactions-by-Department-of-Licens/cdk6-5kdf
Stevens,2023-05-01,95,3,3,0,101,6,0.0594059405940594,https://data.wa.gov/Transportation/Vehicle-Title-Transactions-by-Department-of-Licens/cdk6-5kdf
Stevens,2023-06-01,83,1,1,0,85,2,0.023529411764705882,https://data.wa.gov/Transportation/Vehicle-Title-Transactions-by-Department-of-Licens/cdk6-5kdf
Stevens,2023-07-01,69,3,1,0,73,4,0.0547945205479452,https://data.wa.gov/Transportation/Vehicle-Title-Transactions-by-Department-of-Licens/cdk6-5kdf
Stevens,2023-08-01,97,6,1,0,104,7,0.0673076923076923,https://data.wa.gov/Transportation/Vehicle-Title-Transactions-by-Department-of-Licens/cdk6-5kdf
Stevens,2023-09-01,80,4,1,0,85,5,0.058823529411764705,https://data.wa.gov/Transportation/Vehicle-Title-Transactions-by-Department-of-Licens/cdk6-5kdf
Stevens,2023-10-01,50,4,3,0,57,7,0.12280701754385964,https://data.wa.gov/Transportation/Vehicle-Title-Transactions-by-Department-of-Licens/cdk6-5kdf
Stevens,2023-11-01,73,3,0,0,76,3,0.039473684210526314,https://data.wa.gov/Transportation/Vehicle-Title-Transactions-by-Department-of-Licens/cdk6-5kdf
Stevens,2023-12-01,55,3,0,0,58,3,0.05172413793103448,https://data.wa.gov/Transportation/Vehicle-Title-Transactions-by-Department-of-Licens/cdk6-5kdf
Stevens,2024-01-01,70,5,1,0,76,6,0.07894736842105263,https://data.wa.gov/Transportation/Vehicle-Title-Transactions-by-Department-of-Licens/cdk6-5kdf
Stevens,2024-02-01,61,2,1,0,64,3,0.046875,https://data.wa.gov/Transportation/Vehicle-Title-Transactions-by-Department-of-Licens/cdk6-5kdf
Stevens,2024-03-01,81,2,0,0,83,2,0.024096385542168676,https://data.wa.gov/Transportation/Vehicle-Title-Transactions-by-Department-of-Licens/cdk6-5kdf
Stevens,2024-04-01,61,4,0,0,65,4,0.06153846153846154,https://data.wa.gov/Transportation/Vehicle-Title-Transactions-by-Department-of-Licens/cdk6-5kdf
Stevens,2024-05-01,109,1,1,0,111,2,0.018018018018018018,https://data.wa.gov/Transportation/Vehicle-Title-Transactions-by-Department-of-Licens/cdk6-5kdf
Stevens,2024-06-01,71,2,1,0,74,3,0.04054054054054054,https://data.wa.gov/Transportation/Vehicle-Title-Transactions-by-Department-of-Licens/cdk6-5kdf
Stevens,2024-07-01,90,4,2,0,96,6,0.0625,https://data.wa.gov/Transportation/Vehicle-Title-Transactions-by-Department-of-Licens/cdk6-5kdf
Stevens,2024-08-01,64,2,0,0,66,2,0.030303030303030304,https://data.wa.gov/Transportation/Vehicle-Title-Transactions-by-Department-of-Licens/cdk6-5kdf
Stevens,2024-09-01,68,4,2,0,74,6,0.08108108108108109,https://data.wa.gov/Transportation/Vehicle-Title-Transactions-by-Department-of-Licens/cdk6-5kdf
Stevens,2024-10-01,91,9,2,0,102,11,0.10784313725490197,https://data.wa.gov/Transportation/Vehicle-Title-Transactions-by-Department-of-Licens/cdk6-5kdf
Stevens,2024-11-01,64,3,2,0,69,5,0.07246376811594203,https://data.wa.gov/Transportation/Vehicle-Title-Transactions-by-Department-of-Licens/cdk6-5kdf
Stevens,2024-12-01,78,0,3,0,81,3,0.037037037037037035,https://data.wa.gov/Transportation/Vehicle-Title-Transactions-by-Department-of-Licens/cdk6-5kdf
Stevens,2025-01-01,79,2,1,0,82,3,0.036585365853658534,https://data.wa.gov/Transportation/Vehicle-Title-Transactions-by-Department-of-Licens/cdk6-5kdf
Stevens,2025-02-01,58,6,0,0,64,6,0.09375,https://data.wa.gov/Transportation/Vehicle-Title-Transactions-by-Department-of-Licens/cdk6-5kdf
Stevens,2025-03-01,73,2,4,0,79,6,0.0759493670886076,https://data.wa.gov/Transportation/Vehicle-Title-Transactions-by-Department-of-Licens/cdk6-5kdf
Stevens,2025-04-01,93,4,3,0,100,7,0.07,https://data.wa.gov/Transportation/Vehicle-Title-Transactions-by-Department-of-Licens/cdk6-5kdf
Stevens,2025-05-01,81,5,3,0,89,8,0.0898876404494382,https://data.wa.gov/Transportation/Vehicle-Title-Transactions-by-Department-of-Licens/cdk6-5kdf
Stevens,2025-06-01,79,3,0,0,82,3,0.036585365853658534,https://data.wa.gov/Transportation/Vehicle-Title-Transactions-by-Department-of-Licens/cdk6-5kdf
Stevens,2025-07-01,90,6,1,0,97,7,0.07216494845360824,https://data.wa.gov/Transportation/Vehicle-Title-Transactions-by-Department-of-Licens/cdk6-5kdf
Stevens,2025-08-01,71,4,0,0,75,4,0.05333333333333334,https://data.wa.gov/Transportation/Vehicle-Title-Transactions-by-Department-of-Licens/cdk6-5kdf
Stevens,2025-09-01,78,4,6,0,88,10,0.11363636363636363,https://data.wa.gov/Transportation/Vehicle-Title-Transactions-by-Department-of-Licens/cdk6-5kdf
Stevens,2025-10-01,103,5,3,0,111,8,0.07207207207207207,https://data.wa.gov/Transportation/Vehicle-Title-Transactions-by-Department-of-Licens/cdk6-5kdf
Stevens,2025-11-01,53,5,1,0,59,6,0.1016949152542373,https://data.wa.gov/Transportation/Vehicle-Title-Transactions-by-Department-of-Licens/cdk6-5kdf
Stevens,2025-12-01,54,1,1,0,56,2,0.03571428571428571,https://data.wa.gov/Transportation/Vehicle-Title-Transactions-by-Department-of-Licens/cdk6-5kdf
Stevens,2026-01-01,78,3,3,0,84,6,0.07142857142857142,https://data.wa.gov/Transportation/Vehicle-Title-Transactions-by-Department-of-Licens/cdk6-5kdf
Stevens,2026-02-01,62,2,0,0,64,2,0.03125,https://data.wa.gov/Transportation/Vehicle-Title-Transactions-by-Department-of-Licens/cdk6-5kdf
Stevens,2026-03-01,82,6,0,0,88,6,0.06818181818181818,https://data.wa.gov/Transportation/Vehicle-Title-Transactions-by-Department-of-Licens/cdk6-5kdf
Stevens,2026-04-01,78,5,0,0,83,5,0.060240963855421686,https://data.wa.gov/Transportation/Vehicle-Title-Transactions-by-Department-of-Licens/cdk6-5kdf
Stevens,2026-05-01,55,4,4,0,63,8,0.12698412698412698,https://data.wa.gov/Transportation/Vehicle-Title-Transactions-by-Department-of-Licens/cdk6-5kdf
Stevens,2026-06-01,80,5,1,0,86,6,0.06976744186046512,https://data.wa.gov/Transportation/Vehicle-Title-Transactions-by-Department-of-Licens/cdk6-5kdf
Thurston,2017-01-01,934,3,10,0,947,13,0.013727560718057022,https://data.wa.gov/Transportation/Vehicle-Title-Transactions-by-Department-of-Licens/cdk6-5kdf
Thurston,2017-02-01,683,2,6,0,691,8,0.011577424023154847,https://data.wa.gov/Transportation/Vehicle-Title-Transactions-by-Department-of-Licens/cdk6-5kdf
Thurston,2017-03-01,897,6,2,0,905,8,0.008839779005524863,https://data.wa.gov/Transportation/Vehicle-Title-Transactions-by-Department-of-Licens/cdk6-5kdf
Thurston,2017-04-01,822,8,3,0,833,11,0.013205282112845138,https://data.wa.gov/Transportation/Vehicle-Title-Transactions-by-Department-of-Licens/cdk6-5kdf
Thurston,2017-05-01,842,3,9,0,854,12,0.01405152224824356,https://data.wa.gov/Transportation/Vehicle-Title-Transactions-by-Department-of-Licens/cdk6-5kdf
Thurston,2017-06-01,940,8,6,0,954,14,0.014675052410901468,https://data.wa.gov/Transportation/Vehicle-Title-Transactions-by-Department-of-Licens/cdk6-5kdf
Thurston,2017-07-01,815,10,9,0,834,19,0.022781774580335732,https://data.wa.gov/Transportation/Vehicle-Title-Transactions-by-Department-of-Licens/cdk6-5kdf
Thurston,2017-08-01,1059,5,5,0,1069,10,0.009354536950420954,https://data.wa.gov/Transportation/Vehicle-Title-Transactions-by-Department-of-Licens/cdk6-5kdf
Thurston,2017-09-01,956,9,4,0,969,13,0.013415892672858616,https://data.wa.gov/Transportation/Vehicle-Title-Transactions-by-Department-of-Licens/cdk6-5kdf
Thurston,2017-10-01,853,6,6,0,865,12,0.013872832369942197,https://data.wa.gov/Transportation/Vehicle-Title-Transactions-by-Department-of-Licens/cdk6-5kdf
Thurston,2017-11-01,818,10,5,0,833,15,0.01800720288115246,https://data.wa.gov/Transportation/Vehicle-Title-Transactions-by-Department-of-Licens/cdk6-5kdf
Thurston,2017-12-01,806,7,8,0,821,15,0.018270401948842874,https://data.wa.gov/Transportation/Vehicle-Title-Transactions-by-Department-of-Licens/cdk6-5kdf
Thurston,2018-01-01,1009,15,16,0,1040,31,0.02980769230769231,https://data.wa.gov/Transportation/Vehicle-Title-Transactions-by-Department-of-Licens/cdk6-5kdf
Thurston,2018-02-01,735,4,6,0,745,10,0.013422818791946308,https://data.wa.gov/Transportation/Vehicle-Title-Transactions-by-Department-of-Licens/cdk6-5kdf
Thurston,2018-03-01,902,16,9,0,927,25,0.02696871628910464,https://data.wa.gov/Transportation/Vehicle-Title-Transactions-by-Department-of-Licens/cdk6-5kdf
Thurston,2018-04-01,818,15,12,0,845,27,0.03195266272189349,https://data.wa.gov/Transportation/Vehicle-Title-Transactions-by-Department-of-Licens/cdk6-5kdf
Thurston,2018-05-01,881,23,19,0,923,42,0.04550379198266522,https://data.wa.gov/Transportation/Vehicle-Title-Transactions-by-Department-of-Licens/cdk6-5kdf
Thurston,2018-06-01,902,25,10,0,937,35,0.03735325506937033,https://data.wa.gov/Transportation/Vehicle-Title-Transactions-by-Department-of-Licens/cdk6-5kdf
Thurston,2018-07-01,978,11,11,0,1000,22,0.022,https://data.wa.gov/Transportation/Vehicle-Title-Transactions-by-Department-of-Licens/cdk6-5kdf
Thurston,2018-08-01,902,19,17,0,938,36,0.03837953091684435,https://data.wa.gov/Transportation/Vehicle-Title-Transactions-by-Department-of-Licens/cdk6-5kdf
Thurston,2018-09-01,891,11,12,0,914,23,0.02516411378555799,https://data.wa.gov/Transportation/Vehicle-Title-Transactions-by-Department-of-Licens/cdk6-5kdf
Thurston,2018-10-01,876,31,11,0,918,42,0.0457516339869281,https://data.wa.gov/Transportation/Vehicle-Title-Transactions-by-Department-of-Licens/cdk6-5kdf
Thurston,2018-11-01,747,36,14,0,797,50,0.06273525721455459,https://data.wa.gov/Transportation/Vehicle-Title-Transactions-by-Department-of-Licens/cdk6-5kdf
Thurston,2018-12-01,762,23,8,0,793,31,0.03909205548549811,https://data.wa.gov/Transportation/Vehicle-Title-Transactions-by-Department-of-Licens/cdk6-5kdf
Thurston,2019-01-01,995,28,10,0,1033,38,0.036786060019361085,https://data.wa.gov/Transportation/Vehicle-Title-Transactions-by-Department-of-Licens/cdk6-5kdf
Thurston,2019-02-01,570,8,0,0,578,8,0.01384083044982699,https://data.wa.gov/Transportation/Vehicle-Title-Transactions-by-Department-of-Licens/cdk6-5kdf
Thurston,2019-03-01,718,12,4,0,734,16,0.021798365122615803,https://data.wa.gov/Transportation/Vehicle-Title-Transactions-by-Department-of-Licens/cdk6-5kdf
Thurston,2019-04-01,793,15,6,0,814,21,0.025798525798525797,https://data.wa.gov/Transportation/Vehicle-Title-Transactions-by-Department-of-Licens/cdk6-5kdf
Thurston,2019-05-01,765,16,11,0,792,27,0.03409090909090909,https://data.wa.gov/Transportation/Vehicle-Title-Transactions-by-Department-of-Licens/cdk6-5kdf
Thurston,2019-06-01,843,21,5,0,869,26,0.02991944764096663,https://data.wa.gov/Transportation/Vehicle-Title-Transactions-by-Department-of-Licens/cdk6-5kdf
Thurston,2019-07-01,854,22,3,0,879,25,0.02844141069397042,https://data.wa.gov/Transportation/Vehicle-Title-Transactions-by-Department-of-Licens/cdk6-5kdf
Thurston,2019-08-01,862,22,4,0,888,26,0.02927927927927928,https://data.wa.gov/Transportation/Vehicle-Title-Transactions-by-Department-of-Licens/cdk6-5kdf
Thurston,2019-09-01,859,21,5,0,885,26,0.02937853107344633,https://data.wa.gov/Transportation/Vehicle-Title-Transactions-by-Department-of-Licens/cdk6-5kdf
Thurston,2019-10-01,876,46,3,0,925,49,0.05297297297297297,https://data.wa.gov/Transportation/Vehicle-Title-Transactions-by-Department-of-Licens/cdk6-5kdf
Thurston,2019-11-01,710,13,3,0,726,16,0.02203856749311295,https://data.wa.gov/Transportation/Vehicle-Title-Transactions-by-Department-of-Licens/cdk6-5kdf
Thurston,2019-12-01,823,14,5,0,842,19,0.022565320665083134,https://data.wa.gov/Transportation/Vehicle-Title-Transactions-by-Department-of-Licens/cdk6-5kdf
Thurston,2020-01-01,878,40,6,0,924,46,0.049783549783549784,https://data.wa.gov/Transportation/Vehicle-Title-Transactions-by-Department-of-Licens/cdk6-5kdf
Thurston,2020-02-01,648,8,4,0,660,12,0.01818181818181818,https://data.wa.gov/Transportation/Vehicle-Title-Transactions-by-Department-of-Licens/cdk6-5kdf
Thurston,2020-03-01,746,18,4,0,768,22,0.028645833333333332,https://data.wa.gov/Transportation/Vehicle-Title-Transactions-by-Department-of-Licens/cdk6-5kdf
Thurston,2020-04-01,274,10,3,0,287,13,0.04529616724738676,https://data.wa.gov/Transportation/Vehicle-Title-Transactions-by-Department-of-Licens/cdk6-5kdf
Thurston,2020-05-01,405,2,3,0,410,5,0.012195121951219513,https://data.wa.gov/Transportation/Vehicle-Title-Transactions-by-Department-of-Licens/cdk6-5kdf
Thurston,2020-06-01,882,7,5,0,894,12,0.013422818791946308,https://data.wa.gov/Transportation/Vehicle-Title-Transactions-by-Department-of-Licens/cdk6-5kdf
Thurston,2020-07-01,832,28,6,0,866,34,0.03926096997690531,https://data.wa.gov/Transportation/Vehicle-Title-Transactions-by-Department-of-Licens/cdk6-5kdf
Thurston,2020-08-01,815,17,4,0,836,21,0.025119617224880382,https://data.wa.gov/Transportation/Vehicle-Title-Transactions-by-Department-of-Licens/cdk6-5kdf
Thurston,2020-09-01,887,17,3,0,907,20,0.022050716648291068,https://data.wa.gov/Transportation/Vehicle-Title-Transactions-by-Department-of-Licens/cdk6-5kdf
Thurston,2020-10-01,796,35,2,0,833,37,0.04441776710684274,https://data.wa.gov/Transportation/Vehicle-Title-Transactions-by-Department-of-Licens/cdk6-5kdf
Thurston,2020-11-01,703,33,4,0,740,37,0.05,https://data.wa.gov/Transportation/Vehicle-Title-Transactions-by-Department-of-Licens/cdk6-5kdf
Thurston,2020-12-01,953,32,5,0,990,37,0.03737373737373737,https://data.wa.gov/Transportation/Vehicle-Title-Transactions-by-Department-of-Licens/cdk6-5kdf
Thurston,2021-01-01,798,32,12,0,842,44,0.052256532066508314,https://data.wa.gov/Transportation/Vehicle-Title-Transactions-by-Department-of-Licens/cdk6-5kdf
Thurston,2021-02-01,679,23,10,0,712,33,0.046348314606741575,https://data.wa.gov/Transportation/Vehicle-Title-Transactions-by-Department-of-Licens/cdk6-5kdf
Thurston,2021-03-01,891,30,9,0,930,39,0.041935483870967745,https://data.wa.gov/Transportation/Vehicle-Title-Transactions-by-Department-of-Licens/cdk6-5kdf
Thurston,2021-04-01,885,53,12,0,950,65,0.06842105263157895,https://data.wa.gov/Transportation/Vehicle-Title-Transactions-by-Department-of-Licens/cdk6-5kdf
Thurston,2021-05-01,964,37,15,0,1016,52,0.051181102362204724,https://data.wa.gov/Transportation/Vehicle-Title-Transactions-by-Department-of-Licens/cdk6-5kdf
Thurston,2021-06-01,933,30,20,0,983,50,0.0508646998982706,https://data.wa.gov/Transportation/Vehicle-Title-Transactions-by-Department-of-Licens/cdk6-5kdf
Thurston,2021-07-01,792,62,11,0,865,73,0.08439306358381503,https://data.wa.gov/Transportation/Vehicle-Title-Transactions-by-Department-of-Licens/cdk6-5kdf
Thurston,2021-08-01,800,44,12,0,856,56,0.06542056074766354,https://data.wa.gov/Transportation/Vehicle-Title-Transactions-by-Department-of-Licens/cdk6-5kdf
Thurston,2021-09-01,721,27,5,0,753,32,0.04249667994687915,https://data.wa.gov/Transportation/Vehicle-Title-Transactions-by-Department-of-Licens/cdk6-5kdf
Thurston,2021-10-01,613,48,14,0,675,62,0.09185185185185185,https://data.wa.gov/Transportation/Vehicle-Title-Transactions-by-Department-of-Licens/cdk6-5kdf
Thurston,2021-11-01,545,33,14,0,592,47,0.07939189189189189,https://data.wa.gov/Transportation/Vehicle-Title-Transactions-by-Department-of-Licens/cdk6-5kdf
Thurston,2021-12-01,684,22,9,0,715,31,0.043356643356643354,https://data.wa.gov/Transportation/Vehicle-Title-Transactions-by-Department-of-Licens/cdk6-5kdf
Thurston,2022-01-01,694,50,8,1,753,59,0.07835325365205843,https://data.wa.gov/Transportation/Vehicle-Title-Transactions-by-Department-of-Licens/cdk6-5kdf
Thurston,2022-02-01,630,44,10,0,684,54,0.07894736842105263,https://data.wa.gov/Transportation/Vehicle-Title-Transactions-by-Department-of-Licens/cdk6-5kdf
Thurston,2022-03-01,758,54,4,0,816,58,0.07107843137254902,https://data.wa.gov/Transportation/Vehicle-Title-Transactions-by-Department-of-Licens/cdk6-5kdf
Thurston,2022-04-01,613,46,11,0,670,57,0.08507462686567165,https://data.wa.gov/Transportation/Vehicle-Title-Transactions-by-Department-of-Licens/cdk6-5kdf
Thurston,2022-05-01,673,40,13,0,726,53,0.07300275482093664,https://data.wa.gov/Transportation/Vehicle-Title-Transactions-by-Department-of-Licens/cdk6-5kdf
Thurston,2022-06-01,743,48,19,0,810,67,0.08271604938271605,https://data.wa.gov/Transportation/Vehicle-Title-Transactions-by-Department-of-Licens/cdk6-5kdf
Thurston,2022-07-01,591,38,14,0,643,52,0.08087091757387248,https://data.wa.gov/Transportation/Vehicle-Title-Transactions-by-Department-of-Licens/cdk6-5kdf
Thurston,2022-08-01,636,76,12,0,724,88,0.12154696132596685,https://data.wa.gov/Transportation/Vehicle-Title-Transactions-by-Department-of-Licens/cdk6-5kdf
Thurston,2022-09-01,664,57,4,0,725,61,0.08413793103448276,https://data.wa.gov/Transportation/Vehicle-Title-Transactions-by-Department-of-Licens/cdk6-5kdf
Thurston,2022-10-01,600,85,7,0,692,92,0.1329479768786127,https://data.wa.gov/Transportation/Vehicle-Title-Transactions-by-Department-of-Licens/cdk6-5kdf
Thurston,2022-11-01,592,68,7,0,667,75,0.11244377811094453,https://data.wa.gov/Transportation/Vehicle-Title-Transactions-by-Department-of-Licens/cdk6-5kdf
Thurston,2022-12-01,649,65,12,0,726,77,0.10606060606060606,https://data.wa.gov/Transportation/Vehicle-Title-Transactions-by-Department-of-Licens/cdk6-5kdf
Thurston,2023-01-01,619,73,19,0,711,92,0.12939521800281295,https://data.wa.gov/Transportation/Vehicle-Title-Transactions-by-Department-of-Licens/cdk6-5kdf
Thurston,2023-02-01,580,69,16,0,665,85,0.12781954887218044,https://data.wa.gov/Transportation/Vehicle-Title-Transactions-by-Department-of-Licens/cdk6-5kdf
Thurston,2023-03-01,724,82,22,0,828,104,0.12560386473429952,https://data.wa.gov/Transportation/Vehicle-Title-Transactions-by-Department-of-Licens/cdk6-5kdf
Thurston,2023-04-01,614,82,18,0,714,100,0.1400560224089636,https://data.wa.gov/Transportation/Vehicle-Title-Transactions-by-Department-of-Licens/cdk6-5kdf
Thurston,2023-05-01,707,97,15,0,819,112,0.13675213675213677,https://data.wa.gov/Transportation/Vehicle-Title-Transactions-by-Department-of-Licens/cdk6-5kdf
Thurston,2023-06-01,721,69,18,0,808,87,0.10767326732673267,https://data.wa.gov/Transportation/Vehicle-Title-Transactions-by-Department-of-Licens/cdk6-5kdf
Thurston,2023-07-01,599,82,13,0,694,95,0.13688760806916425,https://data.wa.gov/Transportation/Vehicle-Title-Transactions-by-Department-of-Licens/cdk6-5kdf
Thurston,2023-08-01,679,150,25,0,854,175,0.20491803278688525,https://data.wa.gov/Transportation/Vehicle-Title-Transactions-by-Department-of-Licens/cdk6-5kdf
Thurston,2023-09-01,634,88,21,0,743,109,0.14670255720053835,https://data.wa.gov/Transportation/Vehicle-Title-Transactions-by-Department-of-Licens/cdk6-5kdf
Thurston,2023-10-01,624,105,20,0,749,125,0.16688918558077437,https://data.wa.gov/Transportation/Vehicle-Title-Transactions-by-Department-of-Licens/cdk6-5kdf
Thurston,2023-11-01,668,82,36,0,786,118,0.15012722646310434,https://data.wa.gov/Transportation/Vehicle-Title-Transactions-by-Department-of-Licens/cdk6-5kdf
Thurston,2023-12-01,601,110,26,0,737,136,0.18453188602442333,https://data.wa.gov/Transportation/Vehicle-Title-Transactions-by-Department-of-Licens/cdk6-5kdf
Thurston,2024-01-01,778,125,30,0,933,155,0.16613076098606644,https://data.wa.gov/Transportation/Vehicle-Title-Transactions-by-Department-of-Licens/cdk6-5kdf
Thurston,2024-02-01,597,87,20,0,704,107,0.15198863636363635,https://data.wa.gov/Transportation/Vehicle-Title-Transactions-by-Department-of-Licens/cdk6-5kdf
Thurston,2024-03-01,640,85,25,0,750,110,0.14666666666666667,https://data.wa.gov/Transportation/Vehicle-Title-Transactions-by-Department-of-Licens/cdk6-5kdf
Thurston,2024-04-01,539,77,20,0,636,97,0.15251572327044025,https://data.wa.gov/Transportation/Vehicle-Title-Transactions-by-Department-of-Licens/cdk6-5kdf
Thurston,2024-05-01,789,98,27,0,914,125,0.13676148796498905,https://data.wa.gov/Transportation/Vehicle-Title-Transactions-by-Department-of-Licens/cdk6-5kdf
Thurston,2024-06-01,644,75,29,0,748,104,0.13903743315508021,https://data.wa.gov/Transportation/Vehicle-Title-Transactions-by-Department-of-Licens/cdk6-5kdf
Thurston,2024-07-01,769,149,48,0,966,197,0.2039337474120083,https://data.wa.gov/Transportation/Vehicle-Title-Transactions-by-Department-of-Licens/cdk6-5kdf
Thurston,2024-08-01,631,142,36,0,809,178,0.2200247218788628,https://data.wa.gov/Transportation/Vehicle-Title-Transactions-by-Department-of-Licens/cdk6-5kdf
Thurston,2024-09-01,572,138,22,0,732,160,0.2185792349726776,https://data.wa.gov/Transportation/Vehicle-Title-Transactions-by-Department-of-Licens/cdk6-5kdf
Thurston,2024-10-01,702,146,31,0,879,177,0.20136518771331058,https://data.wa.gov/Transportation/Vehicle-Title-Transactions-by-Department-of-Licens/cdk6-5kdf
Thurston,2024-11-01,588,84,25,0,697,109,0.1563845050215208,https://data.wa.gov/Transportation/Vehicle-Title-Transactions-by-Department-of-Licens/cdk6-5kdf
Thurston,2024-12-01,758,138,42,0,938,180,0.19189765458422176,https://data.wa.gov/Transportation/Vehicle-Title-Transactions-by-Department-of-Licens/cdk6-5kdf
Thurston,2025-01-01,785,139,34,0,958,173,0.18058455114822547,https://data.wa.gov/Transportation/Vehicle-Title-Transactions-by-Department-of-Licens/cdk6-5kdf
Thurston,2025-02-01,563,71,26,0,660,97,0.14696969696969697,https://data.wa.gov/Transportation/Vehicle-Title-Transactions-by-Department-of-Licens/cdk6-5kdf
Thurston,2025-03-01,632,86,30,0,748,116,0.15508021390374332,https://data.wa.gov/Transportation/Vehicle-Title-Transactions-by-Department-of-Licens/cdk6-5kdf
Thurston,2025-04-01,800,109,34,0,943,143,0.15164369034994699,https://data.wa.gov/Transportation/Vehicle-Title-Transactions-by-Department-of-Licens/cdk6-5kdf
Thurston,2025-05-01,697,85,32,0,814,117,0.14373464373464373,https://data.wa.gov/Transportation/Vehicle-Title-Transactions-by-Department-of-Licens/cdk6-5kdf
Thurston,2025-06-01,666,77,24,0,767,101,0.1316818774445893,https://data.wa.gov/Transportation/Vehicle-Title-Transactions-by-Department-of-Licens/cdk6-5kdf
Thurston,2025-07-01,713,116,13,0,842,129,0.15320665083135393,https://data.wa.gov/Transportation/Vehicle-Title-Transactions-by-Department-of-Licens/cdk6-5kdf
Thurston,2025-08-01,628,137,26,0,791,163,0.20606826801517067,https://data.wa.gov/Transportation/Vehicle-Title-Transactions-by-Department-of-Licens/cdk6-5kdf
Thurston,2025-09-01,647,119,17,0,783,136,0.17369093231162197,https://data.wa.gov/Transportation/Vehicle-Title-Transactions-by-Department-of-Licens/cdk6-5kdf
Thurston,2025-10-01,627,158,20,0,805,178,0.22111801242236026,https://data.wa.gov/Transportation/Vehicle-Title-Transactions-by-Department-of-Licens/cdk6-5kdf
Thurston,2025-11-01,494,60,10,0,564,70,0.12411347517730496,https://data.wa.gov/Transportation/Vehicle-Title-Transactions-by-Department-of-Licens/cdk6-5kdf
Thurston,2025-12-01,637,48,10,0,695,58,0.08345323741007195,https://data.wa.gov/Transportation/Vehicle-Title-Transactions-by-Department-of-Licens/cdk6-5kdf
Thurston,2026-01-01,707,62,6,0,775,68,0.08774193548387096,https://data.wa.gov/Transportation/Vehicle-Title-Transactions-by-Department-of-Licens/cdk6-5kdf
Thurston,2026-02-01,546,73,9,0,628,82,0.1305732484076433,https://data.wa.gov/Transportation/Vehicle-Title-Transactions-by-Department-of-Licens/cdk6-5kdf
Thurston,2026-03-01,602,79,11,0,692,90,0.13005780346820808,https://data.wa.gov/Transportation/Vehicle-Title-Transactions-by-Department-of-Licens/cdk6-5kdf
Thurston,2026-04-01,606,102,14,0,722,116,0.16066481994459833,https://data.wa.gov/Transportation/Vehicle-Title-Transactions-by-Department-of-Licens/cdk6-5kdf
Thurston,2026-05-01,599,80,14,0,693,94,0.13564213564213565,https://data.wa.gov/Transportation/Vehicle-Title-Transactions-by-Department-of-Licens/cdk6-5kdf
Thurston,2026-06-01,751,83,18,0,852,101,0.11854460093896714,https://data.wa.gov/Transportation/Vehicle-Title-Transactions-by-Department-of-Licens/cdk6-5kdf
Unknown or Out of State,2017-01-01,1060,9,1,0,1070,10,0.009345794392523364,https://data.wa.gov/Transportation/Vehicle-Title-Transactions-by-Department-of-Licens/cdk6-5kdf
Unknown or Out of State,2017-02-01,903,10,1,0,914,11,0.012035010940919038,https://data.wa.gov/Transportation/Vehicle-Title-Transactions-by-Department-of-Licens/cdk6-5kdf
Unknown or Out of State,2017-03-01,1342,4,4,0,1350,8,0.005925925925925926,https://data.wa.gov/Transportation/Vehicle-Title-Transactions-by-Department-of-Licens/cdk6-5kdf
Unknown or Out of State,2017-04-01,1094,5,3,0,1102,8,0.007259528130671506,https://data.wa.gov/Transportation/Vehicle-Title-Transactions-by-Department-of-Licens/cdk6-5kdf
Unknown or Out of State,2017-05-01,1206,6,4,0,1216,10,0.008223684210526315,https://data.wa.gov/Transportation/Vehicle-Title-Transactions-by-Department-of-Licens/cdk6-5kdf
Unknown or Out of State,2017-06-01,1134,4,5,0,1143,9,0.007874015748031496,https://data.wa.gov/Transportation/Vehicle-Title-Transactions-by-Department-of-Licens/cdk6-5kdf
Unknown or Out of State,2017-07-01,609,7,2,0,618,9,0.014563106796116505,https://data.wa.gov/Transportation/Vehicle-Title-Transactions-by-Department-of-Licens/cdk6-5kdf
Unknown or Out of State,2017-08-01,640,4,4,0,648,8,0.012345679012345678,https://data.wa.gov/Transportation/Vehicle-Title-Transactions-by-Department-of-Licens/cdk6-5kdf
Unknown or Out of State,2017-09-01,610,4,1,0,615,5,0.008130081300813009,https://data.wa.gov/Transportation/Vehicle-Title-Transactions-by-Department-of-Licens/cdk6-5kdf
Unknown or Out of State,2017-10-01,570,8,4,0,582,12,0.020618556701030927,https://data.wa.gov/Transportation/Vehicle-Title-Transactions-by-Department-of-Licens/cdk6-5kdf
Unknown or Out of State,2017-11-01,739,4,3,0,746,7,0.00938337801608579,https://data.wa.gov/Transportation/Vehicle-Title-Transactions-by-Department-of-Licens/cdk6-5kdf
Unknown or Out of State,2017-12-01,800,6,4,0,810,10,0.012345679012345678,https://data.wa.gov/Transportation/Vehicle-Title-Transactions-by-Department-of-Licens/cdk6-5kdf
Unknown or Out of State,2018-01-01,1017,5,5,0,1027,10,0.009737098344693282,https://data.wa.gov/Transportation/Vehicle-Title-Transactions-by-Department-of-Licens/cdk6-5kdf
Unknown or Out of State,2018-02-01,1776,2,5,0,1783,7,0.003925967470555244,https://data.wa.gov/Transportation/Vehicle-Title-Transactions-by-Department-of-Licens/cdk6-5kdf
Unknown or Out of State,2018-03-01,2148,5,1,0,2154,6,0.002785515320334262,https://data.wa.gov/Transportation/Vehicle-Title-Transactions-by-Department-of-Licens/cdk6-5kdf
Unknown or Out of State,2018-04-01,1963,6,9,0,1978,15,0.007583417593528817,https://data.wa.gov/Transportation/Vehicle-Title-Transactions-by-Department-of-Licens/cdk6-5kdf
Unknown or Out of State,2018-05-01,2368,9,6,0,2383,15,0.00629458665547629,https://data.wa.gov/Transportation/Vehicle-Title-Transactions-by-Department-of-Licens/cdk6-5kdf
Unknown or Out of State,2018-06-01,1836,8,7,0,1851,15,0.008103727714748784,https://data.wa.gov/Transportation/Vehicle-Title-Transactions-by-Department-of-Licens/cdk6-5kdf
Unknown or Out of State,2018-07-01,932,4,2,0,938,6,0.006396588486140725,https://data.wa.gov/Transportation/Vehicle-Title-Transactions-by-Department-of-Licens/cdk6-5kdf
Unknown or Out of State,2018-08-01,510,6,7,0,523,13,0.0248565965583174,https://data.wa.gov/Transportation/Vehicle-Title-Transactions-by-Department-of-Licens/cdk6-5kdf
Unknown or Out of State,2018-09-01,329,0,0,0,329,0,0,https://data.wa.gov/Transportation/Vehicle-Title-Transactions-by-Department-of-Licens/cdk6-5kdf
Unknown or Out of State,2018-10-01,336,2,3,0,341,5,0.01466275659824047,https://data.wa.gov/Transportation/Vehicle-Title-Transactions-by-Department-of-Licens/cdk6-5kdf
Unknown or Out of State,2018-11-01,296,3,1,0,300,4,0.013333333333333334,https://data.wa.gov/Transportation/Vehicle-Title-Transactions-by-Department-of-Licens/cdk6-5kdf
Unknown or Out of State,2018-12-01,573,7,2,0,582,9,0.015463917525773196,https://data.wa.gov/Transportation/Vehicle-Title-Transactions-by-Department-of-Licens/cdk6-5kdf
Unknown or Out of State,2019-01-01,1034,8,2,0,1044,10,0.009578544061302681,https://data.wa.gov/Transportation/Vehicle-Title-Transactions-by-Department-of-Licens/cdk6-5kdf
Unknown or Out of State,2019-02-01,1145,2,1,0,1148,3,0.002613240418118467,https://data.wa.gov/Transportation/Vehicle-Title-Transactions-by-Department-of-Licens/cdk6-5kdf
Unknown or Out of State,2019-03-01,2616,1,1,0,2618,2,7.639419404125286e-4,https://data.wa.gov/Transportation/Vehicle-Title-Transactions-by-Department-of-Licens/cdk6-5kdf
Unknown or Out of State,2019-04-01,1998,3,2,0,2003,5,0.0024962556165751375,https://data.wa.gov/Transportation/Vehicle-Title-Transactions-by-Department-of-Licens/cdk6-5kdf
Unknown or Out of State,2019-05-01,2393,6,1,0,2400,7,0.002916666666666667,https://data.wa.gov/Transportation/Vehicle-Title-Transactions-by-Department-of-Licens/cdk6-5kdf
Unknown or Out of State,2019-06-01,1031,1,1,0,1033,2,0.001936108422071636,https://data.wa.gov/Transportation/Vehicle-Title-Transactions-by-Department-of-Licens/cdk6-5kdf
Unknown or Out of State,2019-07-01,301,4,2,0,307,6,0.019543973941368076,https://data.wa.gov/Transportation/Vehicle-Title-Transactions-by-Department-of-Licens/cdk6-5kdf
Unknown or Out of State,2019-08-01,288,2,2,0,292,4,0.0136986301369863,https://data.wa.gov/Transportation/Vehicle-Title-Transactions-by-Department-of-Licens/cdk6-5kdf
Unknown or Out of State,2019-09-01,250,1,0,0,251,1,0.00398406374501992,https://data.wa.gov/Transportation/Vehicle-Title-Transactions-by-Department-of-Licens/cdk6-5kdf
Unknown or Out of State,2019-10-01,285,6,1,0,292,7,0.023972602739726026,https://data.wa.gov/Transportation/Vehicle-Title-Transactions-by-Department-of-Licens/cdk6-5kdf
Unknown or Out of State,2019-11-01,248,2,0,0,250,2,0.008,https://data.wa.gov/Transportation/Vehicle-Title-Transactions-by-Department-of-Licens/cdk6-5kdf
Unknown or Out of State,2019-12-01,941,7,0,0,948,7,0.007383966244725738,https://data.wa.gov/Transportation/Vehicle-Title-Transactions-by-Department-of-Licens/cdk6-5kdf
Unknown or Out of State,2020-01-01,989,4,0,0,993,4,0.004028197381671702,https://data.wa.gov/Transportation/Vehicle-Title-Transactions-by-Department-of-Licens/cdk6-5kdf
Unknown or Out of State,2020-02-01,1486,2,1,0,1489,3,0.0020147750167897917,https://data.wa.gov/Transportation/Vehicle-Title-Transactions-by-Department-of-Licens/cdk6-5kdf
Unknown or Out of State,2020-03-01,2356,2,1,0,2359,3,0.001271725307333616,https://data.wa.gov/Transportation/Vehicle-Title-Transactions-by-Department-of-Licens/cdk6-5kdf
Unknown or Out of State,2020-04-01,99,3,0,0,102,3,0.029411764705882353,https://data.wa.gov/Transportation/Vehicle-Title-Transactions-by-Department-of-Licens/cdk6-5kdf
Unknown or Out of State,2020-05-01,125,0,0,0,125,0,0,https://data.wa.gov/Transportation/Vehicle-Title-Transactions-by-Department-of-Licens/cdk6-5kdf
Unknown or Out of State,2020-06-01,247,3,0,0,250,3,0.012,https://data.wa.gov/Transportation/Vehicle-Title-Transactions-by-Department-of-Licens/cdk6-5kdf
Unknown or Out of State,2020-07-01,245,5,2,0,252,7,0.027777777777777776,https://data.wa.gov/Transportation/Vehicle-Title-Transactions-by-Department-of-Licens/cdk6-5kdf
Unknown or Out of State,2020-08-01,411,4,1,0,416,5,0.01201923076923077,https://data.wa.gov/Transportation/Vehicle-Title-Transactions-by-Department-of-Licens/cdk6-5kdf
Unknown or Out of State,2020-09-01,294,3,2,0,299,5,0.016722408026755852,https://data.wa.gov/Transportation/Vehicle-Title-Transactions-by-Department-of-Licens/cdk6-5kdf
Unknown or Out of State,2020-10-01,220,4,0,0,224,4,0.017857142857142856,https://data.wa.gov/Transportation/Vehicle-Title-Transactions-by-Department-of-Licens/cdk6-5kdf
Unknown or Out of State,2020-11-01,225,7,2,0,234,9,0.038461538461538464,https://data.wa.gov/Transportation/Vehicle-Title-Transactions-by-Department-of-Licens/cdk6-5kdf
Unknown or Out of State,2020-12-01,219,4,2,0,225,6,0.02666666666666667,https://data.wa.gov/Transportation/Vehicle-Title-Transactions-by-Department-of-Licens/cdk6-5kdf
Unknown or Out of State,2021-01-01,732,4,2,0,738,6,0.008130081300813009,https://data.wa.gov/Transportation/Vehicle-Title-Transactions-by-Department-of-Licens/cdk6-5kdf
Unknown or Out of State,2021-02-01,1265,4,2,0,1271,6,0.004720692368214005,https://data.wa.gov/Transportation/Vehicle-Title-Transactions-by-Department-of-Licens/cdk6-5kdf
Unknown or Out of State,2021-03-01,2006,0,0,0,2006,0,0,https://data.wa.gov/Transportation/Vehicle-Title-Transactions-by-Department-of-Licens/cdk6-5kdf
Unknown or Out of State,2021-04-01,1947,7,0,0,1954,7,0.0035823950870010235,https://data.wa.gov/Transportation/Vehicle-Title-Transactions-by-Department-of-Licens/cdk6-5kdf
Unknown or Out of State,2021-05-01,1396,4,6,0,1406,10,0.007112375533428165,https://data.wa.gov/Transportation/Vehicle-Title-Transactions-by-Department-of-Licens/cdk6-5kdf
Unknown or Out of State,2021-06-01,792,2,6,0,800,8,0.01,https://data.wa.gov/Transportation/Vehicle-Title-Transactions-by-Department-of-Licens/cdk6-5kdf
Unknown or Out of State,2021-07-01,501,5,1,0,507,6,0.011834319526627219,https://data.wa.gov/Transportation/Vehicle-Title-Transactions-by-Department-of-Licens/cdk6-5kdf
Unknown or Out of State,2021-08-01,392,2,1,0,395,3,0.007594936708860759,https://data.wa.gov/Transportation/Vehicle-Title-Transactions-by-Department-of-Licens/cdk6-5kdf
Unknown or Out of State,2021-09-01,285,0,0,0,285,0,0,https://data.wa.gov/Transportation/Vehicle-Title-Transactions-by-Department-of-Licens/cdk6-5kdf
Unknown or Out of State,2021-10-01,227,4,0,0,231,4,0.017316017316017316,https://data.wa.gov/Transportation/Vehicle-Title-Transactions-by-Department-of-Licens/cdk6-5kdf
Unknown or Out of State,2021-11-01,222,3,3,0,228,6,0.02631578947368421,https://data.wa.gov/Transportation/Vehicle-Title-Transactions-by-Department-of-Licens/cdk6-5kdf
Unknown or Out of State,2021-12-01,320,7,1,0,328,8,0.024390243902439025,https://data.wa.gov/Transportation/Vehicle-Title-Transactions-by-Department-of-Licens/cdk6-5kdf
Unknown or Out of State,2022-01-01,473,7,2,0,482,9,0.01867219917012448,https://data.wa.gov/Transportation/Vehicle-Title-Transactions-by-Department-of-Licens/cdk6-5kdf
Unknown or Out of State,2022-02-01,373,6,0,0,379,6,0.0158311345646438,https://data.wa.gov/Transportation/Vehicle-Title-Transactions-by-Department-of-Licens/cdk6-5kdf
Unknown or Out of State,2022-03-01,939,13,2,0,954,15,0.015723270440251572,https://data.wa.gov/Transportation/Vehicle-Title-Transactions-by-Department-of-Licens/cdk6-5kdf
Unknown or Out of State,2022-04-01,647,9,5,0,661,14,0.02118003025718608,https://data.wa.gov/Transportation/Vehicle-Title-Transactions-by-Department-of-Licens/cdk6-5kdf
Unknown or Out of State,2022-05-01,1130,8,12,0,1150,20,0.017391304347826087,https://data.wa.gov/Transportation/Vehicle-Title-Transactions-by-Department-of-Licens/cdk6-5kdf
Unknown or Out of State,2022-06-01,1327,19,5,0,1351,24,0.01776461880088823,https://data.wa.gov/Transportation/Vehicle-Title-Transactions-by-Department-of-Licens/cdk6-5kdf
Unknown or Out of State,2022-07-01,979,9,1,0,989,10,0.010111223458038422,https://data.wa.gov/Transportation/Vehicle-Title-Transactions-by-Department-of-Licens/cdk6-5kdf
Unknown or Out of State,2022-08-01,779,3,2,0,784,5,0.006377551020408163,https://data.wa.gov/Transportation/Vehicle-Title-Transactions-by-Department-of-Licens/cdk6-5kdf
Unknown or Out of State,2022-09-01,242,13,2,0,257,15,0.058365758754863814,https://data.wa.gov/Transportation/Vehicle-Title-Transactions-by-Department-of-Licens/cdk6-5kdf
Unknown or Out of State,2022-10-01,204,8,0,0,212,8,0.03773584905660377,https://data.wa.gov/Transportation/Vehicle-Title-Transactions-by-Department-of-Licens/cdk6-5kdf
Unknown or Out of State,2022-11-01,223,11,1,0,235,12,0.05106382978723404,https://data.wa.gov/Transportation/Vehicle-Title-Transactions-by-Department-of-Licens/cdk6-5kdf
Unknown or Out of State,2022-12-01,199,10,2,0,211,12,0.05687203791469194,https://data.wa.gov/Transportation/Vehicle-Title-Transactions-by-Department-of-Licens/cdk6-5kdf
Unknown or Out of State,2023-01-01,291,62,2,0,355,64,0.18028169014084508,https://data.wa.gov/Transportation/Vehicle-Title-Transactions-by-Department-of-Licens/cdk6-5kdf
Unknown or Out of State,2023-02-01,477,3,84,0,564,87,0.15425531914893617,https://data.wa.gov/Transportation/Vehicle-Title-Transactions-by-Department-of-Licens/cdk6-5kdf
Unknown or Out of State,2023-03-01,1142,54,119,0,1315,173,0.13155893536121674,https://data.wa.gov/Transportation/Vehicle-Title-Transactions-by-Department-of-Licens/cdk6-5kdf
Unknown or Out of State,2023-04-01,1730,30,468,0,2228,498,0.22351885098743268,https://data.wa.gov/Transportation/Vehicle-Title-Transactions-by-Department-of-Licens/cdk6-5kdf
Unknown or Out of State,2023-05-01,3079,45,157,0,3281,202,0.06156659555013715,https://data.wa.gov/Transportation/Vehicle-Title-Transactions-by-Department-of-Licens/cdk6-5kdf
Unknown or Out of State,2023-06-01,2001,129,247,0,2377,376,0.15818258308792596,https://data.wa.gov/Transportation/Vehicle-Title-Transactions-by-Department-of-Licens/cdk6-5kdf
Unknown or Out of State,2023-07-01,554,166,43,0,763,209,0.27391874180865006,https://data.wa.gov/Transportation/Vehicle-Title-Transactions-by-Department-of-Licens/cdk6-5kdf
Unknown or Out of State,2023-08-01,319,77,37,0,433,114,0.2632794457274827,https://data.wa.gov/Transportation/Vehicle-Title-Transactions-by-Department-of-Licens/cdk6-5kdf
Unknown or Out of State,2023-09-01,384,83,17,0,484,100,0.2066115702479339,https://data.wa.gov/Transportation/Vehicle-Title-Transactions-by-Department-of-Licens/cdk6-5kdf
Unknown or Out of State,2023-10-01,241,39,6,0,286,45,0.15734265734265734,https://data.wa.gov/Transportation/Vehicle-Title-Transactions-by-Department-of-Licens/cdk6-5kdf
Unknown or Out of State,2023-11-01,216,22,6,0,244,28,0.11475409836065574,https://data.wa.gov/Transportation/Vehicle-Title-Transactions-by-Department-of-Licens/cdk6-5kdf
Unknown or Out of State,2023-12-01,277,9,4,0,290,13,0.04482758620689655,https://data.wa.gov/Transportation/Vehicle-Title-Transactions-by-Department-of-Licens/cdk6-5kdf
Unknown or Out of State,2024-01-01,509,20,304,0,833,324,0.38895558223289317,https://data.wa.gov/Transportation/Vehicle-Title-Transactions-by-Department-of-Licens/cdk6-5kdf
Unknown or Out of State,2024-02-01,634,15,162,0,811,177,0.218249075215783,https://data.wa.gov/Transportation/Vehicle-Title-Transactions-by-Department-of-Licens/cdk6-5kdf
Unknown or Out of State,2024-03-01,1427,9,79,0,1515,88,0.058085808580858087,https://data.wa.gov/Transportation/Vehicle-Title-Transactions-by-Department-of-Licens/cdk6-5kdf
Unknown or Out of State,2024-04-01,700,12,4,0,716,16,0.0223463687150838,https://data.wa.gov/Transportation/Vehicle-Title-Transactions-by-Department-of-Licens/cdk6-5kdf
Unknown or Out of State,2024-05-01,1874,83,9,0,1966,92,0.04679552390640895,https://data.wa.gov/Transportation/Vehicle-Title-Transactions-by-Department-of-Licens/cdk6-5kdf
Unknown or Out of State,2024-06-01,881,25,12,0,918,37,0.04030501089324619,https://data.wa.gov/Transportation/Vehicle-Title-Transactions-by-Department-of-Licens/cdk6-5kdf
Unknown or Out of State,2024-07-01,656,18,12,0,686,30,0.043731778425655975,https://data.wa.gov/Transportation/Vehicle-Title-Transactions-by-Department-of-Licens/cdk6-5kdf
Unknown or Out of State,2024-08-01,162,31,4,0,197,35,0.17766497461928935,https://data.wa.gov/Transportation/Vehicle-Title-Transactions-by-Department-of-Licens/cdk6-5kdf
Unknown or Out of State,2024-09-01,159,29,4,0,192,33,0.171875,https://data.wa.gov/Transportation/Vehicle-Title-Transactions-by-Department-of-Licens/cdk6-5kdf
Unknown or Out of State,2024-10-01,165,21,1,0,187,22,0.11764705882352941,https://data.wa.gov/Transportation/Vehicle-Title-Transactions-by-Department-of-Licens/cdk6-5kdf
Unknown or Out of State,2024-11-01,388,9,4,0,401,13,0.032418952618453865,https://data.wa.gov/Transportation/Vehicle-Title-Transactions-by-Department-of-Licens/cdk6-5kdf
Unknown or Out of State,2024-12-01,808,10,6,0,824,16,0.019417475728155338,https://data.wa.gov/Transportation/Vehicle-Title-Transactions-by-Department-of-Licens/cdk6-5kdf
Unknown or Out of State,2025-01-01,347,22,10,0,379,32,0.08443271767810026,https://data.wa.gov/Transportation/Vehicle-Title-Transactions-by-Department-of-Licens/cdk6-5kdf
Unknown or Out of State,2025-02-01,555,10,7,0,572,17,0.02972027972027972,https://data.wa.gov/Transportation/Vehicle-Title-Transactions-by-Department-of-Licens/cdk6-5kdf
Unknown or Out of State,2025-03-01,2230,12,82,0,2324,94,0.04044750430292599,https://data.wa.gov/Transportation/Vehicle-Title-Transactions-by-Department-of-Licens/cdk6-5kdf
Unknown or Out of State,2025-04-01,2589,19,100,0,2708,119,0.04394387001477105,https://data.wa.gov/Transportation/Vehicle-Title-Transactions-by-Department-of-Licens/cdk6-5kdf
Unknown or Out of State,2025-05-01,2009,9,38,0,2056,47,0.022859922178988325,https://data.wa.gov/Transportation/Vehicle-Title-Transactions-by-Department-of-Licens/cdk6-5kdf
Unknown or Out of State,2025-06-01,960,18,3,0,981,21,0.021406727828746176,https://data.wa.gov/Transportation/Vehicle-Title-Transactions-by-Department-of-Licens/cdk6-5kdf
Unknown or Out of State,2025-07-01,909,21,7,0,937,28,0.029882604055496264,https://data.wa.gov/Transportation/Vehicle-Title-Transactions-by-Department-of-Licens/cdk6-5kdf
Unknown or Out of State,2025-08-01,225,34,2,0,261,36,0.13793103448275862,https://data.wa.gov/Transportation/Vehicle-Title-Transactions-by-Department-of-Licens/cdk6-5kdf
Unknown or Out of State,2025-09-01,214,21,5,0,240,26,0.10833333333333334,https://data.wa.gov/Transportation/Vehicle-Title-Transactions-by-Department-of-Licens/cdk6-5kdf
Unknown or Out of State,2025-10-01,115,24,2,0,141,26,0.18439716312056736,https://data.wa.gov/Transportation/Vehicle-Title-Transactions-by-Department-of-Licens/cdk6-5kdf
Unknown or Out of State,2025-11-01,101,9,1,0,111,10,0.09009009009009009,https://data.wa.gov/Transportation/Vehicle-Title-Transactions-by-Department-of-Licens/cdk6-5kdf
Unknown or Out of State,2025-12-01,425,5,0,0,430,5,0.011627906976744186,https://data.wa.gov/Transportation/Vehicle-Title-Transactions-by-Department-of-Licens/cdk6-5kdf
Unknown or Out of State,2026-01-01,402,9,1,0,412,10,0.024271844660194174,https://data.wa.gov/Transportation/Vehicle-Title-Transactions-by-Department-of-Licens/cdk6-5kdf
Unknown or Out of State,2026-02-01,577,5,1,0,583,6,0.010291595197255575,https://data.wa.gov/Transportation/Vehicle-Title-Transactions-by-Department-of-Licens/cdk6-5kdf
Unknown or Out of State,2026-03-01,1181,5,2,0,1188,7,0.005892255892255892,https://data.wa.gov/Transportation/Vehicle-Title-Transactions-by-Department-of-Licens/cdk6-5kdf
Unknown or Out of State,2026-04-01,1737,10,1,0,1748,11,0.006292906178489702,https://data.wa.gov/Transportation/Vehicle-Title-Transactions-by-Department-of-Licens/cdk6-5kdf
Unknown or Out of State,2026-05-01,839,19,5,0,863,24,0.027809965237543453,https://data.wa.gov/Transportation/Vehicle-Title-Transactions-by-Department-of-Licens/cdk6-5kdf
Unknown or Out of State,2026-06-01,625,9,6,0,640,15,0.0234375,https://data.wa.gov/Transportation/Vehicle-Title-Transactions-by-Department-of-Licens/cdk6-5kdf
Wahkiakum,2017-01-01,14,0,0,0,14,0,0,https://data.wa.gov/Transportation/Vehicle-Title-Transactions-by-Department-of-Licens/cdk6-5kdf
Wahkiakum,2017-02-01,9,0,0,0,9,0,0,https://data.wa.gov/Transportation/Vehicle-Title-Transactions-by-Department-of-Licens/cdk6-5kdf
Wahkiakum,2017-03-01,12,0,0,0,12,0,0,https://data.wa.gov/Transportation/Vehicle-Title-Transactions-by-Department-of-Licens/cdk6-5kdf
Wahkiakum,2017-04-01,13,0,0,0,13,0,0,https://data.wa.gov/Transportation/Vehicle-Title-Transactions-by-Department-of-Licens/cdk6-5kdf
Wahkiakum,2017-05-01,12,0,0,0,12,0,0,https://data.wa.gov/Transportation/Vehicle-Title-Transactions-by-Department-of-Licens/cdk6-5kdf
Wahkiakum,2017-06-01,12,0,0,0,12,0,0,https://data.wa.gov/Transportation/Vehicle-Title-Transactions-by-Department-of-Licens/cdk6-5kdf
Wahkiakum,2017-07-01,6,0,0,0,6,0,0,https://data.wa.gov/Transportation/Vehicle-Title-Transactions-by-Department-of-Licens/cdk6-5kdf
Wahkiakum,2017-08-01,10,0,0,0,10,0,0,https://data.wa.gov/Transportation/Vehicle-Title-Transactions-by-Department-of-Licens/cdk6-5kdf
Wahkiakum,2017-09-01,15,0,0,0,15,0,0,https://data.wa.gov/Transportation/Vehicle-Title-Transactions-by-Department-of-Licens/cdk6-5kdf
Wahkiakum,2017-10-01,13,0,0,0,13,0,0,https://data.wa.gov/Transportation/Vehicle-Title-Transactions-by-Department-of-Licens/cdk6-5kdf
Wahkiakum,2017-11-01,13,0,0,0,13,0,0,https://data.wa.gov/Transportation/Vehicle-Title-Transactions-by-Department-of-Licens/cdk6-5kdf
Wahkiakum,2017-12-01,13,0,0,0,13,0,0,https://data.wa.gov/Transportation/Vehicle-Title-Transactions-by-Department-of-Licens/cdk6-5kdf
Wahkiakum,2018-01-01,10,0,0,0,10,0,0,https://data.wa.gov/Transportation/Vehicle-Title-Transactions-by-Department-of-Licens/cdk6-5kdf
Wahkiakum,2018-02-01,11,0,0,0,11,0,0,https://data.wa.gov/Transportation/Vehicle-Title-Transactions-by-Department-of-Licens/cdk6-5kdf
Wahkiakum,2018-03-01,9,1,0,0,10,1,0.1,https://data.wa.gov/Transportation/Vehicle-Title-Transactions-by-Department-of-Licens/cdk6-5kdf
Wahkiakum,2018-04-01,7,0,1,0,8,1,0.125,https://data.wa.gov/Transportation/Vehicle-Title-Transactions-by-Department-of-Licens/cdk6-5kdf
Wahkiakum,2018-05-01,9,0,0,0,9,0,0,https://data.wa.gov/Transportation/Vehicle-Title-Transactions-by-Department-of-Licens/cdk6-5kdf
Wahkiakum,2018-06-01,12,0,0,0,12,0,0,https://data.wa.gov/Transportation/Vehicle-Title-Transactions-by-Department-of-Licens/cdk6-5kdf
Wahkiakum,2018-07-01,14,0,0,0,14,0,0,https://data.wa.gov/Transportation/Vehicle-Title-Transactions-by-Department-of-Licens/cdk6-5kdf
Wahkiakum,2018-08-01,9,0,0,0,9,0,0,https://data.wa.gov/Transportation/Vehicle-Title-Transactions-by-Department-of-Licens/cdk6-5kdf
Wahkiakum,2018-09-01,7,0,0,0,7,0,0,https://data.wa.gov/Transportation/Vehicle-Title-Transactions-by-Department-of-Licens/cdk6-5kdf
Wahkiakum,2018-10-01,7,0,0,0,7,0,0,https://data.wa.gov/Transportation/Vehicle-Title-Transactions-by-Department-of-Licens/cdk6-5kdf
Wahkiakum,2018-11-01,8,0,0,0,8,0,0,https://data.wa.gov/Transportation/Vehicle-Title-Transactions-by-Department-of-Licens/cdk6-5kdf
Wahkiakum,2018-12-01,14,0,0,0,14,0,0,https://data.wa.gov/Transportation/Vehicle-Title-Transactions-by-Department-of-Licens/cdk6-5kdf
Wahkiakum,2019-01-01,13,0,0,0,13,0,0,https://data.wa.gov/Transportation/Vehicle-Title-Transactions-by-Department-of-Licens/cdk6-5kdf
Wahkiakum,2019-02-01,13,0,0,0,13,0,0,https://data.wa.gov/Transportation/Vehicle-Title-Transactions-by-Department-of-Licens/cdk6-5kdf
Wahkiakum,2019-03-01,13,0,0,0,13,0,0,https://data.wa.gov/Transportation/Vehicle-Title-Transactions-by-Department-of-Licens/cdk6-5kdf
Wahkiakum,2019-04-01,14,0,0,0,14,0,0,https://data.wa.gov/Transportation/Vehicle-Title-Transactions-by-Department-of-Licens/cdk6-5kdf
Wahkiakum,2019-05-01,8,1,0,0,9,1,0.1111111111111111,https://data.wa.gov/Transportation/Vehicle-Title-Transactions-by-Department-of-Licens/cdk6-5kdf
Wahkiakum,2019-06-01,10,0,0,0,10,0,0,https://data.wa.gov/Transportation/Vehicle-Title-Transactions-by-Department-of-Licens/cdk6-5kdf
Wahkiakum,2019-07-01,7,0,0,0,7,0,0,https://data.wa.gov/Transportation/Vehicle-Title-Transactions-by-Department-of-Licens/cdk6-5kdf
Wahkiakum,2019-08-01,17,0,0,0,17,0,0,https://data.wa.gov/Transportation/Vehicle-Title-Transactions-by-Department-of-Licens/cdk6-5kdf
Wahkiakum,2019-09-01,12,0,1,0,13,1,0.07692307692307693,https://data.wa.gov/Transportation/Vehicle-Title-Transactions-by-Department-of-Licens/cdk6-5kdf
Wahkiakum,2019-10-01,9,0,0,0,9,0,0,https://data.wa.gov/Transportation/Vehicle-Title-Transactions-by-Department-of-Licens/cdk6-5kdf
Wahkiakum,2019-11-01,10,0,0,0,10,0,0,https://data.wa.gov/Transportation/Vehicle-Title-Transactions-by-Department-of-Licens/cdk6-5kdf
Wahkiakum,2019-12-01,11,0,0,0,11,0,0,https://data.wa.gov/Transportation/Vehicle-Title-Transactions-by-Department-of-Licens/cdk6-5kdf
Wahkiakum,2020-01-01,9,0,0,0,9,0,0,https://data.wa.gov/Transportation/Vehicle-Title-Transactions-by-Department-of-Licens/cdk6-5kdf
Wahkiakum,2020-02-01,6,0,0,0,6,0,0,https://data.wa.gov/Transportation/Vehicle-Title-Transactions-by-Department-of-Licens/cdk6-5kdf
Wahkiakum,2020-03-01,13,1,0,0,14,1,0.07142857142857142,https://data.wa.gov/Transportation/Vehicle-Title-Transactions-by-Department-of-Licens/cdk6-5kdf
Wahkiakum,2020-04-01,5,0,0,0,5,0,0,https://data.wa.gov/Transportation/Vehicle-Title-Transactions-by-Department-of-Licens/cdk6-5kdf
Wahkiakum,2020-05-01,7,0,0,0,7,0,0,https://data.wa.gov/Transportation/Vehicle-Title-Transactions-by-Department-of-Licens/cdk6-5kdf
Wahkiakum,2020-06-01,10,0,0,0,10,0,0,https://data.wa.gov/Transportation/Vehicle-Title-Transactions-by-Department-of-Licens/cdk6-5kdf
Wahkiakum,2020-07-01,6,0,0,0,6,0,0,https://data.wa.gov/Transportation/Vehicle-Title-Transactions-by-Department-of-Licens/cdk6-5kdf
Wahkiakum,2020-08-01,9,0,0,0,9,0,0,https://data.wa.gov/Transportation/Vehicle-Title-Transactions-by-Department-of-Licens/cdk6-5kdf
Wahkiakum,2020-09-01,4,0,0,0,4,0,0,https://data.wa.gov/Transportation/Vehicle-Title-Transactions-by-Department-of-Licens/cdk6-5kdf
Wahkiakum,2020-10-01,13,0,0,0,13,0,0,https://data.wa.gov/Transportation/Vehicle-Title-Transactions-by-Department-of-Licens/cdk6-5kdf
Wahkiakum,2020-11-01,9,0,0,0,9,0,0,https://data.wa.gov/Transportation/Vehicle-Title-Transactions-by-Department-of-Licens/cdk6-5kdf
Wahkiakum,2020-12-01,15,0,0,0,15,0,0,https://data.wa.gov/Transportation/Vehicle-Title-Transactions-by-Department-of-Licens/cdk6-5kdf
Wahkiakum,2021-01-01,17,0,0,0,17,0,0,https://data.wa.gov/Transportation/Vehicle-Title-Transactions-by-Department-of-Licens/cdk6-5kdf
Wahkiakum,2021-02-01,10,1,0,0,11,1,0.09090909090909091,https://data.wa.gov/Transportation/Vehicle-Title-Transactions-by-Department-of-Licens/cdk6-5kdf
Wahkiakum,2021-03-01,17,1,0,0,18,1,0.05555555555555555,https://data.wa.gov/Transportation/Vehicle-Title-Transactions-by-Department-of-Licens/cdk6-5kdf
Wahkiakum,2021-04-01,17,2,0,0,19,2,0.10526315789473684,https://data.wa.gov/Transportation/Vehicle-Title-Transactions-by-Department-of-Licens/cdk6-5kdf
Wahkiakum,2021-05-01,10,2,1,0,13,3,0.23076923076923078,https://data.wa.gov/Transportation/Vehicle-Title-Transactions-by-Department-of-Licens/cdk6-5kdf
Wahkiakum,2021-06-01,14,1,1,0,16,2,0.125,https://data.wa.gov/Transportation/Vehicle-Title-Transactions-by-Department-of-Licens/cdk6-5kdf
Wahkiakum,2021-07-01,8,0,0,0,8,0,0,https://data.wa.gov/Transportation/Vehicle-Title-Transactions-by-Department-of-Licens/cdk6-5kdf
Wahkiakum,2021-08-01,10,1,0,0,11,1,0.09090909090909091,https://data.wa.gov/Transportation/Vehicle-Title-Transactions-by-Department-of-Licens/cdk6-5kdf
Wahkiakum,2021-09-01,12,0,0,0,12,0,0,https://data.wa.gov/Transportation/Vehicle-Title-Transactions-by-Department-of-Licens/cdk6-5kdf
Wahkiakum,2021-10-01,7,1,0,0,8,1,0.125,https://data.wa.gov/Transportation/Vehicle-Title-Transactions-by-Department-of-Licens/cdk6-5kdf
Wahkiakum,2021-11-01,7,0,0,0,7,0,0,https://data.wa.gov/Transportation/Vehicle-Title-Transactions-by-Department-of-Licens/cdk6-5kdf
Wahkiakum,2021-12-01,5,0,0,0,5,0,0,https://data.wa.gov/Transportation/Vehicle-Title-Transactions-by-Department-of-Licens/cdk6-5kdf
Wahkiakum,2022-01-01,8,0,0,0,8,0,0,https://data.wa.gov/Transportation/Vehicle-Title-Transactions-by-Department-of-Licens/cdk6-5kdf
Wahkiakum,2022-02-01,11,0,0,0,11,0,0,https://data.wa.gov/Transportation/Vehicle-Title-Transactions-by-Department-of-Licens/cdk6-5kdf
Wahkiakum,2022-03-01,11,0,0,0,11,0,0,https://data.wa.gov/Transportation/Vehicle-Title-Transactions-by-Department-of-Licens/cdk6-5kdf
Wahkiakum,2022-04-01,14,1,0,0,15,1,0.06666666666666667,https://data.wa.gov/Transportation/Vehicle-Title-Transactions-by-Department-of-Licens/cdk6-5kdf
Wahkiakum,2022-05-01,10,1,0,0,11,1,0.09090909090909091,https://data.wa.gov/Transportation/Vehicle-Title-Transactions-by-Department-of-Licens/cdk6-5kdf
Wahkiakum,2022-06-01,3,1,0,0,4,1,0.25,https://data.wa.gov/Transportation/Vehicle-Title-Transactions-by-Department-of-Licens/cdk6-5kdf
Wahkiakum,2022-07-01,14,0,0,0,14,0,0,https://data.wa.gov/Transportation/Vehicle-Title-Transactions-by-Department-of-Licens/cdk6-5kdf
Wahkiakum,2022-08-01,8,1,0,0,9,1,0.1111111111111111,https://data.wa.gov/Transportation/Vehicle-Title-Transactions-by-Department-of-Licens/cdk6-5kdf
Wahkiakum,2022-09-01,13,0,0,0,13,0,0,https://data.wa.gov/Transportation/Vehicle-Title-Transactions-by-Department-of-Licens/cdk6-5kdf
Wahkiakum,2022-10-01,6,0,0,0,6,0,0,https://data.wa.gov/Transportation/Vehicle-Title-Transactions-by-Department-of-Licens/cdk6-5kdf
Wahkiakum,2022-11-01,7,1,0,0,8,1,0.125,https://data.wa.gov/Transportation/Vehicle-Title-Transactions-by-Department-of-Licens/cdk6-5kdf
Wahkiakum,2022-12-01,6,1,0,0,7,1,0.14285714285714285,https://data.wa.gov/Transportation/Vehicle-Title-Transactions-by-Department-of-Licens/cdk6-5kdf
Wahkiakum,2023-01-01,10,0,0,0,10,0,0,https://data.wa.gov/Transportation/Vehicle-Title-Transactions-by-Department-of-Licens/cdk6-5kdf
Wahkiakum,2023-02-01,5,0,0,0,5,0,0,https://data.wa.gov/Transportation/Vehicle-Title-Transactions-by-Department-of-Licens/cdk6-5kdf
Wahkiakum,2023-03-01,11,0,0,0,11,0,0,https://data.wa.gov/Transportation/Vehicle-Title-Transactions-by-Department-of-Licens/cdk6-5kdf
Wahkiakum,2023-04-01,6,1,0,0,7,1,0.14285714285714285,https://data.wa.gov/Transportation/Vehicle-Title-Transactions-by-Department-of-Licens/cdk6-5kdf
Wahkiakum,2023-05-01,12,0,2,0,14,2,0.14285714285714285,https://data.wa.gov/Transportation/Vehicle-Title-Transactions-by-Department-of-Licens/cdk6-5kdf
Wahkiakum,2023-06-01,15,1,0,0,16,1,0.0625,https://data.wa.gov/Transportation/Vehicle-Title-Transactions-by-Department-of-Licens/cdk6-5kdf
Wahkiakum,2023-07-01,7,1,0,0,8,1,0.125,https://data.wa.gov/Transportation/Vehicle-Title-Transactions-by-Department-of-Licens/cdk6-5kdf
Wahkiakum,2023-08-01,11,2,0,0,13,2,0.15384615384615385,https://data.wa.gov/Transportation/Vehicle-Title-Transactions-by-Department-of-Licens/cdk6-5kdf
Wahkiakum,2023-09-01,8,0,0,0,8,0,0,https://data.wa.gov/Transportation/Vehicle-Title-Transactions-by-Department-of-Licens/cdk6-5kdf
Wahkiakum,2023-10-01,16,0,0,0,16,0,0,https://data.wa.gov/Transportation/Vehicle-Title-Transactions-by-Department-of-Licens/cdk6-5kdf
Wahkiakum,2023-11-01,7,1,0,0,8,1,0.125,https://data.wa.gov/Transportation/Vehicle-Title-Transactions-by-Department-of-Licens/cdk6-5kdf
Wahkiakum,2023-12-01,6,0,0,0,6,0,0,https://data.wa.gov/Transportation/Vehicle-Title-Transactions-by-Department-of-Licens/cdk6-5kdf
Wahkiakum,2024-01-01,7,0,0,0,7,0,0,https://data.wa.gov/Transportation/Vehicle-Title-Transactions-by-Department-of-Licens/cdk6-5kdf
Wahkiakum,2024-02-01,7,0,0,0,7,0,0,https://data.wa.gov/Transportation/Vehicle-Title-Transactions-by-Department-of-Licens/cdk6-5kdf
Wahkiakum,2024-03-01,5,0,1,0,6,1,0.16666666666666666,https://data.wa.gov/Transportation/Vehicle-Title-Transactions-by-Department-of-Licens/cdk6-5kdf
Wahkiakum,2024-04-01,6,2,0,0,8,2,0.25,https://data.wa.gov/Transportation/Vehicle-Title-Transactions-by-Department-of-Licens/cdk6-5kdf
Wahkiakum,2024-05-01,12,0,0,0,12,0,0,https://data.wa.gov/Transportation/Vehicle-Title-Transactions-by-Department-of-Licens/cdk6-5kdf
Wahkiakum,2024-06-01,8,0,0,0,8,0,0,https://data.wa.gov/Transportation/Vehicle-Title-Transactions-by-Department-of-Licens/cdk6-5kdf
Wahkiakum,2024-07-01,10,2,0,0,12,2,0.16666666666666666,https://data.wa.gov/Transportation/Vehicle-Title-Transactions-by-Department-of-Licens/cdk6-5kdf
Wahkiakum,2024-08-01,9,1,0,0,10,1,0.1,https://data.wa.gov/Transportation/Vehicle-Title-Transactions-by-Department-of-Licens/cdk6-5kdf
Wahkiakum,2024-09-01,11,1,0,0,12,1,0.08333333333333333,https://data.wa.gov/Transportation/Vehicle-Title-Transactions-by-Department-of-Licens/cdk6-5kdf
Wahkiakum,2024-10-01,5,2,0,0,7,2,0.2857142857142857,https://data.wa.gov/Transportation/Vehicle-Title-Transactions-by-Department-of-Licens/cdk6-5kdf
Wahkiakum,2024-11-01,8,1,0,0,9,1,0.1111111111111111,https://data.wa.gov/Transportation/Vehicle-Title-Transactions-by-Department-of-Licens/cdk6-5kdf
Wahkiakum,2024-12-01,7,0,1,0,8,1,0.125,https://data.wa.gov/Transportation/Vehicle-Title-Transactions-by-Department-of-Licens/cdk6-5kdf
Wahkiakum,2025-01-01,6,2,0,0,8,2,0.25,https://data.wa.gov/Transportation/Vehicle-Title-Transactions-by-Department-of-Licens/cdk6-5kdf
Wahkiakum,2025-02-01,13,1,0,0,14,1,0.07142857142857142,https://data.wa.gov/Transportation/Vehicle-Title-Transactions-by-Department-of-Licens/cdk6-5kdf
Wahkiakum,2025-03-01,7,0,0,0,7,0,0,https://data.wa.gov/Transportation/Vehicle-Title-Transactions-by-Department-of-Licens/cdk6-5kdf
Wahkiakum,2025-04-01,12,2,1,0,15,3,0.2,https://data.wa.gov/Transportation/Vehicle-Title-Transactions-by-Department-of-Licens/cdk6-5kdf
Wahkiakum,2025-05-01,9,0,0,0,9,0,0,https://data.wa.gov/Transportation/Vehicle-Title-Transactions-by-Department-of-Licens/cdk6-5kdf
Wahkiakum,2025-06-01,10,0,0,0,10,0,0,https://data.wa.gov/Transportation/Vehicle-Title-Transactions-by-Department-of-Licens/cdk6-5kdf
Wahkiakum,2025-07-01,11,0,0,0,11,0,0,https://data.wa.gov/Transportation/Vehicle-Title-Transactions-by-Department-of-Licens/cdk6-5kdf
Wahkiakum,2025-08-01,11,1,0,0,12,1,0.08333333333333333,https://data.wa.gov/Transportation/Vehicle-Title-Transactions-by-Department-of-Licens/cdk6-5kdf
Wahkiakum,2025-09-01,10,2,0,0,12,2,0.16666666666666666,https://data.wa.gov/Transportation/Vehicle-Title-Transactions-by-Department-of-Licens/cdk6-5kdf
Wahkiakum,2025-10-01,11,0,0,0,11,0,0,https://data.wa.gov/Transportation/Vehicle-Title-Transactions-by-Department-of-Licens/cdk6-5kdf
Wahkiakum,2025-11-01,4,0,0,0,4,0,0,https://data.wa.gov/Transportation/Vehicle-Title-Transactions-by-Department-of-Licens/cdk6-5kdf
Wahkiakum,2025-12-01,10,0,1,0,11,1,0.09090909090909091,https://data.wa.gov/Transportation/Vehicle-Title-Transactions-by-Department-of-Licens/cdk6-5kdf
Wahkiakum,2026-01-01,12,1,1,0,14,2,0.14285714285714285,https://data.wa.gov/Transportation/Vehicle-Title-Transactions-by-Department-of-Licens/cdk6-5kdf
Wahkiakum,2026-02-01,5,1,1,0,7,2,0.2857142857142857,https://data.wa.gov/Transportation/Vehicle-Title-Transactions-by-Department-of-Licens/cdk6-5kdf
Wahkiakum,2026-03-01,12,1,0,0,13,1,0.07692307692307693,https://data.wa.gov/Transportation/Vehicle-Title-Transactions-by-Department-of-Licens/cdk6-5kdf
Wahkiakum,2026-04-01,11,0,0,0,11,0,0,https://data.wa.gov/Transportation/Vehicle-Title-Transactions-by-Department-of-Licens/cdk6-5kdf
Wahkiakum,2026-05-01,17,0,0,0,17,0,0,https://data.wa.gov/Transportation/Vehicle-Title-Transactions-by-Department-of-Licens/cdk6-5kdf
Wahkiakum,2026-06-01,11,0,0,0,11,0,0,https://data.wa.gov/Transportation/Vehicle-Title-Transactions-by-Department-of-Licens/cdk6-5kdf
Walla Walla,2017-01-01,95,0,0,0,95,0,0,https://data.wa.gov/Transportation/Vehicle-Title-Transactions-by-Department-of-Licens/cdk6-5kdf
Walla Walla,2017-02-01,91,1,0,0,92,1,0.010869565217391304,https://data.wa.gov/Transportation/Vehicle-Title-Transactions-by-Department-of-Licens/cdk6-5kdf
Walla Walla,2017-03-01,118,1,1,0,120,2,0.016666666666666666,https://data.wa.gov/Transportation/Vehicle-Title-Transactions-by-Department-of-Licens/cdk6-5kdf
Walla Walla,2017-04-01,109,2,0,0,111,2,0.018018018018018018,https://data.wa.gov/Transportation/Vehicle-Title-Transactions-by-Department-of-Licens/cdk6-5kdf
Walla Walla,2017-05-01,121,1,0,0,122,1,0.00819672131147541,https://data.wa.gov/Transportation/Vehicle-Title-Transactions-by-Department-of-Licens/cdk6-5kdf
Walla Walla,2017-06-01,111,1,0,0,112,1,0.008928571428571428,https://data.wa.gov/Transportation/Vehicle-Title-Transactions-by-Department-of-Licens/cdk6-5kdf
Walla Walla,2017-07-01,99,0,0,0,99,0,0,https://data.wa.gov/Transportation/Vehicle-Title-Transactions-by-Department-of-Licens/cdk6-5kdf
Walla Walla,2017-08-01,122,0,0,0,122,0,0,https://data.wa.gov/Transportation/Vehicle-Title-Transactions-by-Department-of-Licens/cdk6-5kdf
Walla Walla,2017-09-01,130,0,0,0,130,0,0,https://data.wa.gov/Transportation/Vehicle-Title-Transactions-by-Department-of-Licens/cdk6-5kdf
Walla Walla,2017-10-01,114,0,0,0,114,0,0,https://data.wa.gov/Transportation/Vehicle-Title-Transactions-by-Department-of-Licens/cdk6-5kdf
Walla Walla,2017-11-01,111,0,3,0,114,3,0.02631578947368421,https://data.wa.gov/Transportation/Vehicle-Title-Transactions-by-Department-of-Licens/cdk6-5kdf
Walla Walla,2017-12-01,116,0,1,0,117,1,0.008547008547008548,https://data.wa.gov/Transportation/Vehicle-Title-Transactions-by-Department-of-Licens/cdk6-5kdf
Walla Walla,2018-01-01,121,1,0,0,122,1,0.00819672131147541,https://data.wa.gov/Transportation/Vehicle-Title-Transactions-by-Department-of-Licens/cdk6-5kdf
Walla Walla,2018-02-01,92,0,1,0,93,1,0.010752688172043012,https://data.wa.gov/Transportation/Vehicle-Title-Transactions-by-Department-of-Licens/cdk6-5kdf
Walla Walla,2018-03-01,94,1,1,0,96,2,0.020833333333333332,https://data.wa.gov/Transportation/Vehicle-Title-Transactions-by-Department-of-Licens/cdk6-5kdf
Walla Walla,2018-04-01,93,0,2,0,95,2,0.021052631578947368,https://data.wa.gov/Transportation/Vehicle-Title-Transactions-by-Department-of-Licens/cdk6-5kdf
Walla Walla,2018-05-01,117,1,1,0,119,2,0.01680672268907563,https://data.wa.gov/Transportation/Vehicle-Title-Transactions-by-Department-of-Licens/cdk6-5kdf
Walla Walla,2018-06-01,111,0,2,0,113,2,0.017699115044247787,https://data.wa.gov/Transportation/Vehicle-Title-Transactions-by-Department-of-Licens/cdk6-5kdf
Walla Walla,2018-07-01,100,0,1,0,101,1,0.009900990099009901,https://data.wa.gov/Transportation/Vehicle-Title-Transactions-by-Department-of-Licens/cdk6-5kdf
Walla Walla,2018-08-01,133,0,2,0,135,2,0.014814814814814815,https://data.wa.gov/Transportation/Vehicle-Title-Transactions-by-Department-of-Licens/cdk6-5kdf
Walla Walla,2018-09-01,113,1,2,0,116,3,0.02586206896551724,https://data.wa.gov/Transportation/Vehicle-Title-Transactions-by-Department-of-Licens/cdk6-5kdf
Walla Walla,2018-10-01,110,1,1,0,112,2,0.017857142857142856,https://data.wa.gov/Transportation/Vehicle-Title-Transactions-by-Department-of-Licens/cdk6-5kdf
Walla Walla,2018-11-01,132,2,1,0,135,3,0.022222222222222223,https://data.wa.gov/Transportation/Vehicle-Title-Transactions-by-Department-of-Licens/cdk6-5kdf
Walla Walla,2018-12-01,118,3,1,0,122,4,0.03278688524590164,https://data.wa.gov/Transportation/Vehicle-Title-Transactions-by-Department-of-Licens/cdk6-5kdf
Walla Walla,2019-01-01,109,3,1,0,113,4,0.035398230088495575,https://data.wa.gov/Transportation/Vehicle-Title-Transactions-by-Department-of-Licens/cdk6-5kdf
Walla Walla,2019-02-01,65,1,0,0,66,1,0.015151515151515152,https://data.wa.gov/Transportation/Vehicle-Title-Transactions-by-Department-of-Licens/cdk6-5kdf
Walla Walla,2019-03-01,93,1,2,0,96,3,0.03125,https://data.wa.gov/Transportation/Vehicle-Title-Transactions-by-Department-of-Licens/cdk6-5kdf
Walla Walla,2019-04-01,107,2,0,0,109,2,0.01834862385321101,https://data.wa.gov/Transportation/Vehicle-Title-Transactions-by-Department-of-Licens/cdk6-5kdf
Walla Walla,2019-05-01,80,1,0,0,81,1,0.012345679012345678,https://data.wa.gov/Transportation/Vehicle-Title-Transactions-by-Department-of-Licens/cdk6-5kdf
Walla Walla,2019-06-01,115,0,0,0,115,0,0,https://data.wa.gov/Transportation/Vehicle-Title-Transactions-by-Department-of-Licens/cdk6-5kdf
Walla Walla,2019-07-01,139,2,2,0,143,4,0.027972027972027972,https://data.wa.gov/Transportation/Vehicle-Title-Transactions-by-Department-of-Licens/cdk6-5kdf
Walla Walla,2019-08-01,153,3,1,0,157,4,0.025477707006369428,https://data.wa.gov/Transportation/Vehicle-Title-Transactions-by-Department-of-Licens/cdk6-5kdf
Walla Walla,2019-09-01,114,3,1,0,118,4,0.03389830508474576,https://data.wa.gov/Transportation/Vehicle-Title-Transactions-by-Department-of-Licens/cdk6-5kdf
Walla Walla,2019-10-01,144,1,0,0,145,1,0.006896551724137931,https://data.wa.gov/Transportation/Vehicle-Title-Transactions-by-Department-of-Licens/cdk6-5kdf
Walla Walla,2019-11-01,111,0,0,0,111,0,0,https://data.wa.gov/Transportation/Vehicle-Title-Transactions-by-Department-of-Licens/cdk6-5kdf
Walla Walla,2019-12-01,112,0,0,0,112,0,0,https://data.wa.gov/Transportation/Vehicle-Title-Transactions-by-Department-of-Licens/cdk6-5kdf
Walla Walla,2020-01-01,113,1,0,0,114,1,0.008771929824561403,https://data.wa.gov/Transportation/Vehicle-Title-Transactions-by-Department-of-Licens/cdk6-5kdf
Walla Walla,2020-02-01,88,2,0,0,90,2,0.022222222222222223,https://data.wa.gov/Transportation/Vehicle-Title-Transactions-by-Department-of-Licens/cdk6-5kdf
Walla Walla,2020-03-01,109,2,1,0,112,3,0.026785714285714284,https://data.wa.gov/Transportation/Vehicle-Title-Transactions-by-Department-of-Licens/cdk6-5kdf
Walla Walla,2020-04-01,35,1,1,0,37,2,0.05405405405405406,https://data.wa.gov/Transportation/Vehicle-Title-Transactions-by-Department-of-Licens/cdk6-5kdf
Walla Walla,2020-05-01,84,1,0,0,85,1,0.011764705882352941,https://data.wa.gov/Transportation/Vehicle-Title-Transactions-by-Department-of-Licens/cdk6-5kdf
Walla Walla,2020-06-01,125,1,0,0,126,1,0.007936507936507936,https://data.wa.gov/Transportation/Vehicle-Title-Transactions-by-Department-of-Licens/cdk6-5kdf
Walla Walla,2020-07-01,98,4,0,0,102,4,0.0392156862745098,https://data.wa.gov/Transportation/Vehicle-Title-Transactions-by-Department-of-Licens/cdk6-5kdf
Walla Walla,2020-08-01,122,2,1,0,125,3,0.024,https://data.wa.gov/Transportation/Vehicle-Title-Transactions-by-Department-of-Licens/cdk6-5kdf
Walla Walla,2020-09-01,122,2,1,0,125,3,0.024,https://data.wa.gov/Transportation/Vehicle-Title-Transactions-by-Department-of-Licens/cdk6-5kdf
Walla Walla,2020-10-01,117,1,1,0,119,2,0.01680672268907563,https://data.wa.gov/Transportation/Vehicle-Title-Transactions-by-Department-of-Licens/cdk6-5kdf
Walla Walla,2020-11-01,128,6,1,0,135,7,0.05185185185185185,https://data.wa.gov/Transportation/Vehicle-Title-Transactions-by-Department-of-Licens/cdk6-5kdf
Walla Walla,2020-12-01,152,1,1,0,154,2,0.012987012987012988,https://data.wa.gov/Transportation/Vehicle-Title-Transactions-by-Department-of-Licens/cdk6-5kdf
Walla Walla,2021-01-01,139,3,1,0,143,4,0.027972027972027972,https://data.wa.gov/Transportation/Vehicle-Title-Transactions-by-Department-of-Licens/cdk6-5kdf
Walla Walla,2021-02-01,95,1,0,0,96,1,0.010416666666666666,https://data.wa.gov/Transportation/Vehicle-Title-Transactions-by-Department-of-Licens/cdk6-5kdf
Walla Walla,2021-03-01,144,1,1,0,146,2,0.0136986301369863,https://data.wa.gov/Transportation/Vehicle-Title-Transactions-by-Department-of-Licens/cdk6-5kdf
Walla Walla,2021-04-01,153,3,1,0,157,4,0.025477707006369428,https://data.wa.gov/Transportation/Vehicle-Title-Transactions-by-Department-of-Licens/cdk6-5kdf
Walla Walla,2021-05-01,120,4,0,0,124,4,0.03225806451612903,https://data.wa.gov/Transportation/Vehicle-Title-Transactions-by-Department-of-Licens/cdk6-5kdf
Walla Walla,2021-06-01,169,4,4,0,177,8,0.04519774011299435,https://data.wa.gov/Transportation/Vehicle-Title-Transactions-by-Department-of-Licens/cdk6-5kdf
Walla Walla,2021-07-01,114,3,2,0,119,5,0.04201680672268908,https://data.wa.gov/Transportation/Vehicle-Title-Transactions-by-Department-of-Licens/cdk6-5kdf
Walla Walla,2021-08-01,135,2,1,0,138,3,0.021739130434782608,https://data.wa.gov/Transportation/Vehicle-Title-Transactions-by-Department-of-Licens/cdk6-5kdf
Walla Walla,2021-09-01,121,3,0,0,124,3,0.024193548387096774,https://data.wa.gov/Transportation/Vehicle-Title-Transactions-by-Department-of-Licens/cdk6-5kdf
Walla Walla,2021-10-01,128,3,0,0,131,3,0.022900763358778626,https://data.wa.gov/Transportation/Vehicle-Title-Transactions-by-Department-of-Licens/cdk6-5kdf
Walla Walla,2021-11-01,97,3,2,0,102,5,0.049019607843137254,https://data.wa.gov/Transportation/Vehicle-Title-Transactions-by-Department-of-Licens/cdk6-5kdf
Walla Walla,2021-12-01,138,5,2,0,145,7,0.04827586206896552,https://data.wa.gov/Transportation/Vehicle-Title-Transactions-by-Department-of-Licens/cdk6-5kdf
Walla Walla,2022-01-01,102,3,2,0,107,5,0.04672897196261682,https://data.wa.gov/Transportation/Vehicle-Title-Transactions-by-Department-of-Licens/cdk6-5kdf
Walla Walla,2022-02-01,108,5,1,0,114,6,0.05263157894736842,https://data.wa.gov/Transportation/Vehicle-Title-Transactions-by-Department-of-Licens/cdk6-5kdf
Walla Walla,2022-03-01,115,3,1,0,119,4,0.03361344537815126,https://data.wa.gov/Transportation/Vehicle-Title-Transactions-by-Department-of-Licens/cdk6-5kdf
Walla Walla,2022-04-01,111,5,1,0,117,6,0.05128205128205128,https://data.wa.gov/Transportation/Vehicle-Title-Transactions-by-Department-of-Licens/cdk6-5kdf
Walla Walla,2022-05-01,98,5,2,0,105,7,0.06666666666666667,https://data.wa.gov/Transportation/Vehicle-Title-Transactions-by-Department-of-Licens/cdk6-5kdf
Walla Walla,2022-06-01,99,0,1,0,100,1,0.01,https://data.wa.gov/Transportation/Vehicle-Title-Transactions-by-Department-of-Licens/cdk6-5kdf
Walla Walla,2022-07-01,110,3,0,0,113,3,0.02654867256637168,https://data.wa.gov/Transportation/Vehicle-Title-Transactions-by-Department-of-Licens/cdk6-5kdf
Walla Walla,2022-08-01,109,8,1,0,118,9,0.07627118644067797,https://data.wa.gov/Transportation/Vehicle-Title-Transactions-by-Department-of-Licens/cdk6-5kdf
Walla Walla,2022-09-01,111,6,3,0,120,9,0.075,https://data.wa.gov/Transportation/Vehicle-Title-Transactions-by-Department-of-Licens/cdk6-5kdf
Walla Walla,2022-10-01,100,4,0,0,104,4,0.038461538461538464,https://data.wa.gov/Transportation/Vehicle-Title-Transactions-by-Department-of-Licens/cdk6-5kdf
Walla Walla,2022-11-01,112,10,1,0,123,11,0.08943089430894309,https://data.wa.gov/Transportation/Vehicle-Title-Transactions-by-Department-of-Licens/cdk6-5kdf
Walla Walla,2022-12-01,116,4,1,0,121,5,0.04132231404958678,https://data.wa.gov/Transportation/Vehicle-Title-Transactions-by-Department-of-Licens/cdk6-5kdf
Walla Walla,2023-01-01,114,2,0,0,116,2,0.017241379310344827,https://data.wa.gov/Transportation/Vehicle-Title-Transactions-by-Department-of-Licens/cdk6-5kdf
Walla Walla,2023-02-01,102,3,3,0,108,6,0.05555555555555555,https://data.wa.gov/Transportation/Vehicle-Title-Transactions-by-Department-of-Licens/cdk6-5kdf
Walla Walla,2023-03-01,102,6,3,0,111,9,0.08108108108108109,https://data.wa.gov/Transportation/Vehicle-Title-Transactions-by-Department-of-Licens/cdk6-5kdf
Walla Walla,2023-04-01,74,2,4,0,80,6,0.075,https://data.wa.gov/Transportation/Vehicle-Title-Transactions-by-Department-of-Licens/cdk6-5kdf
Walla Walla,2023-05-01,99,2,1,0,102,3,0.029411764705882353,https://data.wa.gov/Transportation/Vehicle-Title-Transactions-by-Department-of-Licens/cdk6-5kdf
Walla Walla,2023-06-01,110,4,0,0,114,4,0.03508771929824561,https://data.wa.gov/Transportation/Vehicle-Title-Transactions-by-Department-of-Licens/cdk6-5kdf
Walla Walla,2023-07-01,83,7,1,0,91,8,0.08791208791208792,https://data.wa.gov/Transportation/Vehicle-Title-Transactions-by-Department-of-Licens/cdk6-5kdf
Walla Walla,2023-08-01,128,7,3,0,138,10,0.07246376811594203,https://data.wa.gov/Transportation/Vehicle-Title-Transactions-by-Department-of-Licens/cdk6-5kdf
Walla Walla,2023-09-01,93,11,1,0,105,12,0.11428571428571428,https://data.wa.gov/Transportation/Vehicle-Title-Transactions-by-Department-of-Licens/cdk6-5kdf
Walla Walla,2023-10-01,114,6,8,0,128,14,0.109375,https://data.wa.gov/Transportation/Vehicle-Title-Transactions-by-Department-of-Licens/cdk6-5kdf
Walla Walla,2023-11-01,88,6,1,0,95,7,0.07368421052631578,https://data.wa.gov/Transportation/Vehicle-Title-Transactions-by-Department-of-Licens/cdk6-5kdf
Walla Walla,2023-12-01,90,7,2,0,99,9,0.09090909090909091,https://data.wa.gov/Transportation/Vehicle-Title-Transactions-by-Department-of-Licens/cdk6-5kdf
Walla Walla,2024-01-01,88,5,4,0,97,9,0.09278350515463918,https://data.wa.gov/Transportation/Vehicle-Title-Transactions-by-Department-of-Licens/cdk6-5kdf
Walla Walla,2024-02-01,83,3,1,0,87,4,0.04597701149425287,https://data.wa.gov/Transportation/Vehicle-Title-Transactions-by-Department-of-Licens/cdk6-5kdf
Walla Walla,2024-03-01,78,4,3,0,85,7,0.08235294117647059,https://data.wa.gov/Transportation/Vehicle-Title-Transactions-by-Department-of-Licens/cdk6-5kdf
Walla Walla,2024-04-01,88,4,2,0,94,6,0.06382978723404255,https://data.wa.gov/Transportation/Vehicle-Title-Transactions-by-Department-of-Licens/cdk6-5kdf
Walla Walla,2024-05-01,95,7,2,0,104,9,0.08653846153846154,https://data.wa.gov/Transportation/Vehicle-Title-Transactions-by-Department-of-Licens/cdk6-5kdf
Walla Walla,2024-06-01,86,4,3,0,93,7,0.07526881720430108,https://data.wa.gov/Transportation/Vehicle-Title-Transactions-by-Department-of-Licens/cdk6-5kdf
Walla Walla,2024-07-01,107,10,5,0,122,15,0.12295081967213115,https://data.wa.gov/Transportation/Vehicle-Title-Transactions-by-Department-of-Licens/cdk6-5kdf
Walla Walla,2024-08-01,107,13,5,0,125,18,0.144,https://data.wa.gov/Transportation/Vehicle-Title-Transactions-by-Department-of-Licens/cdk6-5kdf
Walla Walla,2024-09-01,88,9,4,0,101,13,0.12871287128712872,https://data.wa.gov/Transportation/Vehicle-Title-Transactions-by-Department-of-Licens/cdk6-5kdf
Walla Walla,2024-10-01,134,14,2,0,150,16,0.10666666666666667,https://data.wa.gov/Transportation/Vehicle-Title-Transactions-by-Department-of-Licens/cdk6-5kdf
Walla Walla,2024-11-01,99,5,9,0,113,14,0.12389380530973451,https://data.wa.gov/Transportation/Vehicle-Title-Transactions-by-Department-of-Licens/cdk6-5kdf
Walla Walla,2024-12-01,111,16,9,0,136,25,0.18382352941176472,https://data.wa.gov/Transportation/Vehicle-Title-Transactions-by-Department-of-Licens/cdk6-5kdf
Walla Walla,2025-01-01,103,8,5,0,116,13,0.11206896551724138,https://data.wa.gov/Transportation/Vehicle-Title-Transactions-by-Department-of-Licens/cdk6-5kdf
Walla Walla,2025-02-01,63,8,1,0,72,9,0.125,https://data.wa.gov/Transportation/Vehicle-Title-Transactions-by-Department-of-Licens/cdk6-5kdf
Walla Walla,2025-03-01,122,3,2,0,127,5,0.03937007874015748,https://data.wa.gov/Transportation/Vehicle-Title-Transactions-by-Department-of-Licens/cdk6-5kdf
Walla Walla,2025-04-01,103,9,7,0,119,16,0.13445378151260504,https://data.wa.gov/Transportation/Vehicle-Title-Transactions-by-Department-of-Licens/cdk6-5kdf
Walla Walla,2025-05-01,98,6,6,0,110,12,0.10909090909090909,https://data.wa.gov/Transportation/Vehicle-Title-Transactions-by-Department-of-Licens/cdk6-5kdf
Walla Walla,2025-06-01,97,2,2,0,101,4,0.039603960396039604,https://data.wa.gov/Transportation/Vehicle-Title-Transactions-by-Department-of-Licens/cdk6-5kdf
Walla Walla,2025-07-01,101,9,3,0,113,12,0.10619469026548672,https://data.wa.gov/Transportation/Vehicle-Title-Transactions-by-Department-of-Licens/cdk6-5kdf
Walla Walla,2025-08-01,130,11,5,0,146,16,0.1095890410958904,https://data.wa.gov/Transportation/Vehicle-Title-Transactions-by-Department-of-Licens/cdk6-5kdf
Walla Walla,2025-09-01,100,6,3,0,109,9,0.08256880733944955,https://data.wa.gov/Transportation/Vehicle-Title-Transactions-by-Department-of-Licens/cdk6-5kdf
Walla Walla,2025-10-01,92,13,2,0,107,15,0.14018691588785046,https://data.wa.gov/Transportation/Vehicle-Title-Transactions-by-Department-of-Licens/cdk6-5kdf
Walla Walla,2025-11-01,91,4,2,0,97,6,0.061855670103092786,https://data.wa.gov/Transportation/Vehicle-Title-Transactions-by-Department-of-Licens/cdk6-5kdf
Walla Walla,2025-12-01,104,2,4,0,110,6,0.05454545454545454,https://data.wa.gov/Transportation/Vehicle-Title-Transactions-by-Department-of-Licens/cdk6-5kdf
Walla Walla,2026-01-01,104,4,1,0,109,5,0.045871559633027525,https://data.wa.gov/Transportation/Vehicle-Title-Transactions-by-Department-of-Licens/cdk6-5kdf
Walla Walla,2026-02-01,87,12,1,0,100,13,0.13,https://data.wa.gov/Transportation/Vehicle-Title-Transactions-by-Department-of-Licens/cdk6-5kdf
Walla Walla,2026-03-01,91,10,3,0,104,13,0.125,https://data.wa.gov/Transportation/Vehicle-Title-Transactions-by-Department-of-Licens/cdk6-5kdf
Walla Walla,2026-04-01,112,7,2,0,121,9,0.0743801652892562,https://data.wa.gov/Transportation/Vehicle-Title-Transactions-by-Department-of-Licens/cdk6-5kdf
Walla Walla,2026-05-01,75,11,3,0,89,14,0.15730337078651685,https://data.wa.gov/Transportation/Vehicle-Title-Transactions-by-Department-of-Licens/cdk6-5kdf
Walla Walla,2026-06-01,85,3,2,0,90,5,0.05555555555555555,https://data.wa.gov/Transportation/Vehicle-Title-Transactions-by-Department-of-Licens/cdk6-5kdf
Whatcom,2017-01-01,679,5,5,0,689,10,0.01451378809869376,https://data.wa.gov/Transportation/Vehicle-Title-Transactions-by-Department-of-Licens/cdk6-5kdf
Whatcom,2017-02-01,571,5,4,0,580,9,0.015517241379310345,https://data.wa.gov/Transportation/Vehicle-Title-Transactions-by-Department-of-Licens/cdk6-5kdf
Whatcom,2017-03-01,673,4,7,0,684,11,0.01608187134502924,https://data.wa.gov/Transportation/Vehicle-Title-Transactions-by-Department-of-Licens/cdk6-5kdf
Whatcom,2017-04-01,601,12,4,0,617,16,0.02593192868719611,https://data.wa.gov/Transportation/Vehicle-Title-Transactions-by-Department-of-Licens/cdk6-5kdf
Whatcom,2017-05-01,658,4,6,0,668,10,0.014970059880239521,https://data.wa.gov/Transportation/Vehicle-Title-Transactions-by-Department-of-Licens/cdk6-5kdf
Whatcom,2017-06-01,765,6,7,0,778,13,0.016709511568123392,https://data.wa.gov/Transportation/Vehicle-Title-Transactions-by-Department-of-Licens/cdk6-5kdf
Whatcom,2017-07-01,531,4,2,0,537,6,0.0111731843575419,https://data.wa.gov/Transportation/Vehicle-Title-Transactions-by-Department-of-Licens/cdk6-5kdf
Whatcom,2017-08-01,654,6,3,0,663,9,0.013574660633484163,https://data.wa.gov/Transportation/Vehicle-Title-Transactions-by-Department-of-Licens/cdk6-5kdf
Whatcom,2017-09-01,628,10,4,0,642,14,0.021806853582554516,https://data.wa.gov/Transportation/Vehicle-Title-Transactions-by-Department-of-Licens/cdk6-5kdf
Whatcom,2017-10-01,571,3,4,0,578,7,0.012110726643598616,https://data.wa.gov/Transportation/Vehicle-Title-Transactions-by-Department-of-Licens/cdk6-5kdf
Whatcom,2017-11-01,566,5,4,0,575,9,0.01565217391304348,https://data.wa.gov/Transportation/Vehicle-Title-Transactions-by-Department-of-Licens/cdk6-5kdf
Whatcom,2017-12-01,586,5,9,0,600,14,0.023333333333333334,https://data.wa.gov/Transportation/Vehicle-Title-Transactions-by-Department-of-Licens/cdk6-5kdf
Whatcom,2018-01-01,628,12,8,0,648,20,0.030864197530864196,https://data.wa.gov/Transportation/Vehicle-Title-Transactions-by-Department-of-Licens/cdk6-5kdf
Whatcom,2018-02-01,522,4,7,0,533,11,0.020637898686679174,https://data.wa.gov/Transportation/Vehicle-Title-Transactions-by-Department-of-Licens/cdk6-5kdf
Whatcom,2018-03-01,684,9,10,0,703,19,0.02702702702702703,https://data.wa.gov/Transportation/Vehicle-Title-Transactions-by-Department-of-Licens/cdk6-5kdf
Whatcom,2018-04-01,600,15,4,0,619,19,0.030694668820678513,https://data.wa.gov/Transportation/Vehicle-Title-Transactions-by-Department-of-Licens/cdk6-5kdf
Whatcom,2018-05-01,758,18,6,0,782,24,0.030690537084398978,https://data.wa.gov/Transportation/Vehicle-Title-Transactions-by-Department-of-Licens/cdk6-5kdf
Whatcom,2018-06-01,745,10,14,0,769,24,0.031209362808842653,https://data.wa.gov/Transportation/Vehicle-Title-Transactions-by-Department-of-Licens/cdk6-5kdf
Whatcom,2018-07-01,585,10,11,0,606,21,0.034653465346534656,https://data.wa.gov/Transportation/Vehicle-Title-Transactions-by-Department-of-Licens/cdk6-5kdf
Whatcom,2018-08-01,536,6,4,0,546,10,0.018315018315018316,https://data.wa.gov/Transportation/Vehicle-Title-Transactions-by-Department-of-Licens/cdk6-5kdf
Whatcom,2018-09-01,582,13,6,0,601,19,0.03161397670549085,https://data.wa.gov/Transportation/Vehicle-Title-Transactions-by-Department-of-Licens/cdk6-5kdf
Whatcom,2018-10-01,480,27,4,0,511,31,0.060665362035225046,https://data.wa.gov/Transportation/Vehicle-Title-Transactions-by-Department-of-Licens/cdk6-5kdf
Whatcom,2018-11-01,560,31,13,0,604,44,0.0728476821192053,https://data.wa.gov/Transportation/Vehicle-Title-Transactions-by-Department-of-Licens/cdk6-5kdf
Whatcom,2018-12-01,520,24,5,0,549,29,0.052823315118397086,https://data.wa.gov/Transportation/Vehicle-Title-Transactions-by-Department-of-Licens/cdk6-5kdf
Whatcom,2019-01-01,689,19,4,0,712,23,0.032303370786516857,https://data.wa.gov/Transportation/Vehicle-Title-Transactions-by-Department-of-Licens/cdk6-5kdf
Whatcom,2019-02-01,422,6,6,0,434,12,0.027649769585253458,https://data.wa.gov/Transportation/Vehicle-Title-Transactions-by-Department-of-Licens/cdk6-5kdf
Whatcom,2019-03-01,535,7,0,0,542,7,0.012915129151291513,https://data.wa.gov/Transportation/Vehicle-Title-Transactions-by-Department-of-Licens/cdk6-5kdf
Whatcom,2019-04-01,613,20,5,0,638,25,0.03918495297805643,https://data.wa.gov/Transportation/Vehicle-Title-Transactions-by-Department-of-Licens/cdk6-5kdf
Whatcom,2019-05-01,774,8,9,0,791,17,0.021491782553729456,https://data.wa.gov/Transportation/Vehicle-Title-Transactions-by-Department-of-Licens/cdk6-5kdf
Whatcom,2019-06-01,755,15,4,0,774,19,0.02454780361757106,https://data.wa.gov/Transportation/Vehicle-Title-Transactions-by-Department-of-Licens/cdk6-5kdf
Whatcom,2019-07-01,700,23,3,0,726,26,0.03581267217630854,https://data.wa.gov/Transportation/Vehicle-Title-Transactions-by-Department-of-Licens/cdk6-5kdf
Whatcom,2019-08-01,582,13,4,0,599,17,0.028380634390651086,https://data.wa.gov/Transportation/Vehicle-Title-Transactions-by-Department-of-Licens/cdk6-5kdf
Whatcom,2019-09-01,478,12,7,0,497,19,0.03822937625754527,https://data.wa.gov/Transportation/Vehicle-Title-Transactions-by-Department-of-Licens/cdk6-5kdf
Whatcom,2019-10-01,513,21,4,0,538,25,0.046468401486988845,https://data.wa.gov/Transportation/Vehicle-Title-Transactions-by-Department-of-Licens/cdk6-5kdf
Whatcom,2019-11-01,465,6,3,0,474,9,0.0189873417721519,https://data.wa.gov/Transportation/Vehicle-Title-Transactions-by-Department-of-Licens/cdk6-5kdf
Whatcom,2019-12-01,615,16,6,0,637,22,0.03453689167974882,https://data.wa.gov/Transportation/Vehicle-Title-Transactions-by-Department-of-Licens/cdk6-5kdf
Whatcom,2020-01-01,647,42,2,0,691,44,0.06367583212735166,https://data.wa.gov/Transportation/Vehicle-Title-Transactions-by-Department-of-Licens/cdk6-5kdf
Whatcom,2020-02-01,521,12,3,0,536,15,0.027985074626865673,https://data.wa.gov/Transportation/Vehicle-Title-Transactions-by-Department-of-Licens/cdk6-5kdf
Whatcom,2020-03-01,572,19,2,0,593,21,0.03541315345699832,https://data.wa.gov/Transportation/Vehicle-Title-Transactions-by-Department-of-Licens/cdk6-5kdf
Whatcom,2020-04-01,141,9,1,0,151,10,0.06622516556291391,https://data.wa.gov/Transportation/Vehicle-Title-Transactions-by-Department-of-Licens/cdk6-5kdf
Whatcom,2020-05-01,231,4,3,0,238,7,0.029411764705882353,https://data.wa.gov/Transportation/Vehicle-Title-Transactions-by-Department-of-Licens/cdk6-5kdf
Whatcom,2020-06-01,561,7,2,0,570,9,0.015789473684210527,https://data.wa.gov/Transportation/Vehicle-Title-Transactions-by-Department-of-Licens/cdk6-5kdf
Whatcom,2020-07-01,498,30,2,0,530,32,0.06037735849056604,https://data.wa.gov/Transportation/Vehicle-Title-Transactions-by-Department-of-Licens/cdk6-5kdf
Whatcom,2020-08-01,437,12,4,0,453,16,0.03532008830022075,https://data.wa.gov/Transportation/Vehicle-Title-Transactions-by-Department-of-Licens/cdk6-5kdf
Whatcom,2020-09-01,618,15,6,0,639,21,0.03286384976525822,https://data.wa.gov/Transportation/Vehicle-Title-Transactions-by-Department-of-Licens/cdk6-5kdf
Whatcom,2020-10-01,582,22,2,0,606,24,0.039603960396039604,https://data.wa.gov/Transportation/Vehicle-Title-Transactions-by-Department-of-Licens/cdk6-5kdf
Whatcom,2020-11-01,543,31,1,0,575,32,0.05565217391304348,https://data.wa.gov/Transportation/Vehicle-Title-Transactions-by-Department-of-Licens/cdk6-5kdf
Whatcom,2020-12-01,669,17,2,0,688,19,0.027616279069767442,https://data.wa.gov/Transportation/Vehicle-Title-Transactions-by-Department-of-Licens/cdk6-5kdf
Whatcom,2021-01-01,645,30,8,0,683,38,0.055636896046852125,https://data.wa.gov/Transportation/Vehicle-Title-Transactions-by-Department-of-Licens/cdk6-5kdf
Whatcom,2021-02-01,556,23,2,0,581,25,0.043029259896729774,https://data.wa.gov/Transportation/Vehicle-Title-Transactions-by-Department-of-Licens/cdk6-5kdf
Whatcom,2021-03-01,774,14,3,0,791,17,0.021491782553729456,https://data.wa.gov/Transportation/Vehicle-Title-Transactions-by-Department-of-Licens/cdk6-5kdf
Whatcom,2021-04-01,703,42,5,0,750,47,0.06266666666666666,https://data.wa.gov/Transportation/Vehicle-Title-Transactions-by-Department-of-Licens/cdk6-5kdf
Whatcom,2021-05-01,577,25,7,0,609,32,0.052545155993431854,https://data.wa.gov/Transportation/Vehicle-Title-Transactions-by-Department-of-Licens/cdk6-5kdf
Whatcom,2021-06-01,642,24,10,0,676,34,0.05029585798816568,https://data.wa.gov/Transportation/Vehicle-Title-Transactions-by-Department-of-Licens/cdk6-5kdf
Whatcom,2021-07-01,508,35,5,0,548,40,0.072992700729927,https://data.wa.gov/Transportation/Vehicle-Title-Transactions-by-Department-of-Licens/cdk6-5kdf
Whatcom,2021-08-01,492,35,5,0,532,40,0.07518796992481203,https://data.wa.gov/Transportation/Vehicle-Title-Transactions-by-Department-of-Licens/cdk6-5kdf
Whatcom,2021-09-01,475,23,4,0,502,27,0.053784860557768925,https://data.wa.gov/Transportation/Vehicle-Title-Transactions-by-Department-of-Licens/cdk6-5kdf
Whatcom,2021-10-01,404,30,5,0,439,35,0.07972665148063782,https://data.wa.gov/Transportation/Vehicle-Title-Transactions-by-Department-of-Licens/cdk6-5kdf
Whatcom,2021-11-01,312,27,9,0,348,36,0.10344827586206896,https://data.wa.gov/Transportation/Vehicle-Title-Transactions-by-Department-of-Licens/cdk6-5kdf
Whatcom,2021-12-01,425,34,11,0,470,45,0.09574468085106383,https://data.wa.gov/Transportation/Vehicle-Title-Transactions-by-Department-of-Licens/cdk6-5kdf
Whatcom,2022-01-01,389,22,3,0,414,25,0.06038647342995169,https://data.wa.gov/Transportation/Vehicle-Title-Transactions-by-Department-of-Licens/cdk6-5kdf
Whatcom,2022-02-01,416,22,3,0,441,25,0.05668934240362812,https://data.wa.gov/Transportation/Vehicle-Title-Transactions-by-Department-of-Licens/cdk6-5kdf
Whatcom,2022-03-01,535,34,9,0,578,43,0.07439446366782007,https://data.wa.gov/Transportation/Vehicle-Title-Transactions-by-Department-of-Licens/cdk6-5kdf
Whatcom,2022-04-01,454,37,9,0,500,46,0.092,https://data.wa.gov/Transportation/Vehicle-Title-Transactions-by-Department-of-Licens/cdk6-5kdf
Whatcom,2022-05-01,471,30,7,0,508,37,0.07283464566929133,https://data.wa.gov/Transportation/Vehicle-Title-Transactions-by-Department-of-Licens/cdk6-5kdf
Whatcom,2022-06-01,509,27,3,0,539,30,0.055658627087198514,https://data.wa.gov/Transportation/Vehicle-Title-Transactions-by-Department-of-Licens/cdk6-5kdf
Whatcom,2022-07-01,431,38,7,0,476,45,0.09453781512605042,https://data.wa.gov/Transportation/Vehicle-Title-Transactions-by-Department-of-Licens/cdk6-5kdf
Whatcom,2022-08-01,449,42,5,0,496,47,0.09475806451612903,https://data.wa.gov/Transportation/Vehicle-Title-Transactions-by-Department-of-Licens/cdk6-5kdf
Whatcom,2022-09-01,389,36,4,0,429,40,0.09324009324009325,https://data.wa.gov/Transportation/Vehicle-Title-Transactions-by-Department-of-Licens/cdk6-5kdf
Whatcom,2022-10-01,428,53,7,0,488,60,0.12295081967213115,https://data.wa.gov/Transportation/Vehicle-Title-Transactions-by-Department-of-Licens/cdk6-5kdf
Whatcom,2022-11-01,499,53,11,0,563,64,0.11367673179396093,https://data.wa.gov/Transportation/Vehicle-Title-Transactions-by-Department-of-Licens/cdk6-5kdf
Whatcom,2022-12-01,455,65,8,0,528,73,0.13825757575757575,https://data.wa.gov/Transportation/Vehicle-Title-Transactions-by-Department-of-Licens/cdk6-5kdf
Whatcom,2023-01-01,487,60,7,0,554,67,0.12093862815884476,https://data.wa.gov/Transportation/Vehicle-Title-Transactions-by-Department-of-Licens/cdk6-5kdf
Whatcom,2023-02-01,373,54,8,0,435,62,0.1425287356321839,https://data.wa.gov/Transportation/Vehicle-Title-Transactions-by-Department-of-Licens/cdk6-5kdf
Whatcom,2023-03-01,527,56,10,0,593,66,0.11129848229342328,https://data.wa.gov/Transportation/Vehicle-Title-Transactions-by-Department-of-Licens/cdk6-5kdf
Whatcom,2023-04-01,490,52,5,0,547,57,0.10420475319926874,https://data.wa.gov/Transportation/Vehicle-Title-Transactions-by-Department-of-Licens/cdk6-5kdf
Whatcom,2023-05-01,510,61,14,0,585,75,0.1282051282051282,https://data.wa.gov/Transportation/Vehicle-Title-Transactions-by-Department-of-Licens/cdk6-5kdf
Whatcom,2023-06-01,546,77,8,0,631,85,0.1347068145800317,https://data.wa.gov/Transportation/Vehicle-Title-Transactions-by-Department-of-Licens/cdk6-5kdf
Whatcom,2023-07-01,503,59,18,0,580,77,0.13275862068965516,https://data.wa.gov/Transportation/Vehicle-Title-Transactions-by-Department-of-Licens/cdk6-5kdf
Whatcom,2023-08-01,451,70,29,0,550,99,0.18,https://data.wa.gov/Transportation/Vehicle-Title-Transactions-by-Department-of-Licens/cdk6-5kdf
Whatcom,2023-09-01,362,63,27,0,452,90,0.19911504424778761,https://data.wa.gov/Transportation/Vehicle-Title-Transactions-by-Department-of-Licens/cdk6-5kdf
Whatcom,2023-10-01,410,77,30,0,517,107,0.20696324951644102,https://data.wa.gov/Transportation/Vehicle-Title-Transactions-by-Department-of-Licens/cdk6-5kdf
Whatcom,2023-11-01,480,71,30,0,581,101,0.1738382099827883,https://data.wa.gov/Transportation/Vehicle-Title-Transactions-by-Department-of-Licens/cdk6-5kdf
Whatcom,2023-12-01,392,62,23,0,477,85,0.17819706498951782,https://data.wa.gov/Transportation/Vehicle-Title-Transactions-by-Department-of-Licens/cdk6-5kdf
Whatcom,2024-01-01,447,63,20,0,530,83,0.15660377358490565,https://data.wa.gov/Transportation/Vehicle-Title-Transactions-by-Department-of-Licens/cdk6-5kdf
Whatcom,2024-02-01,500,76,12,0,588,88,0.14965986394557823,https://data.wa.gov/Transportation/Vehicle-Title-Transactions-by-Department-of-Licens/cdk6-5kdf
Whatcom,2024-03-01,447,47,25,0,519,72,0.13872832369942195,https://data.wa.gov/Transportation/Vehicle-Title-Transactions-by-Department-of-Licens/cdk6-5kdf
Whatcom,2024-04-01,429,43,36,0,508,79,0.15551181102362205,https://data.wa.gov/Transportation/Vehicle-Title-Transactions-by-Department-of-Licens/cdk6-5kdf
Whatcom,2024-05-01,615,52,22,0,689,74,0.10740203193033382,https://data.wa.gov/Transportation/Vehicle-Title-Transactions-by-Department-of-Licens/cdk6-5kdf
Whatcom,2024-06-01,517,56,22,0,595,78,0.13109243697478992,https://data.wa.gov/Transportation/Vehicle-Title-Transactions-by-Department-of-Licens/cdk6-5kdf
Whatcom,2024-07-01,500,93,28,0,621,121,0.19484702093397746,https://data.wa.gov/Transportation/Vehicle-Title-Transactions-by-Department-of-Licens/cdk6-5kdf
Whatcom,2024-08-01,428,98,26,0,552,124,0.2246376811594203,https://data.wa.gov/Transportation/Vehicle-Title-Transactions-by-Department-of-Licens/cdk6-5kdf
Whatcom,2024-09-01,372,87,15,0,474,102,0.21518987341772153,https://data.wa.gov/Transportation/Vehicle-Title-Transactions-by-Department-of-Licens/cdk6-5kdf
Whatcom,2024-10-01,460,89,17,0,566,106,0.1872791519434629,https://data.wa.gov/Transportation/Vehicle-Title-Transactions-by-Department-of-Licens/cdk6-5kdf
Whatcom,2024-11-01,386,70,21,0,477,91,0.19077568134171907,https://data.wa.gov/Transportation/Vehicle-Title-Transactions-by-Department-of-Licens/cdk6-5kdf
Whatcom,2024-12-01,505,74,20,0,599,94,0.15692821368948248,https://data.wa.gov/Transportation/Vehicle-Title-Transactions-by-Department-of-Licens/cdk6-5kdf
Whatcom,2025-01-01,559,88,32,0,679,120,0.17673048600883653,https://data.wa.gov/Transportation/Vehicle-Title-Transactions-by-Department-of-Licens/cdk6-5kdf
Whatcom,2025-02-01,440,63,11,0,514,74,0.14396887159533073,https://data.wa.gov/Transportation/Vehicle-Title-Transactions-by-Department-of-Licens/cdk6-5kdf
Whatcom,2025-03-01,544,92,24,0,660,116,0.17575757575757575,https://data.wa.gov/Transportation/Vehicle-Title-Transactions-by-Department-of-Licens/cdk6-5kdf
Whatcom,2025-04-01,604,87,17,0,708,104,0.14689265536723164,https://data.wa.gov/Transportation/Vehicle-Title-Transactions-by-Department-of-Licens/cdk6-5kdf
Whatcom,2025-05-01,664,54,9,0,727,63,0.08665749656121045,https://data.wa.gov/Transportation/Vehicle-Title-Transactions-by-Department-of-Licens/cdk6-5kdf
Whatcom,2025-06-01,589,60,15,0,664,75,0.11295180722891567,https://data.wa.gov/Transportation/Vehicle-Title-Transactions-by-Department-of-Licens/cdk6-5kdf
Whatcom,2025-07-01,532,93,20,0,645,113,0.17519379844961241,https://data.wa.gov/Transportation/Vehicle-Title-Transactions-by-Department-of-Licens/cdk6-5kdf
Whatcom,2025-08-01,453,85,16,0,554,101,0.18231046931407943,https://data.wa.gov/Transportation/Vehicle-Title-Transactions-by-Department-of-Licens/cdk6-5kdf
Whatcom,2025-09-01,421,85,17,0,523,102,0.1950286806883365,https://data.wa.gov/Transportation/Vehicle-Title-Transactions-by-Department-of-Licens/cdk6-5kdf
Whatcom,2025-10-01,383,78,17,0,478,95,0.19874476987447698,https://data.wa.gov/Transportation/Vehicle-Title-Transactions-by-Department-of-Licens/cdk6-5kdf
Whatcom,2025-11-01,375,40,12,0,427,52,0.12177985948477751,https://data.wa.gov/Transportation/Vehicle-Title-Transactions-by-Department-of-Licens/cdk6-5kdf
Whatcom,2025-12-01,483,29,12,0,524,41,0.07824427480916031,https://data.wa.gov/Transportation/Vehicle-Title-Transactions-by-Department-of-Licens/cdk6-5kdf
Whatcom,2026-01-01,503,43,9,0,555,52,0.0936936936936937,https://data.wa.gov/Transportation/Vehicle-Title-Transactions-by-Department-of-Licens/cdk6-5kdf
Whatcom,2026-02-01,456,31,3,0,490,34,0.06938775510204082,https://data.wa.gov/Transportation/Vehicle-Title-Transactions-by-Department-of-Licens/cdk6-5kdf
Whatcom,2026-03-01,604,57,11,0,672,68,0.10119047619047619,https://data.wa.gov/Transportation/Vehicle-Title-Transactions-by-Department-of-Licens/cdk6-5kdf
Whatcom,2026-04-01,651,75,8,0,734,83,0.11307901907356949,https://data.wa.gov/Transportation/Vehicle-Title-Transactions-by-Department-of-Licens/cdk6-5kdf
Whatcom,2026-05-01,644,61,14,0,719,75,0.1043115438108484,https://data.wa.gov/Transportation/Vehicle-Title-Transactions-by-Department-of-Licens/cdk6-5kdf
Whatcom,2026-06-01,758,54,14,0,826,68,0.08232445520581114,https://data.wa.gov/Transportation/Vehicle-Title-Transactions-by-Department-of-Licens/cdk6-5kdf
Whitman,2017-01-01,83,0,1,0,84,1,0.011904761904761904,https://data.wa.gov/Transportation/Vehicle-Title-Transactions-by-Department-of-Licens/cdk6-5kdf
Whitman,2017-02-01,44,0,0,0,44,0,0,https://data.wa.gov/Transportation/Vehicle-Title-Transactions-by-Department-of-Licens/cdk6-5kdf
Whitman,2017-03-01,72,0,1,0,73,1,0.0136986301369863,https://data.wa.gov/Transportation/Vehicle-Title-Transactions-by-Department-of-Licens/cdk6-5kdf
Whitman,2017-04-01,73,0,0,0,73,0,0,https://data.wa.gov/Transportation/Vehicle-Title-Transactions-by-Department-of-Licens/cdk6-5kdf
Whitman,2017-05-01,101,1,0,0,102,1,0.00980392156862745,https://data.wa.gov/Transportation/Vehicle-Title-Transactions-by-Department-of-Licens/cdk6-5kdf
Whitman,2017-06-01,101,0,0,0,101,0,0,https://data.wa.gov/Transportation/Vehicle-Title-Transactions-by-Department-of-Licens/cdk6-5kdf
Whitman,2017-07-01,100,0,0,0,100,0,0,https://data.wa.gov/Transportation/Vehicle-Title-Transactions-by-Department-of-Licens/cdk6-5kdf
Whitman,2017-08-01,79,0,1,0,80,1,0.0125,https://data.wa.gov/Transportation/Vehicle-Title-Transactions-by-Department-of-Licens/cdk6-5kdf
Whitman,2017-09-01,83,0,0,0,83,0,0,https://data.wa.gov/Transportation/Vehicle-Title-Transactions-by-Department-of-Licens/cdk6-5kdf
Whitman,2017-10-01,99,1,0,0,100,1,0.01,https://data.wa.gov/Transportation/Vehicle-Title-Transactions-by-Department-of-Licens/cdk6-5kdf
Whitman,2017-11-01,93,2,0,0,95,2,0.021052631578947368,https://data.wa.gov/Transportation/Vehicle-Title-Transactions-by-Department-of-Licens/cdk6-5kdf
Whitman,2017-12-01,89,0,1,0,90,1,0.011111111111111112,https://data.wa.gov/Transportation/Vehicle-Title-Transactions-by-Department-of-Licens/cdk6-5kdf
Whitman,2018-01-01,88,1,0,0,89,1,0.011235955056179775,https://data.wa.gov/Transportation/Vehicle-Title-Transactions-by-Department-of-Licens/cdk6-5kdf
Whitman,2018-02-01,72,0,0,0,72,0,0,https://data.wa.gov/Transportation/Vehicle-Title-Transactions-by-Department-of-Licens/cdk6-5kdf
Whitman,2018-03-01,72,1,2,0,75,3,0.04,https://data.wa.gov/Transportation/Vehicle-Title-Transactions-by-Department-of-Licens/cdk6-5kdf
Whitman,2018-04-01,83,1,1,0,85,2,0.023529411764705882,https://data.wa.gov/Transportation/Vehicle-Title-Transactions-by-Department-of-Licens/cdk6-5kdf
Whitman,2018-05-01,78,1,1,0,80,2,0.025,https://data.wa.gov/Transportation/Vehicle-Title-Transactions-by-Department-of-Licens/cdk6-5kdf
Whitman,2018-06-01,78,0,2,0,80,2,0.025,https://data.wa.gov/Transportation/Vehicle-Title-Transactions-by-Department-of-Licens/cdk6-5kdf
Whitman,2018-07-01,99,0,1,0,100,1,0.01,https://data.wa.gov/Transportation/Vehicle-Title-Transactions-by-Department-of-Licens/cdk6-5kdf
Whitman,2018-08-01,78,0,0,0,78,0,0,https://data.wa.gov/Transportation/Vehicle-Title-Transactions-by-Department-of-Licens/cdk6-5kdf
Whitman,2018-09-01,77,0,1,0,78,1,0.01282051282051282,https://data.wa.gov/Transportation/Vehicle-Title-Transactions-by-Department-of-Licens/cdk6-5kdf
Whitman,2018-10-01,86,1,0,0,87,1,0.011494252873563218,https://data.wa.gov/Transportation/Vehicle-Title-Transactions-by-Department-of-Licens/cdk6-5kdf
Whitman,2018-11-01,72,1,2,0,75,3,0.04,https://data.wa.gov/Transportation/Vehicle-Title-Transactions-by-Department-of-Licens/cdk6-5kdf
Whitman,2018-12-01,74,3,1,0,78,4,0.05128205128205128,https://data.wa.gov/Transportation/Vehicle-Title-Transactions-by-Department-of-Licens/cdk6-5kdf
Whitman,2019-01-01,87,0,2,0,89,2,0.02247191011235955,https://data.wa.gov/Transportation/Vehicle-Title-Transactions-by-Department-of-Licens/cdk6-5kdf
Whitman,2019-02-01,40,1,0,0,41,1,0.024390243902439025,https://data.wa.gov/Transportation/Vehicle-Title-Transactions-by-Department-of-Licens/cdk6-5kdf
Whitman,2019-03-01,48,0,1,0,49,1,0.02040816326530612,https://data.wa.gov/Transportation/Vehicle-Title-Transactions-by-Department-of-Licens/cdk6-5kdf
Whitman,2019-04-01,87,2,3,0,92,5,0.05434782608695652,https://data.wa.gov/Transportation/Vehicle-Title-Transactions-by-Department-of-Licens/cdk6-5kdf
Whitman,2019-05-01,74,1,0,0,75,1,0.013333333333333334,https://data.wa.gov/Transportation/Vehicle-Title-Transactions-by-Department-of-Licens/cdk6-5kdf
Whitman,2019-06-01,93,0,1,0,94,1,0.010638297872340425,https://data.wa.gov/Transportation/Vehicle-Title-Transactions-by-Department-of-Licens/cdk6-5kdf
Whitman,2019-07-01,80,1,0,0,81,1,0.012345679012345678,https://data.wa.gov/Transportation/Vehicle-Title-Transactions-by-Department-of-Licens/cdk6-5kdf
Whitman,2019-08-01,87,0,0,0,87,0,0,https://data.wa.gov/Transportation/Vehicle-Title-Transactions-by-Department-of-Licens/cdk6-5kdf
Whitman,2019-09-01,79,1,1,0,81,2,0.024691358024691357,https://data.wa.gov/Transportation/Vehicle-Title-Transactions-by-Department-of-Licens/cdk6-5kdf
Whitman,2019-10-01,78,2,0,0,80,2,0.025,https://data.wa.gov/Transportation/Vehicle-Title-Transactions-by-Department-of-Licens/cdk6-5kdf
Whitman,2019-11-01,80,1,0,0,81,1,0.012345679012345678,https://data.wa.gov/Transportation/Vehicle-Title-Transactions-by-Department-of-Licens/cdk6-5kdf
Whitman,2019-12-01,78,0,0,0,78,0,0,https://data.wa.gov/Transportation/Vehicle-Title-Transactions-by-Department-of-Licens/cdk6-5kdf
Whitman,2020-01-01,75,0,0,0,75,0,0,https://data.wa.gov/Transportation/Vehicle-Title-Transactions-by-Department-of-Licens/cdk6-5kdf
Whitman,2020-02-01,55,0,0,0,55,0,0,https://data.wa.gov/Transportation/Vehicle-Title-Transactions-by-Department-of-Licens/cdk6-5kdf
Whitman,2020-03-01,58,0,0,0,58,0,0,https://data.wa.gov/Transportation/Vehicle-Title-Transactions-by-Department-of-Licens/cdk6-5kdf
Whitman,2020-04-01,29,1,1,0,31,2,0.06451612903225806,https://data.wa.gov/Transportation/Vehicle-Title-Transactions-by-Department-of-Licens/cdk6-5kdf
Whitman,2020-05-01,40,0,0,0,40,0,0,https://data.wa.gov/Transportation/Vehicle-Title-Transactions-by-Department-of-Licens/cdk6-5kdf
Whitman,2020-06-01,65,0,0,0,65,0,0,https://data.wa.gov/Transportation/Vehicle-Title-Transactions-by-Department-of-Licens/cdk6-5kdf
Whitman,2020-07-01,75,1,1,0,77,2,0.025974025974025976,https://data.wa.gov/Transportation/Vehicle-Title-Transactions-by-Department-of-Licens/cdk6-5kdf
Whitman,2020-08-01,60,0,0,0,60,0,0,https://data.wa.gov/Transportation/Vehicle-Title-Transactions-by-Department-of-Licens/cdk6-5kdf
Whitman,2020-09-01,79,1,0,0,80,1,0.0125,https://data.wa.gov/Transportation/Vehicle-Title-Transactions-by-Department-of-Licens/cdk6-5kdf
Whitman,2020-10-01,73,2,0,0,75,2,0.02666666666666667,https://data.wa.gov/Transportation/Vehicle-Title-Transactions-by-Department-of-Licens/cdk6-5kdf
Whitman,2020-11-01,51,1,0,0,52,1,0.019230769230769232,https://data.wa.gov/Transportation/Vehicle-Title-Transactions-by-Department-of-Licens/cdk6-5kdf
Whitman,2020-12-01,83,0,0,0,83,0,0,https://data.wa.gov/Transportation/Vehicle-Title-Transactions-by-Department-of-Licens/cdk6-5kdf
Whitman,2021-01-01,84,0,1,0,85,1,0.011764705882352941,https://data.wa.gov/Transportation/Vehicle-Title-Transactions-by-Department-of-Licens/cdk6-5kdf
Whitman,2021-02-01,54,2,0,0,56,2,0.03571428571428571,https://data.wa.gov/Transportation/Vehicle-Title-Transactions-by-Department-of-Licens/cdk6-5kdf
Whitman,2021-03-01,78,1,0,0,79,1,0.012658227848101266,https://data.wa.gov/Transportation/Vehicle-Title-Transactions-by-Department-of-Licens/cdk6-5kdf
Whitman,2021-04-01,80,5,2,0,87,7,0.08045977011494253,https://data.wa.gov/Transportation/Vehicle-Title-Transactions-by-Department-of-Licens/cdk6-5kdf
Whitman,2021-05-01,93,1,2,0,96,3,0.03125,https://data.wa.gov/Transportation/Vehicle-Title-Transactions-by-Department-of-Licens/cdk6-5kdf
Whitman,2021-06-01,75,1,1,0,77,2,0.025974025974025976,https://data.wa.gov/Transportation/Vehicle-Title-Transactions-by-Department-of-Licens/cdk6-5kdf
Whitman,2021-07-01,67,3,1,0,71,4,0.056338028169014086,https://data.wa.gov/Transportation/Vehicle-Title-Transactions-by-Department-of-Licens/cdk6-5kdf
Whitman,2021-08-01,63,2,0,0,65,2,0.03076923076923077,https://data.wa.gov/Transportation/Vehicle-Title-Transactions-by-Department-of-Licens/cdk6-5kdf
Whitman,2021-09-01,63,1,1,0,65,2,0.03076923076923077,https://data.wa.gov/Transportation/Vehicle-Title-Transactions-by-Department-of-Licens/cdk6-5kdf
Whitman,2021-10-01,60,0,0,0,60,0,0,https://data.wa.gov/Transportation/Vehicle-Title-Transactions-by-Department-of-Licens/cdk6-5kdf
Whitman,2021-11-01,45,2,0,0,47,2,0.0425531914893617,https://data.wa.gov/Transportation/Vehicle-Title-Transactions-by-Department-of-Licens/cdk6-5kdf
Whitman,2021-12-01,64,2,1,0,67,3,0.04477611940298507,https://data.wa.gov/Transportation/Vehicle-Title-Transactions-by-Department-of-Licens/cdk6-5kdf
Whitman,2022-01-01,56,2,1,0,59,3,0.05084745762711865,https://data.wa.gov/Transportation/Vehicle-Title-Transactions-by-Department-of-Licens/cdk6-5kdf
Whitman,2022-02-01,69,1,0,0,70,1,0.014285714285714285,https://data.wa.gov/Transportation/Vehicle-Title-Transactions-by-Department-of-Licens/cdk6-5kdf
Whitman,2022-03-01,71,6,0,0,77,6,0.07792207792207792,https://data.wa.gov/Transportation/Vehicle-Title-Transactions-by-Department-of-Licens/cdk6-5kdf
Whitman,2022-04-01,70,2,1,0,73,3,0.0410958904109589,https://data.wa.gov/Transportation/Vehicle-Title-Transactions-by-Department-of-Licens/cdk6-5kdf
Whitman,2022-05-01,68,1,0,0,69,1,0.014492753623188406,https://data.wa.gov/Transportation/Vehicle-Title-Transactions-by-Department-of-Licens/cdk6-5kdf
Whitman,2022-06-01,73,4,0,0,77,4,0.05194805194805195,https://data.wa.gov/Transportation/Vehicle-Title-Transactions-by-Department-of-Licens/cdk6-5kdf
Whitman,2022-07-01,58,4,0,0,62,4,0.06451612903225806,https://data.wa.gov/Transportation/Vehicle-Title-Transactions-by-Department-of-Licens/cdk6-5kdf
Whitman,2022-08-01,58,3,0,0,61,3,0.04918032786885246,https://data.wa.gov/Transportation/Vehicle-Title-Transactions-by-Department-of-Licens/cdk6-5kdf
Whitman,2022-09-01,71,2,1,0,74,3,0.04054054054054054,https://data.wa.gov/Transportation/Vehicle-Title-Transactions-by-Department-of-Licens/cdk6-5kdf
Whitman,2022-10-01,83,3,1,0,87,4,0.04597701149425287,https://data.wa.gov/Transportation/Vehicle-Title-Transactions-by-Department-of-Licens/cdk6-5kdf
Whitman,2022-11-01,59,5,1,0,65,6,0.09230769230769231,https://data.wa.gov/Transportation/Vehicle-Title-Transactions-by-Department-of-Licens/cdk6-5kdf
Whitman,2022-12-01,74,3,1,0,78,4,0.05128205128205128,https://data.wa.gov/Transportation/Vehicle-Title-Transactions-by-Department-of-Licens/cdk6-5kdf
Whitman,2023-01-01,53,8,1,0,62,9,0.14516129032258066,https://data.wa.gov/Transportation/Vehicle-Title-Transactions-by-Department-of-Licens/cdk6-5kdf
Whitman,2023-02-01,48,6,1,0,55,7,0.12727272727272726,https://data.wa.gov/Transportation/Vehicle-Title-Transactions-by-Department-of-Licens/cdk6-5kdf
Whitman,2023-03-01,68,5,0,0,73,5,0.0684931506849315,https://data.wa.gov/Transportation/Vehicle-Title-Transactions-by-Department-of-Licens/cdk6-5kdf
Whitman,2023-04-01,63,4,0,0,67,4,0.05970149253731343,https://data.wa.gov/Transportation/Vehicle-Title-Transactions-by-Department-of-Licens/cdk6-5kdf
Whitman,2023-05-01,71,3,1,0,75,4,0.05333333333333334,https://data.wa.gov/Transportation/Vehicle-Title-Transactions-by-Department-of-Licens/cdk6-5kdf
Whitman,2023-06-01,77,5,2,0,84,7,0.08333333333333333,https://data.wa.gov/Transportation/Vehicle-Title-Transactions-by-Department-of-Licens/cdk6-5kdf
Whitman,2023-07-01,78,5,1,0,84,6,0.07142857142857142,https://data.wa.gov/Transportation/Vehicle-Title-Transactions-by-Department-of-Licens/cdk6-5kdf
Whitman,2023-08-01,82,10,3,0,95,13,0.1368421052631579,https://data.wa.gov/Transportation/Vehicle-Title-Transactions-by-Department-of-Licens/cdk6-5kdf
Whitman,2023-09-01,64,5,2,0,71,7,0.09859154929577464,https://data.wa.gov/Transportation/Vehicle-Title-Transactions-by-Department-of-Licens/cdk6-5kdf
Whitman,2023-10-01,68,6,3,0,77,9,0.11688311688311688,https://data.wa.gov/Transportation/Vehicle-Title-Transactions-by-Department-of-Licens/cdk6-5kdf
Whitman,2023-11-01,56,6,6,0,68,12,0.17647058823529413,https://data.wa.gov/Transportation/Vehicle-Title-Transactions-by-Department-of-Licens/cdk6-5kdf
Whitman,2023-12-01,55,8,0,0,63,8,0.12698412698412698,https://data.wa.gov/Transportation/Vehicle-Title-Transactions-by-Department-of-Licens/cdk6-5kdf
Whitman,2024-01-01,66,5,6,0,77,11,0.14285714285714285,https://data.wa.gov/Transportation/Vehicle-Title-Transactions-by-Department-of-Licens/cdk6-5kdf
Whitman,2024-02-01,67,9,5,0,81,14,0.1728395061728395,https://data.wa.gov/Transportation/Vehicle-Title-Transactions-by-Department-of-Licens/cdk6-5kdf
Whitman,2024-03-01,56,1,4,0,61,5,0.08196721311475409,https://data.wa.gov/Transportation/Vehicle-Title-Transactions-by-Department-of-Licens/cdk6-5kdf
Whitman,2024-04-01,57,8,2,0,67,10,0.14925373134328357,https://data.wa.gov/Transportation/Vehicle-Title-Transactions-by-Department-of-Licens/cdk6-5kdf
Whitman,2024-05-01,84,1,4,0,89,5,0.056179775280898875,https://data.wa.gov/Transportation/Vehicle-Title-Transactions-by-Department-of-Licens/cdk6-5kdf
Whitman,2024-06-01,69,3,0,0,72,3,0.041666666666666664,https://data.wa.gov/Transportation/Vehicle-Title-Transactions-by-Department-of-Licens/cdk6-5kdf
Whitman,2024-07-01,78,5,3,0,86,8,0.09302325581395349,https://data.wa.gov/Transportation/Vehicle-Title-Transactions-by-Department-of-Licens/cdk6-5kdf
Whitman,2024-08-01,71,4,2,0,77,6,0.07792207792207792,https://data.wa.gov/Transportation/Vehicle-Title-Transactions-by-Department-of-Licens/cdk6-5kdf
Whitman,2024-09-01,80,10,3,0,93,13,0.13978494623655913,https://data.wa.gov/Transportation/Vehicle-Title-Transactions-by-Department-of-Licens/cdk6-5kdf
Whitman,2024-10-01,67,12,5,0,84,17,0.20238095238095238,https://data.wa.gov/Transportation/Vehicle-Title-Transactions-by-Department-of-Licens/cdk6-5kdf
Whitman,2024-11-01,60,9,0,0,69,9,0.13043478260869565,https://data.wa.gov/Transportation/Vehicle-Title-Transactions-by-Department-of-Licens/cdk6-5kdf
Whitman,2024-12-01,66,6,1,0,73,7,0.0958904109589041,https://data.wa.gov/Transportation/Vehicle-Title-Transactions-by-Department-of-Licens/cdk6-5kdf
Whitman,2025-01-01,74,8,7,0,89,15,0.16853932584269662,https://data.wa.gov/Transportation/Vehicle-Title-Transactions-by-Department-of-Licens/cdk6-5kdf
Whitman,2025-02-01,53,5,2,0,60,7,0.11666666666666667,https://data.wa.gov/Transportation/Vehicle-Title-Transactions-by-Department-of-Licens/cdk6-5kdf
Whitman,2025-03-01,62,8,3,0,73,11,0.1506849315068493,https://data.wa.gov/Transportation/Vehicle-Title-Transactions-by-Department-of-Licens/cdk6-5kdf
Whitman,2025-04-01,75,10,3,0,88,13,0.14772727272727273,https://data.wa.gov/Transportation/Vehicle-Title-Transactions-by-Department-of-Licens/cdk6-5kdf
Whitman,2025-05-01,82,5,1,0,88,6,0.06818181818181818,https://data.wa.gov/Transportation/Vehicle-Title-Transactions-by-Department-of-Licens/cdk6-5kdf
Whitman,2025-06-01,75,6,2,0,83,8,0.0963855421686747,https://data.wa.gov/Transportation/Vehicle-Title-Transactions-by-Department-of-Licens/cdk6-5kdf
Whitman,2025-07-01,70,4,2,0,76,6,0.07894736842105263,https://data.wa.gov/Transportation/Vehicle-Title-Transactions-by-Department-of-Licens/cdk6-5kdf
Whitman,2025-08-01,75,5,1,0,81,6,0.07407407407407407,https://data.wa.gov/Transportation/Vehicle-Title-Transactions-by-Department-of-Licens/cdk6-5kdf
Whitman,2025-09-01,70,4,2,0,76,6,0.07894736842105263,https://data.wa.gov/Transportation/Vehicle-Title-Transactions-by-Department-of-Licens/cdk6-5kdf
Whitman,2025-10-01,63,9,1,0,73,10,0.136986301369863,https://data.wa.gov/Transportation/Vehicle-Title-Transactions-by-Department-of-Licens/cdk6-5kdf
Whitman,2025-11-01,51,2,2,0,55,4,0.07272727272727272,https://data.wa.gov/Transportation/Vehicle-Title-Transactions-by-Department-of-Licens/cdk6-5kdf
Whitman,2025-12-01,60,3,1,0,64,4,0.0625,https://data.wa.gov/Transportation/Vehicle-Title-Transactions-by-Department-of-Licens/cdk6-5kdf
Whitman,2026-01-01,65,2,2,0,69,4,0.057971014492753624,https://data.wa.gov/Transportation/Vehicle-Title-Transactions-by-Department-of-Licens/cdk6-5kdf
Whitman,2026-02-01,62,4,0,0,66,4,0.06060606060606061,https://data.wa.gov/Transportation/Vehicle-Title-Transactions-by-Department-of-Licens/cdk6-5kdf
Whitman,2026-03-01,76,4,0,0,80,4,0.05,https://data.wa.gov/Transportation/Vehicle-Title-Transactions-by-Department-of-Licens/cdk6-5kdf
Whitman,2026-04-01,56,5,2,0,63,7,0.1111111111111111,https://data.wa.gov/Transportation/Vehicle-Title-Transactions-by-Department-of-Licens/cdk6-5kdf
Whitman,2026-05-01,60,12,3,0,75,15,0.2,https://data.wa.gov/Transportation/Vehicle-Title-Transactions-by-Department-of-Licens/cdk6-5kdf
Whitman,2026-06-01,76,3,2,0,81,5,0.06172839506172839,https://data.wa.gov/Transportation/Vehicle-Title-Transactions-by-Department-of-Licens/cdk6-5kdf
Yakima,2017-01-01,386,0,0,0,386,0,0,https://data.wa.gov/Transportation/Vehicle-Title-Transactions-by-Department-of-Licens/cdk6-5kdf
Yakima,2017-02-01,273,1,1,0,275,2,0.007272727272727273,https://data.wa.gov/Transportation/Vehicle-Title-Transactions-by-Department-of-Licens/cdk6-5kdf
Yakima,2017-03-01,450,1,1,0,452,2,0.004424778761061947,https://data.wa.gov/Transportation/Vehicle-Title-Transactions-by-Department-of-Licens/cdk6-5kdf
Yakima,2017-04-01,403,1,0,0,404,1,0.0024752475247524753,https://data.wa.gov/Transportation/Vehicle-Title-Transactions-by-Department-of-Licens/cdk6-5kdf
Yakima,2017-05-01,435,2,1,0,438,3,0.00684931506849315,https://data.wa.gov/Transportation/Vehicle-Title-Transactions-by-Department-of-Licens/cdk6-5kdf
Yakima,2017-06-01,430,1,0,0,431,1,0.002320185614849188,https://data.wa.gov/Transportation/Vehicle-Title-Transactions-by-Department-of-Licens/cdk6-5kdf
Yakima,2017-07-01,447,0,3,0,450,3,0.006666666666666667,https://data.wa.gov/Transportation/Vehicle-Title-Transactions-by-Department-of-Licens/cdk6-5kdf
Yakima,2017-08-01,568,1,1,0,570,2,0.0035087719298245615,https://data.wa.gov/Transportation/Vehicle-Title-Transactions-by-Department-of-Licens/cdk6-5kdf
Yakima,2017-09-01,508,2,3,0,513,5,0.009746588693957114,https://data.wa.gov/Transportation/Vehicle-Title-Transactions-by-Department-of-Licens/cdk6-5kdf
Yakima,2017-10-01,459,2,3,0,464,5,0.010775862068965518,https://data.wa.gov/Transportation/Vehicle-Title-Transactions-by-Department-of-Licens/cdk6-5kdf
Yakima,2017-11-01,472,0,1,0,473,1,0.0021141649048625794,https://data.wa.gov/Transportation/Vehicle-Title-Transactions-by-Department-of-Licens/cdk6-5kdf
Yakima,2017-12-01,449,0,0,0,449,0,0,https://data.wa.gov/Transportation/Vehicle-Title-Transactions-by-Department-of-Licens/cdk6-5kdf
Yakima,2018-01-01,490,0,0,0,490,0,0,https://data.wa.gov/Transportation/Vehicle-Title-Transactions-by-Department-of-Licens/cdk6-5kdf
Yakima,2018-02-01,330,0,1,0,331,1,0.0030211480362537764,https://data.wa.gov/Transportation/Vehicle-Title-Transactions-by-Department-of-Licens/cdk6-5kdf
Yakima,2018-03-01,446,0,1,0,447,1,0.0022371364653243847,https://data.wa.gov/Transportation/Vehicle-Title-Transactions-by-Department-of-Licens/cdk6-5kdf
Yakima,2018-04-01,435,1,2,0,438,3,0.00684931506849315,https://data.wa.gov/Transportation/Vehicle-Title-Transactions-by-Department-of-Licens/cdk6-5kdf
Yakima,2018-05-01,410,1,0,0,411,1,0.0024330900243309003,https://data.wa.gov/Transportation/Vehicle-Title-Transactions-by-Department-of-Licens/cdk6-5kdf
Yakima,2018-06-01,445,0,4,0,449,4,0.008908685968819599,https://data.wa.gov/Transportation/Vehicle-Title-Transactions-by-Department-of-Licens/cdk6-5kdf
Yakima,2018-07-01,405,1,1,0,407,2,0.004914004914004914,https://data.wa.gov/Transportation/Vehicle-Title-Transactions-by-Department-of-Licens/cdk6-5kdf
Yakima,2018-08-01,477,2,2,0,481,4,0.008316008316008316,https://data.wa.gov/Transportation/Vehicle-Title-Transactions-by-Department-of-Licens/cdk6-5kdf
Yakima,2018-09-01,443,1,1,0,445,2,0.0044943820224719105,https://data.wa.gov/Transportation/Vehicle-Title-Transactions-by-Department-of-Licens/cdk6-5kdf
Yakima,2018-10-01,436,4,3,0,443,7,0.01580135440180587,https://data.wa.gov/Transportation/Vehicle-Title-Transactions-by-Department-of-Licens/cdk6-5kdf
Yakima,2018-11-01,458,6,2,0,466,8,0.017167381974248927,https://data.wa.gov/Transportation/Vehicle-Title-Transactions-by-Department-of-Licens/cdk6-5kdf
Yakima,2018-12-01,402,5,2,0,409,7,0.017114914425427872,https://data.wa.gov/Transportation/Vehicle-Title-Transactions-by-Department-of-Licens/cdk6-5kdf
Yakima,2019-01-01,422,0,1,0,423,1,0.002364066193853428,https://data.wa.gov/Transportation/Vehicle-Title-Transactions-by-Department-of-Licens/cdk6-5kdf
Yakima,2019-02-01,302,1,0,0,303,1,0.0033003300330033004,https://data.wa.gov/Transportation/Vehicle-Title-Transactions-by-Department-of-Licens/cdk6-5kdf
Yakima,2019-03-01,364,3,1,0,368,4,0.010869565217391304,https://data.wa.gov/Transportation/Vehicle-Title-Transactions-by-Department-of-Licens/cdk6-5kdf
Yakima,2019-04-01,431,5,1,0,437,6,0.013729977116704805,https://data.wa.gov/Transportation/Vehicle-Title-Transactions-by-Department-of-Licens/cdk6-5kdf
Yakima,2019-05-01,385,1,1,0,387,2,0.00516795865633075,https://data.wa.gov/Transportation/Vehicle-Title-Transactions-by-Department-of-Licens/cdk6-5kdf
Yakima,2019-06-01,440,7,1,0,448,8,0.017857142857142856,https://data.wa.gov/Transportation/Vehicle-Title-Transactions-by-Department-of-Licens/cdk6-5kdf
Yakima,2019-07-01,453,2,2,0,457,4,0.0087527352297593,https://data.wa.gov/Transportation/Vehicle-Title-Transactions-by-Department-of-Licens/cdk6-5kdf
Yakima,2019-08-01,448,0,2,0,450,2,0.0044444444444444444,https://data.wa.gov/Transportation/Vehicle-Title-Transactions-by-Department-of-Licens/cdk6-5kdf
Yakima,2019-09-01,427,0,3,0,430,3,0.0069767441860465115,https://data.wa.gov/Transportation/Vehicle-Title-Transactions-by-Department-of-Licens/cdk6-5kdf
Yakima,2019-10-01,472,2,0,0,474,2,0.004219409282700422,https://data.wa.gov/Transportation/Vehicle-Title-Transactions-by-Department-of-Licens/cdk6-5kdf
Yakima,2019-11-01,360,0,0,0,360,0,0,https://data.wa.gov/Transportation/Vehicle-Title-Transactions-by-Department-of-Licens/cdk6-5kdf
Yakima,2019-12-01,402,1,0,0,403,1,0.0024813895781637717,https://data.wa.gov/Transportation/Vehicle-Title-Transactions-by-Department-of-Licens/cdk6-5kdf
Yakima,2020-01-01,381,3,4,0,388,7,0.01804123711340206,https://data.wa.gov/Transportation/Vehicle-Title-Transactions-by-Department-of-Licens/cdk6-5kdf
Yakima,2020-02-01,307,2,0,0,309,2,0.006472491909385114,https://data.wa.gov/Transportation/Vehicle-Title-Transactions-by-Department-of-Licens/cdk6-5kdf
Yakima,2020-03-01,323,5,0,0,328,5,0.01524390243902439,https://data.wa.gov/Transportation/Vehicle-Title-Transactions-by-Department-of-Licens/cdk6-5kdf
Yakima,2020-04-01,174,3,1,0,178,4,0.02247191011235955,https://data.wa.gov/Transportation/Vehicle-Title-Transactions-by-Department-of-Licens/cdk6-5kdf
Yakima,2020-05-01,210,2,0,0,212,2,0.009433962264150943,https://data.wa.gov/Transportation/Vehicle-Title-Transactions-by-Department-of-Licens/cdk6-5kdf
Yakima,2020-06-01,349,1,1,0,351,2,0.005698005698005698,https://data.wa.gov/Transportation/Vehicle-Title-Transactions-by-Department-of-Licens/cdk6-5kdf
Yakima,2020-07-01,430,6,0,0,436,6,0.013761467889908258,https://data.wa.gov/Transportation/Vehicle-Title-Transactions-by-Department-of-Licens/cdk6-5kdf
Yakima,2020-08-01,425,1,0,0,426,1,0.002347417840375587,https://data.wa.gov/Transportation/Vehicle-Title-Transactions-by-Department-of-Licens/cdk6-5kdf
Yakima,2020-09-01,456,3,1,0,460,4,0.008695652173913044,https://data.wa.gov/Transportation/Vehicle-Title-Transactions-by-Department-of-Licens/cdk6-5kdf
Yakima,2020-10-01,448,2,0,0,450,2,0.0044444444444444444,https://data.wa.gov/Transportation/Vehicle-Title-Transactions-by-Department-of-Licens/cdk6-5kdf
Yakima,2020-11-01,333,6,0,0,339,6,0.017699115044247787,https://data.wa.gov/Transportation/Vehicle-Title-Transactions-by-Department-of-Licens/cdk6-5kdf
Yakima,2020-12-01,479,3,2,0,484,5,0.010330578512396695,https://data.wa.gov/Transportation/Vehicle-Title-Transactions-by-Department-of-Licens/cdk6-5kdf
Yakima,2021-01-01,395,10,0,0,405,10,0.024691358024691357,https://data.wa.gov/Transportation/Vehicle-Title-Transactions-by-Department-of-Licens/cdk6-5kdf
Yakima,2021-02-01,366,3,2,0,371,5,0.013477088948787063,https://data.wa.gov/Transportation/Vehicle-Title-Transactions-by-Department-of-Licens/cdk6-5kdf
Yakima,2021-03-01,448,1,1,0,450,2,0.0044444444444444444,https://data.wa.gov/Transportation/Vehicle-Title-Transactions-by-Department-of-Licens/cdk6-5kdf
Yakima,2021-04-01,488,13,3,0,504,16,0.031746031746031744,https://data.wa.gov/Transportation/Vehicle-Title-Transactions-by-Department-of-Licens/cdk6-5kdf
Yakima,2021-05-01,430,5,3,0,438,8,0.0182648401826484,https://data.wa.gov/Transportation/Vehicle-Title-Transactions-by-Department-of-Licens/cdk6-5kdf
Yakima,2021-06-01,489,8,6,0,503,14,0.027833001988071572,https://data.wa.gov/Transportation/Vehicle-Title-Transactions-by-Department-of-Licens/cdk6-5kdf
Yakima,2021-07-01,438,5,6,0,449,11,0.024498886414253896,https://data.wa.gov/Transportation/Vehicle-Title-Transactions-by-Department-of-Licens/cdk6-5kdf
Yakima,2021-08-01,323,7,1,0,331,8,0.02416918429003021,https://data.wa.gov/Transportation/Vehicle-Title-Transactions-by-Department-of-Licens/cdk6-5kdf
Yakima,2021-09-01,356,9,0,0,365,9,0.024657534246575342,https://data.wa.gov/Transportation/Vehicle-Title-Transactions-by-Department-of-Licens/cdk6-5kdf
Yakima,2021-10-01,334,9,1,0,344,10,0.029069767441860465,https://data.wa.gov/Transportation/Vehicle-Title-Transactions-by-Department-of-Licens/cdk6-5kdf
Yakima,2021-11-01,294,3,1,0,298,4,0.013422818791946308,https://data.wa.gov/Transportation/Vehicle-Title-Transactions-by-Department-of-Licens/cdk6-5kdf
Yakima,2021-12-01,427,10,3,0,440,13,0.029545454545454545,https://data.wa.gov/Transportation/Vehicle-Title-Transactions-by-Department-of-Licens/cdk6-5kdf
Yakima,2022-01-01,285,7,1,0,293,8,0.027303754266211604,https://data.wa.gov/Transportation/Vehicle-Title-Transactions-by-Department-of-Licens/cdk6-5kdf
Yakima,2022-02-01,368,4,2,0,374,6,0.016042780748663103,https://data.wa.gov/Transportation/Vehicle-Title-Transactions-by-Department-of-Licens/cdk6-5kdf
Yakima,2022-03-01,411,5,3,0,419,8,0.01909307875894988,https://data.wa.gov/Transportation/Vehicle-Title-Transactions-by-Department-of-Licens/cdk6-5kdf
Yakima,2022-04-01,333,5,2,0,340,7,0.020588235294117647,https://data.wa.gov/Transportation/Vehicle-Title-Transactions-by-Department-of-Licens/cdk6-5kdf
Yakima,2022-05-01,358,5,5,0,368,10,0.02717391304347826,https://data.wa.gov/Transportation/Vehicle-Title-Transactions-by-Department-of-Licens/cdk6-5kdf
Yakima,2022-06-01,311,14,2,0,327,16,0.04892966360856269,https://data.wa.gov/Transportation/Vehicle-Title-Transactions-by-Department-of-Licens/cdk6-5kdf
Yakima,2022-07-01,302,16,2,0,320,18,0.05625,https://data.wa.gov/Transportation/Vehicle-Title-Transactions-by-Department-of-Licens/cdk6-5kdf
Yakima,2022-08-01,332,8,5,0,345,13,0.03768115942028986,https://data.wa.gov/Transportation/Vehicle-Title-Transactions-by-Department-of-Licens/cdk6-5kdf
Yakima,2022-09-01,310,9,2,0,321,11,0.03426791277258567,https://data.wa.gov/Transportation/Vehicle-Title-Transactions-by-Department-of-Licens/cdk6-5kdf
Yakima,2022-10-01,329,21,4,0,354,25,0.07062146892655367,https://data.wa.gov/Transportation/Vehicle-Title-Transactions-by-Department-of-Licens/cdk6-5kdf
Yakima,2022-11-01,302,11,3,0,316,14,0.04430379746835443,https://data.wa.gov/Transportation/Vehicle-Title-Transactions-by-Department-of-Licens/cdk6-5kdf
Yakima,2022-12-01,371,14,3,0,388,17,0.04381443298969072,https://data.wa.gov/Transportation/Vehicle-Title-Transactions-by-Department-of-Licens/cdk6-5kdf
Yakima,2023-01-01,328,14,5,0,347,19,0.05475504322766571,https://data.wa.gov/Transportation/Vehicle-Title-Transactions-by-Department-of-Licens/cdk6-5kdf
Yakima,2023-02-01,295,9,7,0,311,16,0.05144694533762058,https://data.wa.gov/Transportation/Vehicle-Title-Transactions-by-Department-of-Licens/cdk6-5kdf
Yakima,2023-03-01,399,9,2,0,410,11,0.026829268292682926,https://data.wa.gov/Transportation/Vehicle-Title-Transactions-by-Department-of-Licens/cdk6-5kdf
Yakima,2023-04-01,364,11,4,0,379,15,0.0395778364116095,https://data.wa.gov/Transportation/Vehicle-Title-Transactions-by-Department-of-Licens/cdk6-5kdf
Yakima,2023-05-01,352,14,5,0,371,19,0.05121293800539083,https://data.wa.gov/Transportation/Vehicle-Title-Transactions-by-Department-of-Licens/cdk6-5kdf
Yakima,2023-06-01,444,14,5,0,463,19,0.04103671706263499,https://data.wa.gov/Transportation/Vehicle-Title-Transactions-by-Department-of-Licens/cdk6-5kdf
Yakima,2023-07-01,328,7,3,0,338,10,0.029585798816568046,https://data.wa.gov/Transportation/Vehicle-Title-Transactions-by-Department-of-Licens/cdk6-5kdf
Yakima,2023-08-01,400,28,8,0,436,36,0.08256880733944955,https://data.wa.gov/Transportation/Vehicle-Title-Transactions-by-Department-of-Licens/cdk6-5kdf
Yakima,2023-09-01,344,19,2,0,365,21,0.057534246575342465,https://data.wa.gov/Transportation/Vehicle-Title-Transactions-by-Department-of-Licens/cdk6-5kdf
Yakima,2023-10-01,346,12,6,0,364,18,0.04945054945054945,https://data.wa.gov/Transportation/Vehicle-Title-Transactions-by-Department-of-Licens/cdk6-5kdf
Yakima,2023-11-01,390,11,11,0,412,22,0.05339805825242718,https://data.wa.gov/Transportation/Vehicle-Title-Transactions-by-Department-of-Licens/cdk6-5kdf
Yakima,2023-12-01,415,17,4,0,436,21,0.0481651376146789,https://data.wa.gov/Transportation/Vehicle-Title-Transactions-by-Department-of-Licens/cdk6-5kdf
Yakima,2024-01-01,334,17,11,0,362,28,0.07734806629834254,https://data.wa.gov/Transportation/Vehicle-Title-Transactions-by-Department-of-Licens/cdk6-5kdf
Yakima,2024-02-01,320,14,10,0,344,24,0.06976744186046512,https://data.wa.gov/Transportation/Vehicle-Title-Transactions-by-Department-of-Licens/cdk6-5kdf
Yakima,2024-03-01,335,9,6,0,350,15,0.04285714285714286,https://data.wa.gov/Transportation/Vehicle-Title-Transactions-by-Department-of-Licens/cdk6-5kdf
Yakima,2024-04-01,326,13,6,0,345,19,0.05507246376811594,https://data.wa.gov/Transportation/Vehicle-Title-Transactions-by-Department-of-Licens/cdk6-5kdf
Yakima,2024-05-01,436,16,11,0,463,27,0.058315334773218146,https://data.wa.gov/Transportation/Vehicle-Title-Transactions-by-Department-of-Licens/cdk6-5kdf
Yakima,2024-06-01,315,18,4,0,337,22,0.06528189910979229,https://data.wa.gov/Transportation/Vehicle-Title-Transactions-by-Department-of-Licens/cdk6-5kdf
Yakima,2024-07-01,361,32,12,0,405,44,0.10864197530864197,https://data.wa.gov/Transportation/Vehicle-Title-Transactions-by-Department-of-Licens/cdk6-5kdf
Yakima,2024-08-01,413,19,11,0,443,30,0.06772009029345373,https://data.wa.gov/Transportation/Vehicle-Title-Transactions-by-Department-of-Licens/cdk6-5kdf
Yakima,2024-09-01,363,36,15,0,414,51,0.12318840579710146,https://data.wa.gov/Transportation/Vehicle-Title-Transactions-by-Department-of-Licens/cdk6-5kdf
Yakima,2024-10-01,378,22,11,0,411,33,0.08029197080291971,https://data.wa.gov/Transportation/Vehicle-Title-Transactions-by-Department-of-Licens/cdk6-5kdf
Yakima,2024-11-01,330,25,5,0,360,30,0.08333333333333333,https://data.wa.gov/Transportation/Vehicle-Title-Transactions-by-Department-of-Licens/cdk6-5kdf
Yakima,2024-12-01,401,24,6,0,431,30,0.06960556844547564,https://data.wa.gov/Transportation/Vehicle-Title-Transactions-by-Department-of-Licens/cdk6-5kdf
Yakima,2025-01-01,391,27,7,0,425,34,0.08,https://data.wa.gov/Transportation/Vehicle-Title-Transactions-by-Department-of-Licens/cdk6-5kdf
Yakima,2025-02-01,300,13,4,0,317,17,0.05362776025236593,https://data.wa.gov/Transportation/Vehicle-Title-Transactions-by-Department-of-Licens/cdk6-5kdf
Yakima,2025-03-01,365,19,8,0,392,27,0.06887755102040816,https://data.wa.gov/Transportation/Vehicle-Title-Transactions-by-Department-of-Licens/cdk6-5kdf
Yakima,2025-04-01,379,20,8,0,407,28,0.0687960687960688,https://data.wa.gov/Transportation/Vehicle-Title-Transactions-by-Department-of-Licens/cdk6-5kdf
Yakima,2025-05-01,334,12,7,0,353,19,0.053824362606232294,https://data.wa.gov/Transportation/Vehicle-Title-Transactions-by-Department-of-Licens/cdk6-5kdf
Yakima,2025-06-01,371,19,6,0,396,25,0.06313131313131314,https://data.wa.gov/Transportation/Vehicle-Title-Transactions-by-Department-of-Licens/cdk6-5kdf
Yakima,2025-07-01,401,19,4,0,424,23,0.054245283018867926,https://data.wa.gov/Transportation/Vehicle-Title-Transactions-by-Department-of-Licens/cdk6-5kdf
Yakima,2025-08-01,365,24,4,0,393,28,0.07124681933842239,https://data.wa.gov/Transportation/Vehicle-Title-Transactions-by-Department-of-Licens/cdk6-5kdf
Yakima,2025-09-01,367,23,5,0,395,28,0.07088607594936709,https://data.wa.gov/Transportation/Vehicle-Title-Transactions-by-Department-of-Licens/cdk6-5kdf
Yakima,2025-10-01,372,26,13,0,411,39,0.0948905109489051,https://data.wa.gov/Transportation/Vehicle-Title-Transactions-by-Department-of-Licens/cdk6-5kdf
Yakima,2025-11-01,244,12,7,0,263,19,0.07224334600760456,https://data.wa.gov/Transportation/Vehicle-Title-Transactions-by-Department-of-Licens/cdk6-5kdf
Yakima,2025-12-01,405,10,4,0,419,14,0.03341288782816229,https://data.wa.gov/Transportation/Vehicle-Title-Transactions-by-Department-of-Licens/cdk6-5kdf
Yakima,2026-01-01,393,8,3,0,404,11,0.027227722772277228,https://data.wa.gov/Transportation/Vehicle-Title-Transactions-by-Department-of-Licens/cdk6-5kdf
Yakima,2026-02-01,295,9,4,0,308,13,0.04220779220779221,https://data.wa.gov/Transportation/Vehicle-Title-Transactions-by-Department-of-Licens/cdk6-5kdf
Yakima,2026-03-01,329,16,0,0,345,16,0.0463768115942029,https://data.wa.gov/Transportation/Vehicle-Title-Transactions-by-Department-of-Licens/cdk6-5kdf
Yakima,2026-04-01,366,19,7,0,392,26,0.0663265306122449,https://data.wa.gov/Transportation/Vehicle-Title-Transactions-by-Department-of-Licens/cdk6-5kdf
Yakima,2026-05-01,335,24,8,0,367,32,0.08719346049046321,https://data.wa.gov/Transportation/Vehicle-Title-Transactions-by-Department-of-Licens/cdk6-5kdf
Yakima,2026-06-01,351,20,1,0,372,21,0.056451612903225805,https://data.wa.gov/Transportation/Vehicle-Title-Transactions-by-Department-of-Licens/cdk6-5kdf
